page,text
1,Precision Aging Network Data Dictionary
1,Carotid Ultrasound
1,Carotid_Ultrasound
1,Cognitive Function
1,AVLT
1,MindCrowd_Flanker_Scores
1,MindCrowd_Keep_Track_Scores
1,MindCrowd_Letter_Number_Scores
1,MindCrowd_Simple_and_Choice_Scores
1,MindCrowd_Verbal_Paired_Associates_Scores
1,MoCA
1,NAART
1,PHQ9
1,Demographics Biometrics and Health Intake
1,Biometrics Health_Intake
1,HML_Demographics HML_Eligibility
1,MindCrowd_Demographics
2,Non-Invasive Technologies
2,Cortisol GeMAPS LabFront_Garmin LIWC-22
2,UEF_Frailty
2,Labs & Biomarkers
2,AD_Plasma_Biomarkers APOE4
2,Epigenetic_Clocks Millipore_Cytokine_Assay
2,NULISAseq Polygenic_Risk_Scores
2,Sonora_Quest_Blood_Chemistries
2,MRI
2,MRI_Anatomic_Measures MRI_Diffusion_Imaging
2,MRI_Perfusion_ASL Resting_State_fMRI
2,Resting_State_fMRI_corticocereb Resting_State_fMRI_wholebrain
2,White_Matter_Hyperintensities
2,Raw Surveys
2,ADL_Survey Anxiety_Survey_Raw_Data
2,Brain_Disease_Survey Covid_Survey
2,Diet_Survey Family_History_Survey
2,Health_Medical_Survey Perceived_Stress_Raw_Data
2,QPAR_Survey_Raw_Data Sleep_Survey_Raw_Data
3,Social_Stressor_Raw_Data Social_Support_Raw_Data
3,Socioeconomic_Survey Subjective_English_Survey
3,SWLS_Survey_Raw_Data
3,Scored Surveys
3,HML_Scored_Surveys
3,Full MindCrowd Data
3,Full_MindCrowd_Data
3,ADL_Survey
3,↑
3,Fields: 27
3,hml_id
3,Description: HML ID
3,mindcrowd_id
3,Description: MindCrowd ID
3,adl_timestamp
3,Description: ADL Date timestamp
4,adl_v101
4,Description: Attend social gatherings at other people's houses.
4,"Field Options: 0- Never did this activity, 1- Still do this activity, 2- Stopped doing this"
4,"activity, 3- Stopped only due to COVID-19"
4,adl_v1010
4,Description: Work at a paid job position.
4,"Field Options: 0- Never did this activity, 1- Still do this activity, 2- Stopped doing this"
4,"activity, 3- Stopped only due to COVID-19"
4,adl_v1011
4,"Description: Participate in community activities (e.g. committees, associations)."
4,"Field Options: 0- Never did this activity, 1- Still do this activity, 2- Stopped doing this"
4,"activity, 3- Stopped only due to COVID-19"
4,adl_v1012_0
4,Description: Do you currently need assistance with any of the following activities? None
4,of the above
4,"Field Options: 0- No, 1- Yes"
4,adl_v1012_1
4,Description: Do you currently need assistance with any of the following activities?
4,Walking
4,"Field Options: 0- No, 1- Yes"
4,adl_v1012_10
4,Description: Do you currently need assistance with any of the following activities?
4,Laundry
4,"Field Options: 0- No, 1- Yes"
5,adl_v1012_11
5,Description: Do you currently need assistance with any of the following activities?
5,Medication
5,"Field Options: 0- No, 1- Yes"
5,adl_v1012_2
5,Description: Do you currently need assistance with any of the following activities?
5,Dressing
5,"Field Options: 0- No, 1- Yes"
5,adl_v1012_3
5,Description: Do you currently need assistance with any of the following activities? Bathing
5,"Field Options: 0- No, 1- Yes"
5,adl_v1012_4
5,Description: Do you currently need assistance with any of the following activities?
5,Toileting
5,"Field Options: 0- No, 1- Yes"
5,adl_v1012_5
5,Description: Do you currently need assistance with any of the following activities? Meal
5,preparation
5,"Field Options: 0- No, 1- Yes"
5,adl_v1012_6
5,Description: Do you currently need assistance with any of the following activities?
5,Finances/banking/paying bills
5,"Field Options: 0- No, 1- Yes"
6,adl_v1012_7
6,Description: Do you currently need assistance with any of the following activities? Using
6,the telephone
6,"Field Options: 0- No, 1- Yes"
6,adl_v1012_8
6,Description: Do you currently need assistance with any of the following activities?
6,Shopping
6,"Field Options: 0- No, 1- Yes"
6,adl_v1012_9
6,Description: Do you currently need assistance with any of the following activities?
6,Housekeeping
6,"Field Options: 0- No, 1- Yes"
6,adl_v102
6,Description: Hold social gatherings at your house.
6,"Field Options: 0- Never did this activity, 1- Still do this activity, 2- Stopped doing this"
6,"activity, 3- Stopped only due to COVID-19"
6,adl_v103
6,Description: Attend community activities.
6,"Field Options: 0- Never did this activity, 1- Still do this activity, 2- Stopped doing this"
6,"activity, 3- Stopped only due to COVID-19"
6,adl_v104
6,Description: Attend social gatherings.
6,"Field Options: 0- Never did this activity, 1- Still do this activity, 2- Stopped doing this"
6,"activity, 3- Stopped only due to COVID-19"
7,adl_v105
7,"Description: Attend cultural events (e.g. concerts, shows, exhibitions, theater)."
7,"Field Options: 0- Never did this activity, 1- Still do this activity, 2- Stopped doing this"
7,"activity, 3- Stopped only due to COVID-19"
7,adl_v106
7,Description: Drive a car.
7,"Field Options: 0- Never did this activity, 1- Still do this activity, 2- Stopped doing this"
7,"activity, 3- Stopped only due to COVID-19"
7,adl_v107
7,Description: Take short trips out of town.
7,"Field Options: 0- Never did this activity, 1- Still do this activity, 2- Stopped doing this"
7,"activity, 3- Stopped only due to COVID-19"
7,adl_v108
7,Description: Take longer trips out of town or the country.
7,"Field Options: 0- Never did this activity, 1- Still do this activity, 2- Stopped doing this"
7,"activity, 3- Stopped only due to COVID-19"
7,adl_v109
7,Description: Do volunteer work.
7,"Field Options: 0- Never did this activity, 1- Still do this activity, 2- Stopped doing this"
7,"activity, 3- Stopped only due to COVID-19"
7,visit
7,Description: Visit number; where visit = 1 indicates baseline visit and visit = 2 indicates
7,"the first follow-up visit two years after baseline visit.; 1 = Baseline, 2–n = Follow-up visits"
7,corresponding to Year 2 through Year n
8,AD_Plasma_Biomarkers
8,↑
8,Fields: 9
8,hml_id
8,Description: HML ID
8,mindcrowd_id
8,Description: MindCrowd ID
8,ab42_40
8,Description: Aβ42/Aβ40 ratio
8,abeta_40
8,Description: Amyloid-β 40
8,Unit: pg/ml
8,abeta_42
8,Description: Amyloid-β 42
8,Unit: pg/ml
8,gfap
8,Description: GFAP
8,Unit: pg/ml
8,nf_light
8,Description: Neurofilament light chain (NfL)
8,Unit: pg/ml
9,ptau_181
9,Description: p-tau 181
9,Unit: pg/ml
9,visit
9,Description: Visit number; where visit = 1 indicates baseline visit and visit = 2 indicates
9,"the first follow-up visit two years after baseline visit.; 1 = Baseline, 2–n = Follow-up visits"
9,corresponding to Year 2 through Year n
9,APOE4
9,↑
9,Fields: 6
9,hml_id
9,Description: HML ID
9,mindcrowd_id
9,Description: MindCrowd ID
9,apoe_status
9,Description: APOE Status
9,"Field Options: e2e2, e2e3, e2e4, e3e3, e3e4, e4e4"
9,rs429358
9,Description: rs429358
9,"Field Options: CC, CT, TT"
10,rs7412
10,Description: rs7412
10,"Field Options: CC, CT, TT"
10,visit
10,Description: Visit number; where visit = 1 indicates baseline visit and visit = 2 indicates
10,"the first follow-up visit two years after baseline visit.; 1 = Baseline, 2–n = Follow-up visits"
10,corresponding to Year 2 through Year n
10,AVLT
10,↑
10,Fields: 15
10,hml_id
10,Description: HML ID
10,mindcrowd_id
10,Description: MindCrowd ID
10,avlt_false_alarm_raw
10,Description: AVLT False Alarm
10,avlt_list_a_lot_raw
10,Description: AVLT Learning Over Time Score ((A1+A2+A3+A4+A5) - (5xA1))
10,avlt_list_a_raw
10,Description: AVLT List A Total Score (A1+A2+A3+A4+A5)
11,avlt_list_b_raw
11,Description: AVLT List B Total Score
11,avlt_recognition_raw
11,Description: AVLT Recognition Score
11,avlt_trial_a1_raw
11,Description: AVLT Trial A1 Score
11,avlt_trial_a2_raw
11,Description: AVLT Trial A2 Total Correct
11,avlt_trial_a3_raw
11,Description: AVLT Trial A3 Total Correct
11,avlt_trial_a4_raw
11,Description: AVLT Trial A4 Total Correct
11,avlt_trial_a5_raw
11,Description: AVLT Trial A5 Total Correct
11,avlt_trial_a6_raw
11,Description: AVLT Trial 6 (Short Delay Recall)
11,avlt_trial_a7_raw
11,Description: AVLT Trial 7 (Long Delay Recall)
12,visit
12,Description: Visit number; where visit = 1 indicates baseline visit and visit = 2 indicates
12,"the first follow-up visit two years after baseline visit.; 1 = Baseline, 2–n = Follow-up visits"
12,corresponding to Year 2 through Year n
12,Anxiety_Survey_Raw_Data
12,↑
12,Fields: 38
12,hml_id
12,Description: HML ID
12,mindcrowd_id
12,Description: MindCrowd ID
12,anx_timestamp
12,Description: Anxiety Date timestamp
12,anx_v101
12,Description: Anxiety (Intensity)
12,"Field Options: 0- None, 1- Mild, 2- Mild, 3- Mild, 4- Moderate, 5- Moderate, 6-"
12,"Moderate, 7- Severe, 8- Severe, 9- Severe, 10- Extreme Distress"
12,anx_v1010
12,Description: Muscle Tension or Tightness (Frequency)
12,"Field Options: 0- Never, 1- Occasionally, 2- Occasionally, 3- Occasionally, 4- Often,"
12,"5- Often, 6- Often, 7- Usually, 8- Usually, 9- Usually, 10- All the Time"
13,anx_v1011
13,Description: Trouble Relaxing (Intensity)
13,"Field Options: 0- None, 1- Mild, 2- Mild, 3- Mild, 4- Moderate, 5- Moderate, 6-"
13,"Moderate, 7- Severe, 8- Severe, 9- Severe, 10- Extreme Distress"
13,anx_v1012
13,Description: Trouble Relaxing (Frequency)
13,"Field Options: 0- Never, 1- Occasionally, 2- Occasionally, 3- Occasionally, 4- Often,"
13,"5- Often, 6- Often, 7- Usually, 8- Usually, 9- Usually, 10- All the Time"
13,anx_v1013
13,Description: Trouble Falling or Staying Asleep (Rate the mose troublesome symptom)
13,(Intensity)
13,"Field Options: 0- None, 1- Mild, 2- Mild, 3- Mild, 4- Moderate, 5- Moderate, 6-"
13,"Moderate, 7- Severe, 8- Severe, 9- Severe, 10- Extreme Distress"
13,anx_v1014
13,Description: Trouble Falling or Staying Asleep (Rate the mose troublesome symptom)
13,(Frequency)
13,"Field Options: 0- Never, 1- Occasionally, 2- Occasionally, 3- Occasionally, 4- Often,"
13,"5- Often, 6- Often, 7- Usually, 8- Usually, 9- Usually, 10- All the Time"
13,anx_v1015
13,Description: Fatigue or Lack of Energy (Intensity)
13,"Field Options: 0- None, 1- Mild, 2- Mild, 3- Mild, 4- Moderate, 5- Moderate, 6-"
13,"Moderate, 7- Severe, 8- Severe, 9- Severe, 10- Extreme Distress"
13,anx_v1016
13,Description: Fatigue or Lack of Energy (Frequency)
13,"Field Options: 0- Never, 1- Occasionally, 2- Occasionally, 3- Occasionally, 4- Often,"
13,"5- Often, 6- Often, 7- Usually, 8- Usually, 9- Usually, 10- All the Time"
14,anx_v1017
14,Description: Problems with Concentration or Attention (Intensity)
14,"Field Options: 0- None, 1- Mild, 2- Mild, 3- Mild, 4- Moderate, 5- Moderate, 6-"
14,"Moderate, 7- Severe, 8- Severe, 9- Severe, 10- Extreme Distress"
14,anx_v1018
14,Description: Problems with Concentration or Attention (Frequency)
14,"Field Options: 0- Never, 1- Occasionally, 2- Occasionally, 3- Occasionally, 4- Often,"
14,"5- Often, 6- Often, 7- Usually, 8- Usually, 9- Usually, 10- All the Time"
14,anx_v1019
14,Description: Trouble Remembering Things (Intensity)
14,"Field Options: 0- None, 1- Mild, 2- Mild, 3- Mild, 4- Moderate, 5- Moderate, 6-"
14,"Moderate, 7- Severe, 8- Severe, 9- Severe, 10- Extreme Distress"
14,anx_v102
14,Description: Anxiety (Frequency)
14,"Field Options: 0- Never, 1- Occasionally, 2- Occasionally, 3- Occasionally, 4- Often,"
14,"5- Often, 6- Often, 7- Usually, 8- Usually, 9- Usually, 10- All the Time"
14,anx_v1020
14,Description: Trouble Remembering Things (Frequency)
14,"Field Options: 0- Never, 1- Occasionally, 2- Occasionally, 3- Occasionally, 4- Often,"
14,"5- Often, 6- Often, 7- Usually, 8- Usually, 9- Usually, 10- All the Time"
14,anx_v1021
14,"Description: Shortness of Breath, Chest Tightness or Pain, Pounding/Skipping/Racing"
14,Heartbeat (Rate the most troublesome symptom) (Intensity)
14,"Field Options: 0- None, 1- Mild, 2- Mild, 3- Mild, 4- Moderate, 5- Moderate, 6-"
14,"Moderate, 7- Severe, 8- Severe, 9- Severe, 10- Extreme Distress"
15,anx_v1022
15,"Description: Shortness of Breath, Chest Tightness or Pain, Pounding/Skipping/Racing"
15,Heartbeat (Rate the most troublesome symptom) (Frequency)
15,"Field Options: 0- Never, 1- Occasionally, 2- Occasionally, 3- Occasionally, 4- Often,"
15,"5- Often, 6- Often, 7- Usually, 8- Usually, 9- Usually, 10- All the Time"
15,anx_v1023
15,"Description: Stomach Upset, Nausea, Constipation, Diarrhea, or Irritable Bowels (Rate"
15,the most troublesome symptom) (Intensity)
15,"Field Options: 0- None, 1- Mild, 2- Mild, 3- Mild, 4- Moderate, 5- Moderate, 6-"
15,"Moderate, 7- Severe, 8- Severe, 9- Severe, 10- Extreme Distress"
15,anx_v1024
15,"Description: Stomach Upset, Nausea, Constipation, Diarrhea, or Irritable Bowels (Rate"
15,the most troublesome symptom) (Frequency)
15,"Field Options: 0- Never, 1- Occasionally, 2- Occasionally, 3- Occasionally, 4- Often,"
15,"5- Often, 6- Often, 7- Usually, 8- Usually, 9- Usually, 10- All the Time"
15,anx_v1025
15,"Description: Dizziness, Lightheadedness, Headaches, Trembling or Shakiness (Rate the"
15,most troublesome symptom) (Intensity)
15,"Field Options: 0- None, 1- Mild, 2- Mild, 3- Mild, 4- Moderate, 5- Moderate, 6-"
15,"Moderate, 7- Severe, 8- Severe, 9- Severe, 10- Extreme Distress"
15,anx_v1026
15,"Description: Dizziness, Lightheadedness, Headaches, Trembling or Shakiness (Rate the"
15,most troublesome symptom) (Frequency)
15,"Field Options: 0- Never, 1- Occasionally, 2- Occasionally, 3- Occasionally, 4- Often,"
15,"5- Often, 6- Often, 7- Usually, 8- Usually, 9- Usually, 10- All the Time"
16,anx_v1027
16,"Description: Numbness, Tingling, Excessive Sweating, Flushing, or Frequent Urination"
16,(Rate the most troublesome symptom) (Intensity)
16,"Field Options: 0- None, 1- Mild, 2- Mild, 3- Mild, 4- Moderate, 5- Moderate, 6-"
16,"Moderate, 7- Severe, 8- Severe, 9- Severe, 10- Extreme Distress"
16,anx_v1028
16,"Description: Numbness, Tingling, Excessive Sweating, Flushing, or Frequent Urination"
16,(Rate the most troublesome symptom) (Frequency)
16,"Field Options: 0- Never, 1- Occasionally, 2- Occasionally, 3- Occasionally, 4- Often,"
16,"5- Often, 6- Often, 7- Usually, 8- Usually, 9- Usually, 10- All the Time"
16,anx_v1029
16,"Description: Feeling Restless, Keyed Up, or On Edge (Intensity)"
16,"Field Options: 0- None, 1- Mild, 2- Mild, 3- Mild, 4- Moderate, 5- Moderate, 6-"
16,"Moderate, 7- Severe, 8- Severe, 9- Severe, 10- Extreme Distress"
16,anx_v103
16,Description: Nervousness (Intensity)
16,"Field Options: 0- None, 1- Mild, 2- Mild, 3- Mild, 4- Moderate, 5- Moderate, 6-"
16,"Moderate, 7- Severe, 8- Severe, 9- Severe, 10- Extreme Distress"
16,anx_v1030
16,"Description: Feeling Restless, Keyed Up, or On Edge (Frequency)"
16,"Field Options: 0- Never, 1- Occasionally, 2- Occasionally, 3- Occasionally, 4- Often,"
16,"5- Often, 6- Often, 7- Usually, 8- Usually, 9- Usually, 10- All the Time"
16,anx_v1031
16,Description: Anticipating or Feeling Something Bad Might Happen (Intensity)
16,"Field Options: 0- None, 1- Mild, 2- Mild, 3- Mild, 4- Moderate, 5- Moderate, 6-"
16,"Moderate, 7- Severe, 8- Severe, 9- Severe, 10- Extreme Distress"
17,anx_v1032
17,Description: Anticipating or Feeling Something Bad Might Happen (Frequency)
17,"Field Options: 0- Never, 1- Occasionally, 2- Occasionally, 3- Occasionally, 4- Often,"
17,"5- Often, 6- Often, 7- Usually, 8- Usually, 9- Usually, 10- All the Time"
17,anx_v1033
17,"Description: Trouble Functioning at Home, Work, or Socially Due to Anxiety (Rate the"
17,most troublesome symptom) (Intensity)
17,"Field Options: 0- None, 1- Mild, 2- Mild, 3- Mild, 4- Moderate, 5- Moderate, 6-"
17,"Moderate, 7- Severe, 8- Severe, 9- Severe, 10- Extreme Distress"
17,anx_v1034
17,"Description: Trouble Functioning at Home, Work, or Socially Due to Anxiety (Rate the"
17,most troublesome symptom) (Frequency)
17,"Field Options: 0- Never, 1- Occasionally, 2- Occasionally, 3- Occasionally, 4- Often,"
17,"5- Often, 6- Often, 7- Usually, 8- Usually, 9- Usually, 10- All the Time"
17,anx_v104
17,Description: Nervousness (Frequency)
17,"Field Options: 0- Never, 1- Occasionally, 2- Occasionally, 3- Occasionally, 4- Often,"
17,"5- Often, 6- Often, 7- Usually, 8- Usually, 9- Usually, 10- All the Time"
17,anx_v105
17,Description: Worrying (Intensity)
17,"Field Options: 0- None, 1- Mild, 2- Mild, 3- Mild, 4- Moderate, 5- Moderate, 6-"
17,"Moderate, 7- Severe, 8- Severe, 9- Severe, 10- Extreme Distress"
17,anx_v106
17,Description: Worrying (Frequency)
17,"Field Options: 0- Never, 1- Occasionally, 2- Occasionally, 3- Occasionally, 4- Often,"
17,"5- Often, 6- Often, 7- Usually, 8- Usually, 9- Usually, 10- All the Time"
18,anx_v107
18,Description: Irritability (Intensity)
18,"Field Options: 0- None, 1- Mild, 2- Mild, 3- Mild, 4- Moderate, 5- Moderate, 6-"
18,"Moderate, 7- Severe, 8- Severe, 9- Severe, 10- Extreme Distress"
18,anx_v108
18,Description: Irritability (Frequency)
18,"Field Options: 0- Never, 1- Occasionally, 2- Occasionally, 3- Occasionally, 4- Often,"
18,"5- Often, 6- Often, 7- Usually, 8- Usually, 9- Usually, 10- All the Time"
18,anx_v109
18,Description: Muscle Tension or Tightness (Intensity)
18,"Field Options: 0- None, 1- Mild, 2- Mild, 3- Mild, 4- Moderate, 5- Moderate, 6-"
18,"Moderate, 7- Severe, 8- Severe, 9- Severe, 10- Extreme Distress"
18,visit
18,Description: Visit number; where visit = 1 indicates baseline visit and visit = 2 indicates
18,"the first follow-up visit two years after baseline visit.; 1 = Baseline, 2–n = Follow-up visits"
18,corresponding to Year 2 through Year n
18,Biometrics
18,↑
18,Fields: 33
18,hml_id
18,Description: HML ID
18,mindcrowd_id
18,Description: MindCrowd ID
19,bio_completed_by_date
19,Description: Completed by Date:
19,bio_height
19,Description: Height (inches)
19,Unit: in
19,bio_height_ft
19,Description: Height (feet)
19,Unit: ft
19,bio_height_in
19,Description: Height (inches)
19,Unit: in
19,bio_weight
19,Description: Weight
19,Unit: lbs
19,bmr
19,Description: Basal Metabolic Rate
19,body_fat
19,Description: Percent Body Fat
19,Unit: %
20,body_water
20,Description: Percent Body Water
20,Unit: %
20,bone_mass
20,Description: Bone Mass
20,bp_l_diastolic_1
20,Description: 1st recording blood pressure left arm (diastolic mm Hg)
20,Unit: mmHg
20,bp_l_diastolic_2
20,Description: 2nd recording blood pressure left arm (diastolic mm Hg)
20,Unit: mmHg
20,bp_l_m_diastolic
20,Description: Average Left Arm blood pressure mean (diastolic mm Hg)
20,Unit: mmHg
20,bp_l_m_systolic
20,Description: Average Left Arm blood pressure mean (systolic mm Hg)
20,Unit: mmHg
20,bp_l_systolic_1
20,Description: 1st recording blood pressure left arm (systolic mm Hg)
20,Unit: mmHg
21,bp_l_systolic_2
21,Description: 2nd recording blood pressure left arm (systolic mm Hg)
21,Unit: mmHg
21,bp_r_diastolic_1
21,Description: 1st recording blood pressure right arm (diastolic mm Hg)
21,Unit: mmHg
21,bp_r_diastolic_2
21,Description: 2nd recording blood pressure right arm (diastolic mm Hg)
21,Unit: mmHg
21,bp_r_m_diastolic
21,Description: Average Right Arm blood pressure mean (diastolic mm Hg)
21,Unit: mmHg
21,bp_r_m_systolic
21,Description: Average Right Arm blood pressure mean (systolic mm Hg)
21,Unit: mmHg
21,bp_r_systolic_1
21,Description: 1st recording blood pressure right arm (systolic mm Hg)
21,Unit: mmHg
21,bp_r_systolic_2
21,Description: 2nd recording blood pressure right arm (systolic mm Hg)
21,Unit: mmHg
22,hip_circum
22,Description: Hip Circumference (inches)
22,Unit: in
22,met_age
22,Description: Metabolic Age (yrs)
22,Unit: yrs
22,muscle_mass
22,Description: Muscle Mass
22,physique_rating
22,Description: Physical Fitneses Rating (1-9)
22,pulse
22,Description: Pulse (Heart rate)
22,sp02
22,Description: Sp02
22,Unit: %
22,visceral_fat
22,Description: Visceral Fat
22,visit
22,Description: Visit number; where visit = 1 indicates baseline visit and visit = 2 indicates
22,"the first follow-up visit two years after baseline visit.; 1 = Baseline, 2–n = Follow-up visits"
22,corresponding to Year 2 through Year n
23,waist_circum
23,Description: Waist Circumference (inches)
23,Unit: in
23,waist_hip_ratio
23,Description: Waist-to-Hip ratio
23,Brain_Disease_Survey
23,↑
23,Fields: 441
23,hml_id
23,Description: HML ID
23,mindcrowd_id
23,Description: MindCrowd Participant ID
23,bd_timestamp
23,Description: Brain Disease survey timestamp
23,bd_v1010_0
23,Description: No history of Batten Disease
23,"Field Options: 0- No, 1- Yes"
23,bd_v1010_1
23,Description: Participant has history of Batten Disease
23,"Field Options: 0- No, 1- Yes"
24,bd_v1010_2
24,Description: Biological Mother has history of Batten Disease
24,"Field Options: 0- No, 1- Yes"
24,bd_v1010_3
24,Description: Biological Father has history of Batten Disease
24,"Field Options: 0- No, 1- Yes"
24,bd_v1010_4
24,Description: Biological Sibling has history of Batten Disease
24,"Field Options: 0- No, 1- Yes"
24,bd_v1010_5
24,Description: Unknown or not aware of history of Batten Disease
24,"Field Options: 0- No, 1- Yes"
24,bd_v1011_0
24,Description: No history of Bechet's Disease
24,"Field Options: 0- No, 1- Yes"
24,bd_v1011_1
24,Description: Participant has history of Bechet's Disease
24,"Field Options: 0- No, 1- Yes"
24,bd_v1011_2
24,Description: Biological Mother has history of Bechet's Disease
24,"Field Options: 0- No, 1- Yes"
25,bd_v1011_3
25,Description: Biological Father has history of Bechet's Disease
25,"Field Options: 0- No, 1- Yes"
25,bd_v1011_4
25,Description: Biological Sibling has history of Bechet's Disease
25,"Field Options: 0- No, 1- Yes"
25,bd_v1011_5
25,Description: Unknown or not aware of history of Bechet's Disease
25,"Field Options: 0- No, 1- Yes"
25,bd_v1012_0
25,Description: No history of Bipolar Disorder (BPD)
25,"Field Options: 0- No, 1- Yes"
25,bd_v1012_1
25,Description: Participant has history of Bipolar Disorder (BPD)
25,"Field Options: 0- No, 1- Yes"
25,bd_v1012_2
25,Description: Biological Mother has history of Bipolar Disorder (BPD)
25,"Field Options: 0- No, 1- Yes"
25,bd_v1012_3
25,Description: Biological Father has history of Bipolar Disorder (BPD)
25,"Field Options: 0- No, 1- Yes"
26,bd_v1012_4
26,Description: Biological Sibling has history of Bipolar Disorder (BPD)
26,"Field Options: 0- No, 1- Yes"
26,bd_v1012_5
26,Description: Unknown or not aware of history of Bipolar Disorder (BPD)
26,"Field Options: 0- No, 1- Yes"
26,bd_v1013_0
26,Description: No history of Brain Tumor or Brain Cancer
26,"Field Options: 0- No, 1- Yes"
26,bd_v1013_1
26,Description: Participant has history of Brain Tumor or Brain Cancer
26,"Field Options: 0- No, 1- Yes"
26,bd_v1013_2
26,Description: Biological Mother has history of Brain Tumor or Brain Cancer
26,"Field Options: 0- No, 1- Yes"
26,bd_v1013_3
26,Description: Biological Father has history of Brain Tumor or Brain Cancer
26,"Field Options: 0- No, 1- Yes"
26,bd_v1013_4
26,Description: Biological Sibling has history of Brain Tumor or Brain Cancer
26,"Field Options: 0- No, 1- Yes"
27,bd_v1013_5
27,Description: Unknown or not aware of history of Brain Tumor or Brain Cancer
27,"Field Options: 0- No, 1- Yes"
27,bd_v1014_0
27,Description: No history of Bulimia
27,"Field Options: 0- No, 1- Yes"
27,bd_v1014_1
27,Description: Participant has history of Bulimia
27,"Field Options: 0- No, 1- Yes"
27,bd_v1014_2
27,Description: Biological Mother has history of Bulimia
27,"Field Options: 0- No, 1- Yes"
27,bd_v1014_3
27,Description: Biological Father has history of Bulimia
27,"Field Options: 0- No, 1- Yes"
27,bd_v1014_4
27,Description: Biological Sibling has history of Bulimia
27,"Field Options: 0- No, 1- Yes"
27,bd_v1014_5
27,Description: Unknown or not aware of history of Bulimia
27,"Field Options: 0- No, 1- Yes"
28,bd_v1015_0
28,Description: No history of Chiari Malformation
28,"Field Options: 0- No, 1- Yes"
28,bd_v1015_1
28,Description: Participant has history of Chiari Malformation
28,"Field Options: 0- No, 1- Yes"
28,bd_v1015_2
28,Description: Biological Mother has history of Chiari Malformation
28,"Field Options: 0- No, 1- Yes"
28,bd_v1015_3
28,Description: Biological Father has history of Chiari Malformation
28,"Field Options: 0- No, 1- Yes"
28,bd_v1015_4
28,Description: Biological Sibling has history of Chiari Malformation
28,"Field Options: 0- No, 1- Yes"
28,bd_v1015_5
28,Description: Unknown or not aware of history of Chiari Malformation
28,"Field Options: 0- No, 1- Yes"
28,bd_v1016_0
28,Description: No history of Chronic Inflammatory Demyelinating
28,"Field Options: 0- No, 1- Yes"
29,bd_v1016_1
29,Description: Participant has history of Chronic Inflammatory Demyelinating
29,"Field Options: 0- No, 1- Yes"
29,bd_v1016_2
29,Description: Biological Mother has history of Chronic Inflammatory Demyelinating
29,"Field Options: 0- No, 1- Yes"
29,bd_v1016_3
29,Description: Biological Father has history of Chronic Inflammatory Demyelinating
29,"Field Options: 0- No, 1- Yes"
29,bd_v1016_4
29,Description: Biological Sibling has history of Chronic Inflammatory Demyelinating
29,"Field Options: 0- No, 1- Yes"
29,bd_v1016_5
29,Description: Unknown or not aware of history of Chronic Inflammatory Demyelinating
29,"Field Options: 0- No, 1- Yes"
29,bd_v1017_0
29,Description: No history of Cluster Headache
29,"Field Options: 0- No, 1- Yes"
29,bd_v1017_1
29,Description: Participant has history of Cluster Headache
29,"Field Options: 0- No, 1- Yes"
30,bd_v1017_2
30,Description: Biological Mother has history of Cluster Headache
30,"Field Options: 0- No, 1- Yes"
30,bd_v1017_3
30,Description: Biological Father has history of Cluster Headache
30,"Field Options: 0- No, 1- Yes"
30,bd_v1017_4
30,Description: Biological Sibling has history of Cluster Headache
30,"Field Options: 0- No, 1- Yes"
30,bd_v1017_5
30,Description: Unknown or not aware of history of Cluster Headache
30,"Field Options: 0- No, 1- Yes"
30,bd_v1018_0
30,Description: No history of Concussion
30,"Field Options: 0- No, 1- Yes"
30,bd_v1018_1
30,Description: Participant has history of Concussion
30,"Field Options: 0- No, 1- Yes"
30,bd_v1018_2
30,Description: Biological Mother has history of Concussion
30,"Field Options: 0- No, 1- Yes"
31,bd_v1018_3
31,Description: Biological Father has history of Concussion
31,"Field Options: 0- No, 1- Yes"
31,bd_v1018_4
31,Description: Biological Sibling has history of Concussion
31,"Field Options: 0- No, 1- Yes"
31,bd_v1018_5
31,Description: Unknown or not aware of history of Concussion
31,"Field Options: 0- No, 1- Yes"
31,bd_v1019_0
31,Description: No history of Creutzfeldt Jakob Disease (CJD)
31,"Field Options: 0- No, 1- Yes"
31,bd_v1019_1
31,Description: Participant has history of Creutzfeldt Jakob Disease (CJD)
31,"Field Options: 0- No, 1- Yes"
31,bd_v1019_2
31,Description: Biological Mother has history of Creutzfeldt Jakob Disease (CJD)
31,"Field Options: 0- No, 1- Yes"
31,bd_v1019_3
31,Description: Biological Father has history of Creutzfeldt Jakob Disease (CJD)
31,"Field Options: 0- No, 1- Yes"
32,bd_v1019_4
32,Description: Biological Sibling has history of Creutzfeldt Jakob Disease (CJD)
32,"Field Options: 0- No, 1- Yes"
32,bd_v1019_5
32,Description: Unknown or not aware of history of Creutzfeldt Jakob Disease (CJD)
32,"Field Options: 0- No, 1- Yes"
32,bd_v101_0
32,Description: No history of Addiction
32,"Field Options: 0- No, 1- Yes"
32,bd_v101_1
32,Description: Participant has history of Addiction
32,"Field Options: 0- No, 1- Yes"
32,bd_v101_2
32,Description: Biological Mother has history of Addiction
32,"Field Options: 0- No, 1- Yes"
32,bd_v101_3
32,Description: Biological Father has history of Addiction
32,"Field Options: 0- No, 1- Yes"
32,bd_v101_4
32,Description: Biological Sibling has history of Addiction
32,"Field Options: 0- No, 1- Yes"
33,bd_v101_5
33,Description: Unknown or not aware of history of Addiction
33,"Field Options: 0- No, 1- Yes"
33,bd_v1020_0
33,Description: No history of Dementia (Non-Azheimer type)
33,"Field Options: 0- No, 1- Yes"
33,bd_v1020_1
33,Description: Participant has history of Dementia (Non-Azheimer type)
33,"Field Options: 0- No, 1- Yes"
33,bd_v1020_2
33,Description: Biological Mother has history of Dementia (Non-Azheimer type)
33,"Field Options: 0- No, 1- Yes"
33,bd_v1020_3
33,Description: Biological Father has history of Dementia (Non-Azheimer type)
33,"Field Options: 0- No, 1- Yes"
33,bd_v1020_4
33,Description: Biological Sibling has history of Dementia (Non-Azheimer type)
33,"Field Options: 0- No, 1- Yes"
33,bd_v1020_5
33,Description: Unknown or not aware of history of Dementia (Non-Azheimer type)
33,"Field Options: 0- No, 1- Yes"
34,bd_v1021_0
34,Description: No history of Depression
34,"Field Options: 0- No, 1- Yes"
34,bd_v1021_1
34,Description: Participant has history of Depression
34,"Field Options: 0- No, 1- Yes"
34,bd_v1021_2
34,Description: Biological Mother has history of Depression
34,"Field Options: 0- No, 1- Yes"
34,bd_v1021_3
34,Description: Biological Father has history of Depression
34,"Field Options: 0- No, 1- Yes"
34,bd_v1021_4
34,Description: Biological Sibling has history of Depression
34,"Field Options: 0- No, 1- Yes"
34,bd_v1021_5
34,Description: Unknown or not aware of history of Depression
34,"Field Options: 0- No, 1- Yes"
34,bd_v1022_0
34,Description: No history of Down Syndrome
34,"Field Options: 0- No, 1- Yes"
35,bd_v1022_1
35,Description: Participant has history of Down Syndrome
35,"Field Options: 0- No, 1- Yes"
35,bd_v1022_2
35,Description: Biological Mother has history of Down Syndrome
35,"Field Options: 0- No, 1- Yes"
35,bd_v1022_3
35,Description: Biological Father has history of Down Syndrome
35,"Field Options: 0- No, 1- Yes"
35,bd_v1022_4
35,Description: Biological Sibling has history of Down Syndrome
35,"Field Options: 0- No, 1- Yes"
35,bd_v1022_5
35,Description: Unknown or not aware of history of Down Syndrome
35,"Field Options: 0- No, 1- Yes"
35,bd_v1023_0
35,Description: No history of Dyslexia
35,"Field Options: 0- No, 1- Yes"
35,bd_v1023_1
35,Description: Participant has history of Dyslexia
35,"Field Options: 0- No, 1- Yes"
36,bd_v1023_2
36,Description: Biological Mother has history of Dyslexia
36,"Field Options: 0- No, 1- Yes"
36,bd_v1023_3
36,Description: Biological Father has history of Dyslexia
36,"Field Options: 0- No, 1- Yes"
36,bd_v1023_4
36,Description: Biological Sibling has history of Dyslexia
36,"Field Options: 0- No, 1- Yes"
36,bd_v1023_5
36,Description: Unknown or not aware of history of Dyslexia
36,"Field Options: 0- No, 1- Yes"
36,bd_v1024_0
36,Description: No history of Dyspraxia
36,"Field Options: 0- No, 1- Yes"
36,bd_v1024_1
36,Description: Participant has history of Dyspraxia
36,"Field Options: 0- No, 1- Yes"
36,bd_v1024_2
36,Description: Biological Mother has history of Dyspraxia
36,"Field Options: 0- No, 1- Yes"
37,bd_v1024_3
37,Description: Biological Father has history of Dyspraxia
37,"Field Options: 0- No, 1- Yes"
37,bd_v1024_4
37,Description: Biological Sibling has history of Dyspraxia
37,"Field Options: 0- No, 1- Yes"
37,bd_v1024_5
37,Description: Unknown or not aware of history of Dyspraxia
37,"Field Options: 0- No, 1- Yes"
37,bd_v1025_0
37,Description: No history of Dystonia
37,"Field Options: 0- No, 1- Yes"
37,bd_v1025_1
37,Description: Participant has history of Dystonia
37,"Field Options: 0- No, 1- Yes"
37,bd_v1025_2
37,Description: Biological Mother has history of Dystonia
37,"Field Options: 0- No, 1- Yes"
37,bd_v1025_3
37,Description: Biological Father has history of Dystonia
37,"Field Options: 0- No, 1- Yes"
38,bd_v1025_4
38,Description: Biological Sibling has history of Dystonia
38,"Field Options: 0- No, 1- Yes"
38,bd_v1025_5
38,Description: Unknown or not aware of history of Dystonia
38,"Field Options: 0- No, 1- Yes"
38,bd_v1026_0
38,Description: No history of Encephalitis
38,"Field Options: 0- No, 1- Yes"
38,bd_v1026_1
38,Description: Participant has history of Encephalitis
38,"Field Options: 0- No, 1- Yes"
38,bd_v1026_2
38,Description: Biological Mother has history of Encephalitis
38,"Field Options: 0- No, 1- Yes"
38,bd_v1026_3
38,Description: Biological Father has history of Encephalitis
38,"Field Options: 0- No, 1- Yes"
38,bd_v1026_4
38,Description: Biological Sibling has history of Encephalitis
38,"Field Options: 0- No, 1- Yes"
39,bd_v1026_5
39,Description: Unknown or not aware of history of Encephalitis
39,"Field Options: 0- No, 1- Yes"
39,bd_v1027_0
39,Description: No history of Epilepsy / Seizures
39,"Field Options: 0- No, 1- Yes"
39,bd_v1027_1
39,Description: Participant has history of Epilepsy / Seizures
39,"Field Options: 0- No, 1- Yes"
39,bd_v1027_2
39,Description: Biological Mother has history of Epilepsy / Seizures
39,"Field Options: 0- No, 1- Yes"
39,bd_v1027_3
39,Description: Biological Father has history of Epilepsy / Seizures
39,"Field Options: 0- No, 1- Yes"
39,bd_v1027_4
39,Description: Biological Sibling has history of Epilepsy / Seizures
39,"Field Options: 0- No, 1- Yes"
39,bd_v1027_5
39,Description: Unknown or not aware of history of Epilepsy / Seizures
39,"Field Options: 0- No, 1- Yes"
40,bd_v1028_0
40,Description: No history of Essential Tremor
40,"Field Options: 0- No, 1- Yes"
40,bd_v1028_1
40,Description: Participant has history of Essential Tremor
40,"Field Options: 0- No, 1- Yes"
40,bd_v1028_2
40,Description: Biological Mother has history of Essential Tremor
40,"Field Options: 0- No, 1- Yes"
40,bd_v1028_3
40,Description: Biological Father has history of Essential Tremor
40,"Field Options: 0- No, 1- Yes"
40,bd_v1028_4
40,Description: Biological Sibling has history of Essential Tremor
40,"Field Options: 0- No, 1- Yes"
40,bd_v1028_5
40,Description: Unknown or not aware of history of Essential Tremor
40,"Field Options: 0- No, 1- Yes"
40,bd_v1029_0
40,Description: No history of Friedreich's Ataxia
40,"Field Options: 0- No, 1- Yes"
41,bd_v1029_1
41,Description: Participant has history of Friedreich's Ataxia
41,"Field Options: 0- No, 1- Yes"
41,bd_v1029_2
41,Description: Biological Mother has history of Friedreich's Ataxia
41,"Field Options: 0- No, 1- Yes"
41,bd_v1029_3
41,Description: Biological Father has history of Friedreich's Ataxia
41,"Field Options: 0- No, 1- Yes"
41,bd_v1029_4
41,Description: Biological Sibling has history of Friedreich's Ataxia
41,"Field Options: 0- No, 1- Yes"
41,bd_v1029_5
41,Description: Unknown or not aware of history of Friedreich's Ataxia
41,"Field Options: 0- No, 1- Yes"
41,bd_v102_0
41,Description: No history of Alzheimer's Disease (AD)
41,"Field Options: 0- No, 1- Yes"
41,bd_v102_1
41,Description: Participant has history of Alzheimer's Disease (AD)
41,"Field Options: 0- No, 1- Yes"
42,bd_v102_2
42,Description: Biological Mother has history of Alzheimer's Disease (AD)
42,"Field Options: 0- No, 1- Yes"
42,bd_v102_3
42,Description: Biological Father has history of Alzheimer's Disease (AD)
42,"Field Options: 0- No, 1- Yes"
42,bd_v102_4
42,Description: Biological Sibling has history of Alzheimer's Disease (AD)
42,"Field Options: 0- No, 1- Yes"
42,bd_v102_5
42,Description: Unknown or not aware of history of Alzheimer's Disease (AD)
42,"Field Options: 0- No, 1- Yes"
42,bd_v1030_0
42,Description: No history of Gaucher Disease
42,"Field Options: 0- No, 1- Yes"
42,bd_v1030_1
42,Description: Participant has history of Gaucher Disease
42,"Field Options: 0- No, 1- Yes"
42,bd_v1030_2
42,Description: Biological Mother has history of Gaucher Disease
42,"Field Options: 0- No, 1- Yes"
43,bd_v1030_3
43,Description: Biological Father has history of Gaucher Disease
43,"Field Options: 0- No, 1- Yes"
43,bd_v1030_4
43,Description: Biological Sibling has history of Gaucher Disease
43,"Field Options: 0- No, 1- Yes"
43,bd_v1030_5
43,Description: Unknown or not aware of history of Gaucher Disease
43,"Field Options: 0- No, 1- Yes"
43,bd_v1031_0
43,Description: No history of Generalized Anxiety Disorder
43,"Field Options: 0- No, 1- Yes"
43,bd_v1031_1
43,Description: Participant has history of Generalized Anxiety Disorder
43,"Field Options: 0- No, 1- Yes"
43,bd_v1031_2
43,Description: Biological Mother has history of Generalized Anxiety Disorder
43,"Field Options: 0- No, 1- Yes"
43,bd_v1031_3
43,Description: Biological Father has history of Generalized Anxiety Disorder
43,"Field Options: 0- No, 1- Yes"
44,bd_v1031_4
44,Description: Biological Sibling has history of Generalized Anxiety Disorder
44,"Field Options: 0- No, 1- Yes"
44,bd_v1031_5
44,Description: Unknown or not aware of history of Generalized Anxiety Disorder
44,"Field Options: 0- No, 1- Yes"
44,bd_v1032_0
44,Description: No history of Guillain-Barre Syndrome
44,"Field Options: 0- No, 1- Yes"
44,bd_v1032_1
44,Description: Participant has history of Guillain-Barre Syndrome
44,"Field Options: 0- No, 1- Yes"
44,bd_v1032_2
44,Description: Biological Mother has history of Guillain-Barre Syndrome
44,"Field Options: 0- No, 1- Yes"
44,bd_v1032_3
44,Description: Biological Father has history of Guillain-Barre Syndrome
44,"Field Options: 0- No, 1- Yes"
44,bd_v1032_4
44,Description: Biological Sibling has history of Guillain-Barre Syndrome
44,"Field Options: 0- No, 1- Yes"
45,bd_v1032_5
45,Description: Unknown or not aware of history of Guillain-Barre Syndrome
45,"Field Options: 0- No, 1- Yes"
45,bd_v1033_0
45,Description: No history of Headaches (various types)
45,"Field Options: 0- No, 1- Yes"
45,bd_v1033_1
45,Description: Participant has history of Headaches (various types)
45,"Field Options: 0- No, 1- Yes"
45,bd_v1033_2
45,Description: Biological Mother has history of Headaches (various types)
45,"Field Options: 0- No, 1- Yes"
45,bd_v1033_3
45,Description: Biological Father has history of Headaches (various types)
45,"Field Options: 0- No, 1- Yes"
45,bd_v1033_4
45,Description: Biological Sibling has history of Headaches (various types)
45,"Field Options: 0- No, 1- Yes"
45,bd_v1033_5
45,Description: Unknown or not aware of history of Headaches (various types)
45,"Field Options: 0- No, 1- Yes"
46,bd_v1034_0
46,Description: No history of Huntington's Disease (HD)
46,"Field Options: 0- No, 1- Yes"
46,bd_v1034_1
46,Description: Participant has history of Huntington's Disease (HD)
46,"Field Options: 0- No, 1- Yes"
46,bd_v1034_2
46,Description: Biological Mother has history of Huntington's Disease (HD)
46,"Field Options: 0- No, 1- Yes"
46,bd_v1034_3
46,Description: Biological Father has history of Huntington's Disease (HD)
46,"Field Options: 0- No, 1- Yes"
46,bd_v1034_4
46,Description: Biological Sibling has history of Huntington's Disease (HD)
46,"Field Options: 0- No, 1- Yes"
46,bd_v1034_5
46,Description: Unknown or not aware of history of Huntington's Disease (HD)
46,"Field Options: 0- No, 1- Yes"
46,bd_v1035_0
46,Description: No history of Hydrocephalus
46,"Field Options: 0- No, 1- Yes"
47,bd_v1035_1
47,Description: Participant has history of Hydrocephalus
47,"Field Options: 0- No, 1- Yes"
47,bd_v1035_2
47,Description: Biological Mother has history of Hydrocephalus
47,"Field Options: 0- No, 1- Yes"
47,bd_v1035_3
47,Description: Biological Father has history of Hydrocephalus
47,"Field Options: 0- No, 1- Yes"
47,bd_v1035_4
47,Description: Biological Sibling has history of Hydrocephalus
47,"Field Options: 0- No, 1- Yes"
47,bd_v1035_5
47,Description: Unknown or not aware of history of Hydrocephalus
47,"Field Options: 0- No, 1- Yes"
47,bd_v1036_0
47,Description: No history of Leukodystrophy
47,"Field Options: 0- No, 1- Yes"
47,bd_v1036_1
47,Description: Participant has history of Leukodystrophy
47,"Field Options: 0- No, 1- Yes"
48,bd_v1036_2
48,Description: Biological Mother has history of Leukodystrophy
48,"Field Options: 0- No, 1- Yes"
48,bd_v1036_3
48,Description: Biological Father has history of Leukodystrophy
48,"Field Options: 0- No, 1- Yes"
48,bd_v1036_4
48,Description: Biological Sibling has history of Leukodystrophy
48,"Field Options: 0- No, 1- Yes"
48,bd_v1036_5
48,Description: Unknown or not aware of history of Leukodystrophy
48,"Field Options: 0- No, 1- Yes"
48,bd_v1037_0
48,Description: No history of Lewy Body Dementia (LBD)
48,"Field Options: 0- No, 1- Yes"
48,bd_v1037_1
48,Description: Participant has history of Lewy Body Dementia (LBD)
48,"Field Options: 0- No, 1- Yes"
48,bd_v1037_2
48,Description: Biological Mother has history of Lewy Body Dementia (LBD)
48,"Field Options: 0- No, 1- Yes"
49,bd_v1037_3
49,Description: Biological Father has history of Lewy Body Dementia (LBD)
49,"Field Options: 0- No, 1- Yes"
49,bd_v1037_4
49,Description: Biological Sibling has history of Lewy Body Dementia (LBD)
49,"Field Options: 0- No, 1- Yes"
49,bd_v1037_5
49,Description: Unknown or not aware of history of Lewy Body Dementia (LBD)
49,"Field Options: 0- No, 1- Yes"
49,bd_v1038_0
49,Description: No history of Locked-in Syndrome
49,"Field Options: 0- No, 1- Yes"
49,bd_v1038_1
49,Description: Participant has history of Locked-in Syndrome
49,"Field Options: 0- No, 1- Yes"
49,bd_v1038_2
49,Description: Biological Mother has history of Locked-in Syndrome
49,"Field Options: 0- No, 1- Yes"
49,bd_v1038_3
49,Description: Biological Father has history of Locked-in Syndrome
49,"Field Options: 0- No, 1- Yes"
50,bd_v1038_4
50,Description: Biological Sibling has history of Locked-in Syndrome
50,"Field Options: 0- No, 1- Yes"
50,bd_v1038_5
50,Description: Unknown or not aware of history of Locked-in Syndrome
50,"Field Options: 0- No, 1- Yes"
50,bd_v1039_0
50,Description: No history of Meniere's Disease
50,"Field Options: 0- No, 1- Yes"
50,bd_v1039_1
50,Description: Participant has history of Meniere's Disease
50,"Field Options: 0- No, 1- Yes"
50,bd_v1039_2
50,Description: Biological Mother has history of Meniere's Disease
50,"Field Options: 0- No, 1- Yes"
50,bd_v1039_3
50,Description: Biological Father has history of Meniere's Disease
50,"Field Options: 0- No, 1- Yes"
50,bd_v1039_4
50,Description: Biological Sibling has history of Meniere's Disease
50,"Field Options: 0- No, 1- Yes"
51,bd_v1039_5
51,Description: Unknown or not aware of history of Meniere's Disease
51,"Field Options: 0- No, 1- Yes"
51,bd_v103_0
51,Description: No history of Amyotrophic Lateral Sclerosis (ALS)
51,"Field Options: 0- No, 1- Yes"
51,bd_v103_1
51,Description: Participant has history of Amyotrophic Lateral Sclerosis (ALS)
51,"Field Options: 0- No, 1- Yes"
51,bd_v103_2
51,Description: Biological Mother has history of Amyotrophic Lateral Sclerosis (ALS)
51,"Field Options: 0- No, 1- Yes"
51,bd_v103_3
51,Description: Biological Father has history of Amyotrophic Lateral Sclerosis (ALS)
51,"Field Options: 0- No, 1- Yes"
51,bd_v103_4
51,Description: Biological Sibling has history of Amyotrophic Lateral Sclerosis (ALS)
51,"Field Options: 0- No, 1- Yes"
51,bd_v103_5
51,Description: Unknown or not aware of history of Amyotrophic Lateral Sclerosis (ALS)
51,"Field Options: 0- No, 1- Yes"
52,bd_v1040_0
52,Description: No history of Meningitis
52,"Field Options: 0- No, 1- Yes"
52,bd_v1040_1
52,Description: Participant has history of Meningitis
52,"Field Options: 0- No, 1- Yes"
52,bd_v1040_2
52,Description: Biological Mother has history of Meningitis
52,"Field Options: 0- No, 1- Yes"
52,bd_v1040_3
52,Description: Biological Father has history of Meningitis
52,"Field Options: 0- No, 1- Yes"
52,bd_v1040_4
52,Description: Biological Sibling has history of Meningitis
52,"Field Options: 0- No, 1- Yes"
52,bd_v1040_5
52,Description: Unknown or not aware of history of Meningitis
52,"Field Options: 0- No, 1- Yes"
52,bd_v1041_0
52,Description: No history of Meningococcal Disease
52,"Field Options: 0- No, 1- Yes"
53,bd_v1041_1
53,Description: Participant has history of Meningococcal Disease
53,"Field Options: 0- No, 1- Yes"
53,bd_v1041_2
53,Description: Biological Mother has history of Meningococcal Disease
53,"Field Options: 0- No, 1- Yes"
53,bd_v1041_3
53,Description: Biological Father has history of Meningococcal Disease
53,"Field Options: 0- No, 1- Yes"
53,bd_v1041_4
53,Description: Biological Sibling has history of Meningococcal Disease
53,"Field Options: 0- No, 1- Yes"
53,bd_v1041_5
53,Description: Unknown or not aware of history of Meningococcal Disease
53,"Field Options: 0- No, 1- Yes"
53,bd_v1042_0
53,Description: No history of Migraine (any type)
53,"Field Options: 0- No, 1- Yes"
53,bd_v1042_1
53,Description: Participant has history of Migraine (any type)
53,"Field Options: 0- No, 1- Yes"
54,bd_v1042_2
54,Description: Biological Mother has history of Migraine (any type)
54,"Field Options: 0- No, 1- Yes"
54,bd_v1042_3
54,Description: Biological Father has history of Migraine (any type)
54,"Field Options: 0- No, 1- Yes"
54,bd_v1042_4
54,Description: Biological Sibling has history of Migraine (any type)
54,"Field Options: 0- No, 1- Yes"
54,bd_v1042_5
54,Description: Unknown or not aware of history of Migraine (any type)
54,"Field Options: 0- No, 1- Yes"
54,bd_v1043_0
54,Description: No history of Motor Neuron Disease (non-ALS type)
54,"Field Options: 0- No, 1- Yes"
54,bd_v1043_1
54,Description: Participant has history of Motor Neuron Disease (non-ALS type)
54,"Field Options: 0- No, 1- Yes"
54,bd_v1043_2
54,Description: Biological Mother has history of Motor Neuron Disease (non-ALS type)
54,"Field Options: 0- No, 1- Yes"
55,bd_v1043_3
55,Description: Biological Father has history of Motor Neuron Disease (non-ALS type)
55,"Field Options: 0- No, 1- Yes"
55,bd_v1043_4
55,Description: Biological Sibling has history of Motor Neuron Disease (non-ALS type)
55,"Field Options: 0- No, 1- Yes"
55,bd_v1043_5
55,Description: Unknown or not aware of history of Motor Neuron Disease (non-ALS type)
55,"Field Options: 0- No, 1- Yes"
55,bd_v1044_0
55,Description: No history of Multiple Sclerosis (MS)
55,"Field Options: 0- No, 1- Yes"
55,bd_v1044_1
55,Description: Participant has history of Multiple Sclerosis (MS)
55,"Field Options: 0- No, 1- Yes"
55,bd_v1044_2
55,Description: Biological Mother has history of Multiple Sclerosis (MS)
55,"Field Options: 0- No, 1- Yes"
55,bd_v1044_3
55,Description: Biological Father has history of Multiple Sclerosis (MS)
55,"Field Options: 0- No, 1- Yes"
56,bd_v1044_4
56,Description: Biological Sibling has history of Multiple Sclerosis (MS)
56,"Field Options: 0- No, 1- Yes"
56,bd_v1044_5
56,Description: Unknown or not aware of history of Multiple Sclerosis (MS)
56,"Field Options: 0- No, 1- Yes"
56,bd_v1045_0
56,Description: No history of Multiple System Atrophy (MSA)
56,"Field Options: 0- No, 1- Yes"
56,bd_v1045_1
56,Description: Participant has history of Multiple System Atrophy (MSA)
56,"Field Options: 0- No, 1- Yes"
56,bd_v1045_2
56,Description: Biological Mother has history of Multiple System Atrophy (MSA)
56,"Field Options: 0- No, 1- Yes"
56,bd_v1045_3
56,Description: Biological Father has history of Multiple System Atrophy (MSA)
56,"Field Options: 0- No, 1- Yes"
56,bd_v1045_4
56,Description: Biological Sibling has history of Multiple System Atrophy (MSA)
56,"Field Options: 0- No, 1- Yes"
57,bd_v1045_5
57,Description: Unknown or not aware of history of Multiple System Atrophy (MSA)
57,"Field Options: 0- No, 1- Yes"
57,bd_v1046_0
57,Description: No history of Muscular Dystrophy
57,"Field Options: 0- No, 1- Yes"
57,bd_v1046_1
57,Description: Participant has history of Muscular Dystrophy
57,"Field Options: 0- No, 1- Yes"
57,bd_v1046_2
57,Description: Biological Mother has history of Muscular Dystrophy
57,"Field Options: 0- No, 1- Yes"
57,bd_v1046_3
57,Description: Biological Father has history of Muscular Dystrophy
57,"Field Options: 0- No, 1- Yes"
57,bd_v1046_4
57,Description: Biological Sibling has history of Muscular Dystrophy
57,"Field Options: 0- No, 1- Yes"
57,bd_v1046_5
57,Description: Unknown or not aware of history of Muscular Dystrophy
57,"Field Options: 0- No, 1- Yes"
58,bd_v1047_0
58,Description: No history of Myasthenia Gravis
58,"Field Options: 0- No, 1- Yes"
58,bd_v1047_1
58,Description: Participant has history of Myasthenia Gravis
58,"Field Options: 0- No, 1- Yes"
58,bd_v1047_2
58,Description: Biological Mother has history of Myasthenia Gravis
58,"Field Options: 0- No, 1- Yes"
58,bd_v1047_3
58,Description: Biological Father has history of Myasthenia Gravis
58,"Field Options: 0- No, 1- Yes"
58,bd_v1047_4
58,Description: Biological Sibling has history of Myasthenia Gravis
58,"Field Options: 0- No, 1- Yes"
58,bd_v1047_5
58,Description: Unknown or not aware of history of Myasthenia Gravis
58,"Field Options: 0- No, 1- Yes"
58,bd_v1048_0
58,Description: No history of Narcolepsy
58,"Field Options: 0- No, 1- Yes"
59,bd_v1048_1
59,Description: Participant has history of Narcolepsy
59,"Field Options: 0- No, 1- Yes"
59,bd_v1048_2
59,Description: Biological Mother has history of Narcolepsy
59,"Field Options: 0- No, 1- Yes"
59,bd_v1048_3
59,Description: Biological Father has history of Narcolepsy
59,"Field Options: 0- No, 1- Yes"
59,bd_v1048_4
59,Description: Biological Sibling has history of Narcolepsy
59,"Field Options: 0- No, 1- Yes"
59,bd_v1048_5
59,Description: Unknown or not aware of history of Narcolepsy
59,"Field Options: 0- No, 1- Yes"
59,bd_v1049_0
59,Description: No history of Obsessive Compulsive Disorder (OCD)
59,"Field Options: 0- No, 1- Yes"
59,bd_v1049_1
59,Description: Participant has history of Obsessive Compulsive Disorder (OCD)
59,"Field Options: 0- No, 1- Yes"
60,bd_v1049_2
60,Description: Biological Mother has history of Obsessive Compulsive Disorder (OCD)
60,"Field Options: 0- No, 1- Yes"
60,bd_v1049_3
60,Description: Biological Father has history of Obsessive Compulsive Disorder (OCD)
60,"Field Options: 0- No, 1- Yes"
60,bd_v1049_4
60,Description: Biological Sibling has history of Obsessive Compulsive Disorder (OCD)
60,"Field Options: 0- No, 1- Yes"
60,bd_v1049_5
60,Description: Unknown or not aware of history of Obsessive Compulsive Disorder (OCD)
60,"Field Options: 0- No, 1- Yes"
60,bd_v104_0
60,Description: No history of Aneurysm
60,"Field Options: 0- No, 1- Yes"
60,bd_v104_1
60,Description: Participant has history of Aneurysm
60,"Field Options: 0- No, 1- Yes"
60,bd_v104_2
60,Description: Biological Mother has history of Aneurysm
60,"Field Options: 0- No, 1- Yes"
61,bd_v104_3
61,Description: Biological Father has history of Aneurysm
61,"Field Options: 0- No, 1- Yes"
61,bd_v104_4
61,Description: Biological Sibling has history of Aneurysm
61,"Field Options: 0- No, 1- Yes"
61,bd_v104_5
61,Description: Unknown or not aware of history of Aneurysm
61,"Field Options: 0- No, 1- Yes"
61,bd_v1050_0
61,Description: No history of Parkinsons's Disease (PD)
61,"Field Options: 0- No, 1- Yes"
61,bd_v1050_1
61,Description: Participant has history of Parkinsons's Disease (PD)
61,"Field Options: 0- No, 1- Yes"
61,bd_v1050_2
61,Description: Biological Mother has history of Parkinsons's Disease (PD)
61,"Field Options: 0- No, 1- Yes"
61,bd_v1050_3
61,Description: Biological Father has history of Parkinsons's Disease (PD)
61,"Field Options: 0- No, 1- Yes"
62,bd_v1050_4
62,Description: Biological Sibling has history of Parkinsons's Disease (PD)
62,"Field Options: 0- No, 1- Yes"
62,bd_v1050_5
62,Description: Unknown or not aware of history of Parkinsons's Disease (PD)
62,"Field Options: 0- No, 1- Yes"
62,bd_v1051_0
62,Description: No history of Peripheral Neuropathy
62,"Field Options: 0- No, 1- Yes"
62,bd_v1051_1
62,Description: Participant has history of Peripheral Neuropathy
62,"Field Options: 0- No, 1- Yes"
62,bd_v1051_2
62,Description: Biological Mother has history of Peripheral Neuropathy
62,"Field Options: 0- No, 1- Yes"
62,bd_v1051_3
62,Description: Biological Father has history of Peripheral Neuropathy
62,"Field Options: 0- No, 1- Yes"
62,bd_v1051_4
62,Description: Biological Sibling has history of Peripheral Neuropathy
62,"Field Options: 0- No, 1- Yes"
63,bd_v1051_5
63,Description: Unknown or not aware of history of Peripheral Neuropathy
63,"Field Options: 0- No, 1- Yes"
63,bd_v1052_0
63,Description: No history of Personality Disorder (all types)
63,"Field Options: 0- No, 1- Yes"
63,bd_v1052_1
63,Description: Participant has history of Personality Disorder (all types)
63,"Field Options: 0- No, 1- Yes"
63,bd_v1052_2
63,Description: Biological Mother has history of Personality Disorder (all types)
63,"Field Options: 0- No, 1- Yes"
63,bd_v1052_3
63,Description: Biological Father has history of Personality Disorder (all types)
63,"Field Options: 0- No, 1- Yes"
63,bd_v1052_4
63,Description: Biological Sibling has history of Personality Disorder (all types)
63,"Field Options: 0- No, 1- Yes"
63,bd_v1052_5
63,Description: Unknown or not aware of history of Personality Disorder (all types)
63,"Field Options: 0- No, 1- Yes"
64,bd_v1053_0
64,Description: No history of Pick's Disease
64,"Field Options: 0- No, 1- Yes"
64,bd_v1053_1
64,Description: Participant has history of Pick's Disease
64,"Field Options: 0- No, 1- Yes"
64,bd_v1053_2
64,Description: Biological Mother has history of Pick's Disease
64,"Field Options: 0- No, 1- Yes"
64,bd_v1053_3
64,Description: Biological Father has history of Pick's Disease
64,"Field Options: 0- No, 1- Yes"
64,bd_v1053_4
64,Description: Biological Sibling has history of Pick's Disease
64,"Field Options: 0- No, 1- Yes"
64,bd_v1053_5
64,Description: Unknown or not aware of history of Pick's Disease
64,"Field Options: 0- No, 1- Yes"
64,bd_v1054_0
64,Description: No history of Post Traumatic Stress Disorder (PTSD)
64,"Field Options: 0- No, 1- Yes"
65,bd_v1054_1
65,Description: Participant has history of Post Traumatic Stress Disorder (PTSD)
65,"Field Options: 0- No, 1- Yes"
65,bd_v1054_2
65,Description: Biological Mother has history of Post Traumatic Stress Disorder (PTSD)
65,"Field Options: 0- No, 1- Yes"
65,bd_v1054_3
65,Description: Biological Father has history of Post Traumatic Stress Disorder (PTSD)
65,"Field Options: 0- No, 1- Yes"
65,bd_v1054_4
65,Description: Biological Sibling has history of Post Traumatic Stress Disorder (PTSD)
65,"Field Options: 0- No, 1- Yes"
65,bd_v1054_5
65,Description: Unknown or not aware of history of Post Traumatic Stress Disorder (PTSD)
65,"Field Options: 0- No, 1- Yes"
65,bd_v1055_0
65,Description: No history of Prader-Willi Syndrome
65,"Field Options: 0- No, 1- Yes"
65,bd_v1055_1
65,Description: Participant has history of Prader-Willi Syndrome
65,"Field Options: 0- No, 1- Yes"
66,bd_v1055_2
66,Description: Biological Mother has history of Prader-Willi Syndrome
66,"Field Options: 0- No, 1- Yes"
66,bd_v1055_3
66,Description: Biological Father has history of Prader-Willi Syndrome
66,"Field Options: 0- No, 1- Yes"
66,bd_v1055_4
66,Description: Biological Sibling has history of Prader-Willi Syndrome
66,"Field Options: 0- No, 1- Yes"
66,bd_v1055_5
66,Description: Unknown or not aware of history of Prader-Willi Syndrome
66,"Field Options: 0- No, 1- Yes"
66,bd_v1056_0
66,Description: No history of Progressive Supranuclear Palsy (PSP)
66,"Field Options: 0- No, 1- Yes"
66,bd_v1056_1
66,Description: Participant has history of Progressive Supranuclear Palsy (PSP)
66,"Field Options: 0- No, 1- Yes"
66,bd_v1056_2
66,Description: Biological Mother has history of Progressive Supranuclear Palsy (PSP)
66,"Field Options: 0- No, 1- Yes"
67,bd_v1056_3
67,Description: Biological Father has history of Progressive Supranuclear Palsy (PSP)
67,"Field Options: 0- No, 1- Yes"
67,bd_v1056_4
67,Description: Biological Sibling has history of Progressive Supranuclear Palsy (PSP)
67,"Field Options: 0- No, 1- Yes"
67,bd_v1056_5
67,Description: Unknown or not aware of history of Progressive Supranuclear Palsy (PSP)
67,"Field Options: 0- No, 1- Yes"
67,bd_v1057_0
67,Description: No history of Restless Legs Syndrome
67,"Field Options: 0- No, 1- Yes"
67,bd_v1057_1
67,Description: Participant has history of Restless Legs Syndrome
67,"Field Options: 0- No, 1- Yes"
67,bd_v1057_2
67,Description: Biological Mother has history of Restless Legs Syndrome
67,"Field Options: 0- No, 1- Yes"
67,bd_v1057_3
67,Description: Biological Father has history of Restless Legs Syndrome
67,"Field Options: 0- No, 1- Yes"
68,bd_v1057_4
68,Description: Biological Sibling has history of Restless Legs Syndrome
68,"Field Options: 0- No, 1- Yes"
68,bd_v1057_5
68,Description: Unknown or not aware of history of Restless Legs Syndrome
68,"Field Options: 0- No, 1- Yes"
68,bd_v1058_0
68,Description: No history of Rett Syndrome
68,"Field Options: 0- No, 1- Yes"
68,bd_v1058_1
68,Description: Participant has history of Rett Syndrome
68,"Field Options: 0- No, 1- Yes"
68,bd_v1058_2
68,Description: Biological Mother has history of Rett Syndrome
68,"Field Options: 0- No, 1- Yes"
68,bd_v1058_3
68,Description: Biological Father has history of Rett Syndrome
68,"Field Options: 0- No, 1- Yes"
68,bd_v1058_4
68,Description: Biological Sibling has history of Rett Syndrome
68,"Field Options: 0- No, 1- Yes"
69,bd_v1058_5
69,Description: Unknown or not aware of history of Rett Syndrome
69,"Field Options: 0- No, 1- Yes"
69,bd_v1059_0
69,Description: No history of Schizophrenia
69,"Field Options: 0- No, 1- Yes"
69,bd_v1059_1
69,Description: Participant has history of Schizophrenia
69,"Field Options: 0- No, 1- Yes"
69,bd_v1059_2
69,Description: Biological Mother has history of Schizophrenia
69,"Field Options: 0- No, 1- Yes"
69,bd_v1059_3
69,Description: Biological Father has history of Schizophrenia
69,"Field Options: 0- No, 1- Yes"
69,bd_v1059_4
69,Description: Biological Sibling has history of Schizophrenia
69,"Field Options: 0- No, 1- Yes"
69,bd_v1059_5
69,Description: Unknown or not aware of history of Schizophrenia
69,"Field Options: 0- No, 1- Yes"
70,bd_v105_0
70,Description: No history of Aphasia
70,"Field Options: 0- No, 1- Yes"
70,bd_v105_1
70,Description: Participant has history of Aphasia
70,"Field Options: 0- No, 1- Yes"
70,bd_v105_2
70,Description: Biological Mother has history of Aphasia
70,"Field Options: 0- No, 1- Yes"
70,bd_v105_3
70,Description: Biological Father has history of Aphasia
70,"Field Options: 0- No, 1- Yes"
70,bd_v105_4
70,Description: Biological Sibling has history of Aphasia
70,"Field Options: 0- No, 1- Yes"
70,bd_v105_5
70,Description: Unknown or not aware of history of Aphasia
70,"Field Options: 0- No, 1- Yes"
70,bd_v1060_0
70,Description: No history of Shy Drager Syndrome
70,"Field Options: 0- No, 1- Yes"
71,bd_v1060_1
71,Description: Participant has history of Shy Drager Syndrome
71,"Field Options: 0- No, 1- Yes"
71,bd_v1060_2
71,Description: Biological Mother has history of Shy Drager Syndrome
71,"Field Options: 0- No, 1- Yes"
71,bd_v1060_3
71,Description: Biological Father has history of Shy Drager Syndrome
71,"Field Options: 0- No, 1- Yes"
71,bd_v1060_4
71,Description: Biological Sibling has history of Shy Drager Syndrome
71,"Field Options: 0- No, 1- Yes"
71,bd_v1060_5
71,Description: Unknown or not aware of history of Shy Drager Syndrome
71,"Field Options: 0- No, 1- Yes"
71,bd_v1061_0
71,Description: No history of Sleep Disorders
71,"Field Options: 0- No, 1- Yes"
71,bd_v1061_1
71,Description: Participant has history of Sleep Disorders
71,"Field Options: 0- No, 1- Yes"
72,bd_v1061_2
72,Description: Biological Mother has history of Sleep Disorders
72,"Field Options: 0- No, 1- Yes"
72,bd_v1061_3
72,Description: Biological Father has history of Sleep Disorders
72,"Field Options: 0- No, 1- Yes"
72,bd_v1061_4
72,Description: Biological Sibling has history of Sleep Disorders
72,"Field Options: 0- No, 1- Yes"
72,bd_v1061_5
72,Description: Unknown or not aware of history of Sleep Disorders
72,"Field Options: 0- No, 1- Yes"
72,bd_v1062_0
72,Description: No history of Spasmodic Dysphonia
72,"Field Options: 0- No, 1- Yes"
72,bd_v1062_1
72,Description: Participant has history of Spasmodic Dysphonia
72,"Field Options: 0- No, 1- Yes"
72,bd_v1062_2
72,Description: Biological Mother has history of Spasmodic Dysphonia
72,"Field Options: 0- No, 1- Yes"
73,bd_v1062_3
73,Description: Biological Father has history of Spasmodic Dysphonia
73,"Field Options: 0- No, 1- Yes"
73,bd_v1062_4
73,Description: Biological Sibling has history of Spasmodic Dysphonia
73,"Field Options: 0- No, 1- Yes"
73,bd_v1062_5
73,Description: Unknown or not aware of history of Spasmodic Dysphonia
73,"Field Options: 0- No, 1- Yes"
73,bd_v1063_0
73,Description: No history of Stroke
73,"Field Options: 0- No, 1- Yes"
73,bd_v1063_1
73,Description: Participant has history of Stroke
73,"Field Options: 0- No, 1- Yes"
73,bd_v1063_2
73,Description: Biological Mother has history of Stroke
73,"Field Options: 0- No, 1- Yes"
73,bd_v1063_3
73,Description: Biological Father has history of Stroke
73,"Field Options: 0- No, 1- Yes"
74,bd_v1063_4
74,Description: Biological Sibling has history of Stroke
74,"Field Options: 0- No, 1- Yes"
74,bd_v1063_5
74,Description: Unknown or not aware of history of Stroke
74,"Field Options: 0- No, 1- Yes"
74,bd_v1064_0
74,Description: No history of Subarachnoid Haemorrhage
74,"Field Options: 0- No, 1- Yes"
74,bd_v1064_1
74,Description: Participant has history of Subarachnoid Haemorrhage
74,"Field Options: 0- No, 1- Yes"
74,bd_v1064_2
74,Description: Biological Mother has history of Subarachnoid Haemorrhage
74,"Field Options: 0- No, 1- Yes"
74,bd_v1064_3
74,Description: Biological Father has history of Subarachnoid Haemorrhage
74,"Field Options: 0- No, 1- Yes"
74,bd_v1064_4
74,Description: Biological Sibling has history of Subarachnoid Haemorrhage
74,"Field Options: 0- No, 1- Yes"
75,bd_v1064_5
75,Description: Unknown or not aware of history of Subarachnoid Haemorrhage
75,"Field Options: 0- No, 1- Yes"
75,bd_v1065_0
75,Description: No history of Sydenham's Chorea
75,"Field Options: 0- No, 1- Yes"
75,bd_v1065_1
75,Description: Participant has history of Sydenham's Chorea
75,"Field Options: 0- No, 1- Yes"
75,bd_v1065_2
75,Description: Biological Mother has history of Sydenham's Chorea
75,"Field Options: 0- No, 1- Yes"
75,bd_v1065_3
75,Description: Biological Father has history of Sydenham's Chorea
75,"Field Options: 0- No, 1- Yes"
75,bd_v1065_4
75,Description: Biological Sibling has history of Sydenham's Chorea
75,"Field Options: 0- No, 1- Yes"
75,bd_v1065_5
75,Description: Unknown or not aware of history of Sydenham's Chorea
75,"Field Options: 0- No, 1- Yes"
76,bd_v1066_0
76,Description: No history of Tay-Sachs Disease
76,"Field Options: 0- No, 1- Yes"
76,bd_v1066_1
76,Description: Participant has history of Tay-Sachs Disease
76,"Field Options: 0- No, 1- Yes"
76,bd_v1066_2
76,Description: Biological Mother has history of Tay-Sachs Disease
76,"Field Options: 0- No, 1- Yes"
76,bd_v1066_3
76,Description: Biological Father has history of Tay-Sachs Disease
76,"Field Options: 0- No, 1- Yes"
76,bd_v1066_4
76,Description: Biological Sibling has history of Tay-Sachs Disease
76,"Field Options: 0- No, 1- Yes"
76,bd_v1066_5
76,Description: Unknown or not aware of history of Tay-Sachs Disease
76,"Field Options: 0- No, 1- Yes"
76,bd_v1067_0
76,Description: No history of Tourette Syndrome
76,"Field Options: 0- No, 1- Yes"
77,bd_v1067_1
77,Description: Participant has history of Tourette Syndrome
77,"Field Options: 0- No, 1- Yes"
77,bd_v1067_2
77,Description: Biological Mother has history of Tourette Syndrome
77,"Field Options: 0- No, 1- Yes"
77,bd_v1067_3
77,Description: Biological Father has history of Tourette Syndrome
77,"Field Options: 0- No, 1- Yes"
77,bd_v1067_4
77,Description: Biological Sibling has history of Tourette Syndrome
77,"Field Options: 0- No, 1- Yes"
77,bd_v1067_5
77,Description: Unknown or not aware of history of Tourette Syndrome
77,"Field Options: 0- No, 1- Yes"
77,bd_v1068_0
77,Description: No history of Transient Ischemic Attack (TIA)
77,"Field Options: 0- No, 1- Yes"
77,bd_v1068_1
77,Description: Participant has history of Transient Ischemic Attack (TIA)
77,"Field Options: 0- No, 1- Yes"
78,bd_v1068_2
78,Description: Biological Mother has history of Transient Ischemic Attack (TIA)
78,"Field Options: 0- No, 1- Yes"
78,bd_v1068_3
78,Description: Biological Father has history of Transient Ischemic Attack (TIA)
78,"Field Options: 0- No, 1- Yes"
78,bd_v1068_4
78,Description: Biological Sibling has history of Transient Ischemic Attack (TIA)
78,"Field Options: 0- No, 1- Yes"
78,bd_v1068_5
78,Description: Unknown or not aware of history of Transient Ischemic Attack (TIA)
78,"Field Options: 0- No, 1- Yes"
78,bd_v1069_0
78,Description: No history of Transverse Myelitis
78,"Field Options: 0- No, 1- Yes"
78,bd_v1069_1
78,Description: Participant has history of Transverse Myelitis
78,"Field Options: 0- No, 1- Yes"
78,bd_v1069_2
78,Description: Biological Mother has history of Transverse Myelitis
78,"Field Options: 0- No, 1- Yes"
79,bd_v1069_3
79,Description: Biological Father has history of Transverse Myelitis
79,"Field Options: 0- No, 1- Yes"
79,bd_v1069_4
79,Description: Biological Sibling has history of Transverse Myelitis
79,"Field Options: 0- No, 1- Yes"
79,bd_v1069_5
79,Description: Unknown or not aware of history of Transverse Myelitis
79,"Field Options: 0- No, 1- Yes"
79,bd_v106_0
79,Description: No history of Anorexia Nervosa
79,"Field Options: 0- No, 1- Yes"
79,bd_v106_1
79,Description: Participant has history of Anorexia Nervosa
79,"Field Options: 0- No, 1- Yes"
79,bd_v106_2
79,Description: Biological Mother has history of Anorexia Nervosa
79,"Field Options: 0- No, 1- Yes"
79,bd_v106_3
79,Description: Biological Father has history of Anorexia Nervosa
79,"Field Options: 0- No, 1- Yes"
80,bd_v106_4
80,Description: Biological Sibling has history of Anorexia Nervosa
80,"Field Options: 0- No, 1- Yes"
80,bd_v106_5
80,Description: Unknown or not aware of history of Anorexia Nervosa
80,"Field Options: 0- No, 1- Yes"
80,bd_v1070_0
80,Description: No history of Traumatic Brain Injury (TBI)
80,"Field Options: 0- No, 1- Yes"
80,bd_v1070_1
80,Description: Participant has history of Traumatic Brain Injury (TBI)
80,"Field Options: 0- No, 1- Yes"
80,bd_v1070_2
80,Description: Biological Mother has history of Traumatic Brain Injury (TBI)
80,"Field Options: 0- No, 1- Yes"
80,bd_v1070_3
80,Description: Biological Father has history of Traumatic Brain Injury (TBI)
80,"Field Options: 0- No, 1- Yes"
80,bd_v1070_4
80,Description: Biological Sibling has history of Traumatic Brain Injury (TBI)
80,"Field Options: 0- No, 1- Yes"
81,bd_v1070_5
81,Description: Unknown or not aware of history of Traumatic Brain Injury (TBI)
81,"Field Options: 0- No, 1- Yes"
81,bd_v1071_0
81,Description: No history of Trigeminal Neuralgia
81,"Field Options: 0- No, 1- Yes"
81,bd_v1071_1
81,Description: Participant has history of Trigeminal Neuralgia
81,"Field Options: 0- No, 1- Yes"
81,bd_v1071_2
81,Description: Biological Mother has history of Trigeminal Neuralgia
81,"Field Options: 0- No, 1- Yes"
81,bd_v1071_3
81,Description: Biological Father has history of Trigeminal Neuralgia
81,"Field Options: 0- No, 1- Yes"
81,bd_v1071_4
81,Description: Biological Sibling has history of Trigeminal Neuralgia
81,"Field Options: 0- No, 1- Yes"
81,bd_v1071_5
81,Description: Unknown or not aware of history of Trigeminal Neuralgia
81,"Field Options: 0- No, 1- Yes"
82,bd_v1072_0
82,Description: No history of Tuberous Sclerosis
82,"Field Options: 0- No, 1- Yes"
82,bd_v1072_1
82,Description: Participant has history of Tuberous Sclerosis
82,"Field Options: 0- No, 1- Yes"
82,bd_v1072_2
82,Description: Biological Mother has history of Tuberous Sclerosis
82,"Field Options: 0- No, 1- Yes"
82,bd_v1072_3
82,Description: Biological Father has history of Tuberous Sclerosis
82,"Field Options: 0- No, 1- Yes"
82,bd_v1072_4
82,Description: Biological Sibling has history of Tuberous Sclerosis
82,"Field Options: 0- No, 1- Yes"
82,bd_v1072_5
82,Description: Unknown or not aware of history of Tuberous Sclerosis
82,"Field Options: 0- No, 1- Yes"
82,bd_v1073_0
82,Description: No history of Von Hippel Lindau Syndrome
82,"Field Options: 0- No, 1- Yes"
83,bd_v1073_1
83,Description: Participant has history of Von Hippel Lindau Syndrome
83,"Field Options: 0- No, 1- Yes"
83,bd_v1073_2
83,Description: Biological Mother has history of Von Hippel Lindau Syndrome
83,"Field Options: 0- No, 1- Yes"
83,bd_v1073_3
83,Description: Biological Father has history of Von Hippel Lindau Syndrome
83,"Field Options: 0- No, 1- Yes"
83,bd_v1073_4
83,Description: Biological Sibling has history of Von Hippel Lindau Syndrome
83,"Field Options: 0- No, 1- Yes"
83,bd_v1073_5
83,Description: Unknown or not aware of history of Von Hippel Lindau Syndrome
83,"Field Options: 0- No, 1- Yes"
83,bd_v107_0
83,Description: No history of Arteriovenous Malformation
83,"Field Options: 0- No, 1- Yes"
83,bd_v107_1
83,Description: Participant has history of Arteriovenous Malformation
83,"Field Options: 0- No, 1- Yes"
84,bd_v107_2
84,Description: Biological Mother has history of Arteriovenous Malformation
84,"Field Options: 0- No, 1- Yes"
84,bd_v107_3
84,Description: Biological Father has history of Arteriovenous Malformation
84,"Field Options: 0- No, 1- Yes"
84,bd_v107_4
84,Description: Biological Sibling has history of Arteriovenous Malformation
84,"Field Options: 0- No, 1- Yes"
84,bd_v107_5
84,Description: Unknown or not aware of history of Arteriovenous Malformation
84,"Field Options: 0- No, 1- Yes"
84,bd_v108_0
84,Description: No history of Attention Deficit Hyperactivity Disorder (ADHD)
84,"Field Options: 0- No, 1- Yes"
84,bd_v108_1
84,Description: Participant has history of Attention Deficit Hyperactivity Disorder (ADHD)
84,"Field Options: 0- No, 1- Yes"
84,bd_v108_2
84,Description: Biological Mother has history of Attention Deficit Hyperactivity Disorder
84,(ADHD)
84,"Field Options: 0- No, 1- Yes"
85,bd_v108_3
85,Description: Biological Father has history of Attention Deficit Hyperactivity Disorder
85,(ADHD)
85,"Field Options: 0- No, 1- Yes"
85,bd_v108_4
85,Description: Biological Sibling has history of Attention Deficit Hyperactivity Disorder
85,(ADHD)
85,"Field Options: 0- No, 1- Yes"
85,bd_v108_5
85,Description: Unknown or not aware of history of Attention Deficit Hyperactivity Disorder
85,(ADHD) Unkown or Not Aware of
85,"Field Options: 0- No, 1- Yes"
85,bd_v109_0
85,Description: No history of Autism
85,"Field Options: 0- No, 1- Yes"
85,bd_v109_1
85,Description: Participant has history of Autism
85,"Field Options: 0- No, 1- Yes"
85,bd_v109_2
85,Description: Biological Mother has history of Autism
85,"Field Options: 0- No, 1- Yes"
86,bd_v109_3
86,Description: Biological Father has history of Autism
86,"Field Options: 0- No, 1- Yes"
86,bd_v109_4
86,Description: Biological Sibling has history of Autism
86,"Field Options: 0- No, 1- Yes"
86,bd_v109_5
86,Description: Unknown or not aware of history of Autism
86,"Field Options: 0- No, 1- Yes"
86,Carotid_Ultrasound
86,↑
86,Fields: 60
86,hml_id
86,Description: HML ID
86,mindcrowd_id
86,Description: MindCrowd ID
86,l_ri
86,Description: Left CCA Resistance Index (PSV - EDV) / PSV) (Source field label: L_RI)
86,Unit: Numerical
87,l_sd_ratio
87,Description: Left CCA PSV / EDV Ratio (Source field label: L_SD_RATIO)
87,Unit: Numerical
87,lbif_pwd
87,Description: Left BIF end-diastolic velocity (EDV) (Source field label: LBIF_PWd)
87,Unit: Numerical; cm/sec
87,lbif_pws
87,Description: Left bifurcation (BIF) peak systolic velocity (PSV) (Source field label:
87,LBIF_PWs)
87,Unit: Numerical; cm/sec
87,lbif_ri
87,Description: Left BIF Resistance Index (PSV - EDV) / PSV) (Source field label: LBIF_RI)
87,Unit: Numerical
87,lbif_sd_ratio
87,Description: Left BIF PSV / EDV Ratio (Source field label: LBIF_SD_Ratio)
87,Unit: Numerical
87,lbiffwmn
87,Description: Left Internal Carotid Artery Near Wall IMT max (Source field label:
87,LBIFFWmn)
87,lbiffwmx
87,Description: Left Bifurcation Far Wall IMT max (Source field label: LBIFFWmx)
88,lbifnwmn
88,Description: Left Bifurcation Near Wall IMT mean (Source field label: LBIFNWmn)
88,lbifnwmx
88,Description: Left Bifurcation Near Wall IMT max (Source field label: LBIFNWmx)
88,lcca_pwd
88,Description: Left CCA end-diastolic velocity (EDV) (Source field label: LCCA_PWd)
88,Unit: Numerical; cm/sec
88,lcca_pws
88,Description: Left common carotid artery (CCA) peak systolic velocity (PSV) (Source field
88,label: LCCA_PWs)
88,Unit: Numerical; cm/sec
88,lccafwmn
88,Description: Left Common Carotid Artery Far Wall IMT mean (Source field label:
88,LCCAFWmn)
88,lccafwmx
88,Description: Left Common Carotid Artery Far Wall IMT max (Source field label:
88,LCCAFWmx)
88,lccanwmn
88,Description: Left Common Carotid Artery Near Wall IMT mean (Source field label:
88,LCCANWmn)
89,lccanwmx
89,Description: Left Common Carotid Artery Near Wall IMT max (Source field label:
89,LCCANWmx)
89,leca_pwd
89,Description: Left ECA end-diastolic velocity (EDV) (Source field label: LECA_PWd)
89,Unit: Numerical; cm/sec
89,leca_pws
89,Description: Left external carotid artery (ECA) peak systolic velocity (PSV) (Source field
89,label: LECA_PWs)
89,Unit: Numerical; cm/sec
89,leca_ri
89,Description: Left ECA Resistance Index (PSV - EDV) / PSV) (Source field label:
89,LECA_RI)
89,Unit: Numerical
89,leca_sd_ratio
89,Description: Left ECA PSV / EDV Ratio (Source field label: LECA_SD_RATIO)
89,Unit: Numerical
89,lica_pwd
89,Description: Left ICA end-diastolic velocity (EDV) (Source field label: LICA_PWd)
89,Unit: Numerical; cm/sec
90,lica_pws
90,Description: Left internal carotid artery (ICA) peak systolic velocity (PSV) (Source field
90,label: LICA_PWs)
90,Unit: Numerical; cm/sec
90,lica_ri
90,Description: Left ICA Resistance Index (PSV - EDV) / PSV) (Source field label: LICA_RI)
90,Unit: Numerical
90,lica_sd_ratio
90,Description: Left ICA PSV / EDV Ratio (Source field label: LICA_SD_RATIO)
90,Unit: Numerical
90,licafwmn
90,Description: Left Internal Carotid Artery Far Wall IMT mean (Source field label:
90,LICAFWmn)
90,licafwmx
90,Description: Left Internal Carotid Artery Far Wall IMT max (Source field label: LICAFWmx)
90,licanwmn
90,Description: Left Internal Carotid Artery Near Wall IMT mean (Source field label:
90,LICANWmn)
90,licanwmx
90,Description: Left Internal Carotid Artery Near Wall IMT mean (Source field label:
90,LICANWmx)
91,r_ri
91,Description: Right CCA Resistance Index (PSV - EDV) / PSV) (Source field label: R_RI)
91,Unit: Numerical
91,r_sd_ratio
91,Description: Right CCA PSV / EDV Ratio (Source field label: R_SD_RATIO)
91,Unit: Numerical
91,rbif_pwd
91,Description: Right BIF end-diastolic velocity (EDV) (Source field label: RBIF_PWd)
91,Unit: Numerical; cm/sec
91,rbif_pws
91,Description: Right bifurcation (BIF) peak systolic velocity (PSV) (Source field label:
91,RBIF_PWs)
91,Unit: Numerical; cm/sec
91,rbif_ri
91,Description: Right BIF Resistance Index (PSV - EDV) / PSV) (Source field label:
91,RBIF_RI)
91,Unit: Numerical
91,rbif_sd_ratio
91,Description: Right BIF PSV / EDV Ratio (Source field label: RBIF_SD_Ratio)
91,Unit: Numerical
91,rbiffwmn
91,Description: Right Bifurcation Far Wall IMT mean (Source field label: RBIFFWmn)
92,rbiffwmx
92,Description: Right Bifurcation Far Wall IMT max (Source field label: RBIFFWmx)
92,rbifnwmn
92,Description: Right Bifurcation Near Wall IMT mean (Source field label: RBIFNWmn)
92,rbifnwmx
92,Description: Right Bifurcation Near Wall IMT max (Source field label: RBIFNWmx)
92,rcca_pwd
92,Description: Right CCA end-diastolic velocity (EDV) (Source field label: RCCA_PWd)
92,Unit: Numerical; cm/sec
92,rcca_pws
92,Description: Right common carotid artery (CCA) peak systolic velocity (PSV) (Source field
92,label: RCCA_PWs)
92,Unit: Numerical; cm/sec
92,rccafwmn
92,Description: Right Common Carotid Artery Far Wall IMT mean (Source field label:
92,RCCAFWmn)
92,rccafwmx
92,Description: Right Common Carotid Artery Far Wall IMT max (Source field label:
92,RCCAFWmx)
93,rccanwmn
93,Description: Right Common Carotid Artery Near Wall IMT mean: (Source field label:
93,RCCANWmn)
93,rccanwmx
93,Description: Right Common Carotid Artery Near Wall IMT max (Source field label:
93,RCCANWmx)
93,reca_pwd
93,Description: Right ECA end-diastolic velocity (EDV) (Source field label: RECA_PWd)
93,Unit: Numerical; cm/sec
93,reca_pws
93,Description: Right external carotid artery (ECA) peak systolic velocity (PSV) (Source field
93,label: RECA_PWs)
93,Unit: Numerical; cm/sec
93,reca_ri
93,Description: Right ECA Resistance Index (PSV - EDV) / PSV) (Source field label:
93,RECA_RI)
93,Unit: Numerical
93,reca_sd_ratio
93,Description: Right ECA PSV / EDV Ratio (Source field label: RECA_SD_RATIO)
93,Unit: Numerical
93,rica_pwd
93,Description: Right ICA end-diastolic velocity (EDV) (Source field label: RICA_PWd)
93,Unit: Numerical; cm/sec
94,rica_pws
94,Description: Right internal carotid artery (ICA) peak systolic velocity (PSV) (Source field
94,label: RICA_PWs)
94,Unit: Numerical; cm/sec
94,rica_ri
94,Description: Right ICA Resistance Index (PSV - EDV) / PSV) (Source field label:
94,RICA_RI)
94,Unit: Numerical
94,rica_sd_ratio
94,Description: Right ICA PSV / EDV Ratio (Source field label: RICA_SD_RATIO)
94,Unit: Numerical
94,ricafwmn
94,Description: Right Internal Carotid Artery Far Wall IMT mean (Source field label:
94,RICAFWmn)
94,ricafwmx
94,Description: Right Internal Carotid Artery Far Wall IMT max (Source field label:
94,RICAFWmx)
94,ricanwmn
94,Description: Right Internal Carotid Artery Near Wall IMT mean (Source field label:
94,RICANWmn)
94,ricanwmx
94,Description: Right Internal Carotid Artery Near Wall IMT max (Source field label:
94,RICANWmx)
95,scan_date
95,Description: Date of scan (Source field label: SCAN DATE)
95,site
95,Description: Recruitment site
95,Cortisol
95,↑
95,Fields: 3
95,hml_id
95,Description: HML ID
95,mindcrowd_id
95,Description: MindCrowd ID
95,cortisol
95,Description: Cortisol (ng) from sweat beads
95,Unit: ng
95,Covid_Survey
95,↑
95,Fields: 106
95,hml_id
95,Description: HML ID
96,mindcrowd_id
96,Description: MindCrowd ID
96,c19_timestamp
96,Description: COVID 19 Date timestamp
96,c19_v101
96,Description: Have you ever been diagnosed with or tested positive for COVID-19?
96,"Field Options: 0- No, 1- Yes"
96,c19_v1010_0
96,Description: Are you currently experiencing any longer term COVID-19 symptoms (lasting
96,longer than 1 month)? None of these symptoms
96,"Branching Logic: c19_v101 = ""No"" OR c19_v109 = ""Yes"""
96,"Field Options: 0- No, 1- Yes"
96,c19_v1010_1
96,Description: Are you currently experiencing any longer term COVID-19 symptoms (lasting
96,longer than 1 month)? Fatigue
96,"Branching Logic: c19_v101 = ""No"" OR c19_v109 = ""Yes"""
96,"Field Options: 0- No, 1- Yes"
96,c19_v1010_10
96,Description: Are you currently experiencing any longer term COVID-19 symptoms (lasting
96,longer than 1 month)? Muscle or body aches
96,"Branching Logic: c19_v101 = ""No"" OR c19_v109 = ""Yes"""
96,"Field Options: 0- No, 1- Yes"
97,c19_v1010_11
97,Description: Are you currently experiencing any longer term COVID-19 symptoms (lasting
97,longer than 1 month)? Congestion or runny nose
97,"Branching Logic: c19_v101 = ""No"" OR c19_v109 = ""Yes"""
97,"Field Options: 0- No, 1- Yes"
97,c19_v1010_12
97,Description: Are you currently experiencing any longer term COVID-19 symptoms (lasting
97,longer than 1 month)? Chest pain or pressure
97,"Branching Logic: c19_v101 = ""No"" OR c19_v109 = ""Yes"""
97,"Field Options: 0- No, 1- Yes"
97,c19_v1010_13
97,Description: Are you currently experiencing any longer term COVID-19 symptoms (lasting
97,longer than 1 month)? Bluish lips or face
97,"Branching Logic: c19_v101 = ""No"" OR c19_v109 = ""Yes"""
97,"Field Options: 0- No, 1- Yes"
97,c19_v1010_14
97,Description: Are you currently experiencing any longer term COVID-19 symptoms (lasting
97,longer than 1 month)? Bluish or purple toes
97,"Branching Logic: c19_v101 = ""No"" OR c19_v109 = ""Yes"""
97,"Field Options: 0- No, 1- Yes"
97,c19_v1010_15
97,Description: Are you currently experiencing any longer term COVID-19 symptoms (lasting
97,longer than 1 month)? Hallucinations
97,"Branching Logic: c19_v101 = ""No"" OR c19_v109 = ""Yes"""
97,"Field Options: 0- No, 1- Yes"
98,c19_v1010_16
98,Description: Are you currently experiencing any longer term COVID-19 symptoms (lasting
98,longer than 1 month)? Brain Fog or Memory Problems
98,"Branching Logic: c19_v101 = ""No"" OR c19_v109 = ""Yes"""
98,"Field Options: 0- No, 1- Yes"
98,c19_v1010_2
98,Description: Are you currently experiencing any longer term COVID-19 symptoms (lasting
98,longer than 1 month)? Shortness of breath or labored breathing
98,"Branching Logic: c19_v101 = ""No"" OR c19_v109 = ""Yes"""
98,"Field Options: 0- No, 1- Yes"
98,c19_v1010_3
98,Description: Are you currently experiencing any longer term COVID-19 symptoms (lasting
98,longer than 1 month)? Nausea
98,"Branching Logic: c19_v101 = ""No"" OR c19_v109 = ""Yes"""
98,"Field Options: 0- No, 1- Yes"
98,c19_v1010_4
98,Description: Are you currently experiencing any longer term COVID-19 symptoms (lasting
98,longer than 1 month)? Headaches
98,"Branching Logic: c19_v101 = ""No"" OR c19_v109 = ""Yes"""
98,"Field Options: 0- No, 1- Yes"
98,c19_v1010_5
98,Description: Are you currently experiencing any longer term COVID-19 symptoms (lasting
98,longer than 1 month)? Diarrhea
98,"Branching Logic: c19_v101 = ""No"" OR c19_v109 = ""Yes"""
98,"Field Options: 0- No, 1- Yes"
99,c19_v1010_6
99,Description: Are you currently experiencing any longer term COVID-19 symptoms (lasting
99,longer than 1 month)? Confusion
99,"Branching Logic: c19_v101 = ""No"" OR c19_v109 = ""Yes"""
99,"Field Options: 0- No, 1- Yes"
99,c19_v1010_7
99,Description: Are you currently experiencing any longer term COVID-19 symptoms (lasting
99,longer than 1 month)? Exhaustion or excessive sleepiness
99,"Branching Logic: c19_v101 = ""No"" OR c19_v109 = ""Yes"""
99,"Field Options: 0- No, 1- Yes"
99,c19_v1010_8
99,Description: Are you currently experiencing any longer term COVID-19 symptoms (lasting
99,longer than 1 month)? Loss of smell
99,"Branching Logic: c19_v101 = ""No"" OR c19_v109 = ""Yes"""
99,"Field Options: 0- No, 1- Yes"
99,c19_v1010_9
99,Description: Are you currently experiencing any longer term COVID-19 symptoms (lasting
99,longer than 1 month)? Loss of taste
99,"Branching Logic: c19_v101 = ""No"" OR c19_v109 = ""Yes"""
99,"Field Options: 0- No, 1- Yes"
99,c19_v1011_1
99,Description: Did you experience any flu-like symptoms? I did not experience any flu-like
99,symptoms
99,"Branching Logic: c19_v101 = ""No"" OR c19_v109 = ""Yes"""
99,"Field Options: 0- No, 1- Yes"
100,c19_v1011_10
100,Description: Did you experience any flu-like symptoms? Confusion
100,"Branching Logic: c19_v101 = ""No"" OR c19_v109 = ""Yes"""
100,"Field Options: 0- No, 1- Yes"
100,c19_v1011_11
100,Description: Did you experience any flu-like symptoms? Exhaustion or excessive
100,sleepiness
100,"Branching Logic: c19_v101 = ""No"" OR c19_v109 = ""Yes"""
100,"Field Options: 0- No, 1- Yes"
100,c19_v1011_12
100,Description: Did you experience any flu-like symptoms? Loss of smell
100,"Branching Logic: c19_v101 = ""No"" OR c19_v109 = ""Yes"""
100,"Field Options: 0- No, 1- Yes"
100,c19_v1011_13
100,Description: Did you experience any flu-like symptoms? Loss of taste
100,"Branching Logic: c19_v101 = ""No"" OR c19_v109 = ""Yes"""
100,"Field Options: 0- No, 1- Yes"
100,c19_v1011_14
100,Description: Did you experience any flu-like symptoms? Muscle or body aches
100,"Branching Logic: c19_v101 = ""No"" OR c19_v109 = ""Yes"""
100,"Field Options: 0- No, 1- Yes"
101,c19_v1011_15
101,Description: Did you experience any flu-like symptoms? Congestion or runny nose
101,"Branching Logic: c19_v101 = ""No"" OR c19_v109 = ""Yes"""
101,"Field Options: 0- No, 1- Yes"
101,c19_v1011_16
101,Description: Did you experience any flu-like symptoms? Chest pain or pressure
101,"Branching Logic: c19_v101 = ""No"" OR c19_v109 = ""Yes"""
101,"Field Options: 0- No, 1- Yes"
101,c19_v1011_17
101,Description: Did you experience any flu-like symptoms? Bluish lips or face
101,"Branching Logic: c19_v101 = ""No"" OR c19_v109 = ""Yes"""
101,"Field Options: 0- No, 1- Yes"
101,c19_v1011_18
101,Description: Did you experience any flu-like symptoms? Bluish or purple toes
101,"Branching Logic: c19_v101 = ""No"" OR c19_v109 = ""Yes"""
101,"Field Options: 0- No, 1- Yes"
101,c19_v1011_19
101,Description: Did you experience any flu-like symptoms? Hallucinations
101,"Branching Logic: c19_v101 = ""No"" OR c19_v109 = ""Yes"""
101,"Field Options: 0- No, 1- Yes"
101,c19_v1011_2
101,Description: Did you experience any flu-like symptoms? Sore throat
101,"Branching Logic: c19_v101 = ""No"" OR c19_v109 = ""Yes"""
101,"Field Options: 0- No, 1- Yes"
102,c19_v1011_3
102,Description: Did you experience any flu-like symptoms? Cough
102,"Branching Logic: c19_v101 = ""No"" OR c19_v109 = ""Yes"""
102,"Field Options: 0- No, 1- Yes"
102,c19_v1011_4
102,Description: Did you experience any flu-like symptoms? Fever
102,"Branching Logic: c19_v101 = ""No"" OR c19_v109 = ""Yes"""
102,"Field Options: 0- No, 1- Yes"
102,c19_v1011_5
102,Description: Did you experience any flu-like symptoms? Shortness of breath or labored
102,breathing
102,"Branching Logic: c19_v101 = ""No"" OR c19_v109 = ""Yes"""
102,"Field Options: 0- No, 1- Yes"
102,c19_v1011_6
102,Description: Did you experience any flu-like symptoms? Vomiting
102,"Branching Logic: c19_v101 = ""No"" OR c19_v109 = ""Yes"""
102,"Field Options: 0- No, 1- Yes"
102,c19_v1011_7
102,Description: Did you experience any flu-like symptoms? Nausea
102,"Branching Logic: c19_v101 = ""No"" OR c19_v109 = ""Yes"""
102,"Field Options: 0- No, 1- Yes"
103,c19_v1011_8
103,Description: Did you experience any flu-like symptoms? Headache
103,"Branching Logic: c19_v101 = ""No"" OR c19_v109 = ""Yes"""
103,"Field Options: 0- No, 1- Yes"
103,c19_v1011_9
103,Description: Did you experience any flu-like symptoms? Diarrhea
103,"Branching Logic: c19_v101 = ""No"" OR c19_v109 = ""Yes"""
103,"Field Options: 0- No, 1- Yes"
103,c19_v1012
103,Description: Have you been tested for coronavirus antibodies? This typically requires a
103,blood test.
103,"Field Options: 0- No, 1- Yes, 333- I am not sure"
103,c19_v1013
103,Description: Have you ever been diagnosed with high blood pressure?
103,"Field Options: 0- No, 1- Yes, 333- I am not sure, 999- I prefer not to answer"
103,c19_v1014
103,Description: Have you ever been diagnosed with heart disease?
103,"Field Options: 0- No, 1- Yes, 333- I am not sure, 999- I prefer not to answer"
103,c19_v1015
103,Description: Have you ever been diagnosed with stroke?
103,"Field Options: 0- No, 1- Yes, 333- I am not sure, 999- I prefer not to answer"
104,c19_v1016
104,Description: Have you ever been diagnosed with epilepsy?
104,"Field Options: 0- No, 1- Yes, 333- I am not sure, 999- I prefer not to answer"
104,c19_v1017
104,Description: Have you ever been diagnosed with asthma?
104,"Field Options: 0- No, 1- Yes, 333- I am not sure, 999- I prefer not to answer"
104,c19_v1018
104,Description: Have you ever been diagnosed with COPD?
104,"Field Options: 0- No, 1- Yes, 333- I am not sure, 999- I prefer not to answer"
104,c19_v1019
104,Description: Have you ever been diagnosed with any other lung disease?
104,"Field Options: 0- No, 1- Yes, 333- I am not sure, 999- I prefer not to answer"
104,c19_v102
104,Description: Please specify the month and the year (MM/YYYY) of your three most recent
104,COVID-19 infections.
104,"Branching Logic: c19_v101 = ""Yes"""
104,"Field Options: 0- No, 1- Yes"
104,c19_v1020
104,Description: Have you ever been diagnosed with Type 2 Diabetes?
104,"Field Options: 0- No, 1- Yes, 333- I am not sure, 999- I prefer not to answer"
105,c19_v1021
105,Description: Have you ever been diagnosed with Type 1 Diabetes?
105,"Field Options: 0- No, 1- Yes, 333- I am not sure, 999- I prefer not to answer"
105,c19_v1022
105,Description: Have you ever been diagnosed with multiple sclerosis?
105,"Field Options: 0- No, 1- Yes, 333- I am not sure, 999- I prefer not to answer"
105,c19_v1023
105,Description: Have you ever been diagnosed with rheumatoid arthritis?
105,"Field Options: 0- No, 1- Yes, 333- I am not sure, 999- I prefer not to answer"
105,c19_v1024
105,Description: Have you ever been diagnosed with lupus?
105,"Field Options: 0- No, 1- Yes, 333- I am not sure, 999- I prefer not to answer"
105,c19_v1025
105,Description: Have you ever been diagnosed with psoriasis?
105,"Field Options: 0- No, 1- Yes, 333- I am not sure, 999- I prefer not to answer"
105,c19_v1026
105,Description: Have you ever been diagnosed with eczema?
105,"Field Options: 0- No, 1- Yes, 333- I am not sure, 999- I prefer not to answer"
105,c19_v1027
105,Description: Have you ever been diagnosed with Crohn's disease?
105,"Field Options: 0- No, 1- Yes, 333- I am not sure, 999- I prefer not to answer"
106,c19_v1028
106,Description: Have you ever been diagnosed with ulcerative colitis?
106,"Field Options: 0- No, 1- Yes, 333- I am not sure, 999- I prefer not to answer"
106,c19_v1029
106,Description: Have you ever been diagnosed with ulcers?
106,"Field Options: 0- No, 1- Yes, 333- I am not sure, 999- I prefer not to answer"
106,c19_v1030
106,Description: Have you ever been diagnosed with acid reflux?
106,"Field Options: 0- No, 1- Yes, 333- I am not sure, 999- I prefer not to answer"
106,c19_v1031
106,Description: Have you ever been diagnosed with cancer?
106,"Field Options: 0- No, 1- Yes, 333- I am not sure, 999- I prefer not to answer"
106,c19_v1032
106,Description: Do you currently smoke tobacco?
106,"Field Options: 0- No, 1- Yes, 999- I prefer not to answer"
106,c19_v1033
106,Description: Have you ever smoked tobacco?
106,"Field Options: 0- No, 1- Yes, 333- I am not sure, 999- I prefer not to answer"
107,c19_v1034
107,"Description: Have you, or are you currently, participating in any COVID-19 vaccine trials?"
107,These would be official tests of new COVID-19 vaccines that would require at least one -
107,and likely several - visits to a medical center to receive injections or nasal sprays to test
107,new approaches to vaccinate against COVID-19.
107,"Field Options: 0- No, 1- Yes"
107,c19_v1035
107,Description: Did you receive a COVID-19 vaccine?
107,"Field Options: 0- No, 1- Yes"
107,c19_v1036_1
107,Description: What COVID-19 vaccine brand did you receive? Moderna
107,"Branching Logic: c19_v1035 = ""Yes"""
107,"Field Options: 0- No, 1- Yes"
107,c19_v1036_2
107,Description: What COVID-19 vaccine brand did you receive? Pfizer
107,"Branching Logic: c19_v1035 = ""Yes"""
107,"Field Options: 0- No, 1- Yes"
107,c19_v1036_3
107,Description: What COVID-19 vaccine brand did you receive? Janssen/Johnson &
107,Johnson
107,"Branching Logic: c19_v1035 = ""Yes"""
107,"Field Options: 0- No, 1- Yes"
108,c19_v1036_4
108,Description: What COVID-19 vaccine brand did you receive? AstraZeneca
108,"Branching Logic: c19_v1035 = ""Yes"""
108,"Field Options: 0- No, 1- Yes"
108,c19_v1036_555
108,Description: What COVID-19 vaccine brand did you receive? Other brand
108,"Branching Logic: c19_v1035 = ""Yes"""
108,"Field Options: 0- No, 1- Yes"
108,c19_v1036_oth
108,Description: What COVID-19 vaccine brand did you receive? Other brand
108,"Branching Logic: c19_v1035 = ""Yes"""
108,"Field Options: 0- No, 1- Yes"
108,c19_v1037
108,Description: When was the date of your first shot (or when is it scheduled (MM/YYYY))?
108,"Branching Logic: c19_v1035 = ""Yes"""
108,"Field Options: 0- No, 1- Yes"
108,c19_v1038
108,Description: When was the date of your second shot (or when is it scheduled (DD/MM/
108,YYYY))?
108,"Branching Logic: c19_v1035 = ""Yes"""
108,"Field Options: 0- No, 1- Yes"
108,c19_v1039
108,Description: Have you received a COVID-19 booster shot?
108,"Field Options: 0- No, 1- Yes"
109,c19_v103_0
109,Description: Please select the symptoms that you experienced with COVID-19. None of
109,these symptoms
109,"Branching Logic: c19_v101 = ""Yes"""
109,"Field Options: 0- No, 1- Yes"
109,c19_v103_1
109,Description: Please select the symptoms that you experienced with COVID-19. Bluish lips
109,or face
109,"Branching Logic: c19_v101 = ""Yes"""
109,"Field Options: 0- No, 1- Yes"
109,c19_v103_10
109,Description: Please select the symptoms that you experienced with COVID-19. Fatigue
109,"Branching Logic: c19_v101 = ""Yes"""
109,"Field Options: 0- No, 1- Yes"
109,c19_v103_11
109,Description: Please select the symptoms that you experienced with COVID-19. Fever
109,"Branching Logic: c19_v101 = ""Yes"""
109,"Field Options: 0- No, 1- Yes"
109,c19_v103_12
109,Description: Please select the symptoms that you experienced with COVID-19.
109,Hallucinations
109,"Branching Logic: c19_v101 = ""Yes"""
109,"Field Options: 0- No, 1- Yes"
110,c19_v103_13
110,Description: Please select the symptoms that you experienced with COVID-19. Headache
110,"Branching Logic: c19_v101 = ""Yes"""
110,"Field Options: 0- No, 1- Yes"
110,c19_v103_14
110,Description: Please select the symptoms that you experienced with COVID-19. Loss of
110,smell
110,"Branching Logic: c19_v101 = ""Yes"""
110,"Field Options: 0- No, 1- Yes"
110,c19_v103_15
110,Description: Please select the symptoms that you experienced with COVID-19. Loss of
110,taste
110,"Branching Logic: c19_v101 = ""Yes"""
110,"Field Options: 0- No, 1- Yes"
110,c19_v103_16
110,Description: Please select the symptoms that you experienced with COVID-19. Muscle or
110,body aches
110,"Branching Logic: c19_v101 = ""Yes"""
110,"Field Options: 0- No, 1- Yes"
110,c19_v103_17
110,Description: Please select the symptoms that you experienced with COVID-19. Nausea
110,"Branching Logic: c19_v101 = ""Yes"""
110,"Field Options: 0- No, 1- Yes"
111,c19_v103_18
111,Description: Please select the symptoms that you experienced with COVID-19. Shortness
111,of breath or diffculty breathing
111,"Branching Logic: c19_v101 = ""Yes"""
111,"Field Options: 0- No, 1- Yes"
111,c19_v103_19
111,Description: Please select the symptoms that you experienced with COVID-19. Sore
111,throat
111,"Branching Logic: c19_v101 = ""Yes"""
111,"Field Options: 0- No, 1- Yes"
111,c19_v103_2
111,Description: Please select the symptoms that you experienced with COVID-19. Bluish or
111,purple toes
111,"Branching Logic: c19_v101 = ""Yes"""
111,"Field Options: 0- No, 1- Yes"
111,c19_v103_20
111,Description: Please select the symptoms that you experienced with COVID-19. Vomiting
111,"Branching Logic: c19_v101 = ""Yes"""
111,"Field Options: 0- No, 1- Yes"
111,c19_v103_3
111,Description: Please select the symptoms that you experienced with COVID-19. Brain fog
111,or memory problems
111,"Branching Logic: c19_v101 = ""Yes"""
111,"Field Options: 0- No, 1- Yes"
112,c19_v103_4
112,Description: Please select the symptoms that you experienced with COVID-19. Chest
112,pain or pressure
112,"Branching Logic: c19_v101 = ""Yes"""
112,"Field Options: 0- No, 1- Yes"
112,c19_v103_5
112,Description: Please select the symptoms that you experienced with COVID-19. Confusion
112,"Branching Logic: c19_v101 = ""Yes"""
112,"Field Options: 0- No, 1- Yes"
112,c19_v103_6
112,Description: Please select the symptoms that you experienced with COVID-19.
112,Congestion or runny nose
112,"Branching Logic: c19_v101 = ""Yes"""
112,"Field Options: 0- No, 1- Yes"
112,c19_v103_7
112,Description: Please select the symptoms that you experienced with COVID-19. Cough
112,"Branching Logic: c19_v101 = ""Yes"""
112,"Field Options: 0- No, 1- Yes"
112,c19_v103_8
112,Description: Please select the symptoms that you experienced with COVID-19. Diarrhea
112,"Branching Logic: c19_v101 = ""Yes"""
112,"Field Options: 0- No, 1- Yes"
113,c19_v103_9
113,Description: Please select the symptoms that you experienced with COVID-19.
113,Exhaustion or excessive sleepiness
113,"Branching Logic: c19_v101 = ""Yes"""
113,"Field Options: 0- No, 1- Yes"
113,c19_v104
113,Description: Have you ever been hospitalized for COVID-19? Were you hospitalized for
113,COVID-19?
113,"Branching Logic: c19_v101 = ""Yes"""
113,"Field Options: 0- No, 1- Yes"
113,c19_v1040_1
113,Description: What COVID-19 vaccine brand did you receive for your booster shot?
113,Moderna
113,"Branching Logic: c19_v1039 = ""Yes"""
113,"Field Options: 0- No, 1- Yes"
113,c19_v1040_2
113,Description: What COVID-19 vaccine brand did you receive for your booster shot? Pfizer
113,"Branching Logic: c19_v1039 = ""Yes"""
113,"Field Options: 0- No, 1- Yes"
113,c19_v1040_3
113,Description: What COVID-19 vaccine brand did you receive for your booster shot?
113,Janssen/Johnson & Johnson
113,"Branching Logic: c19_v1039 = ""Yes"""
113,"Field Options: 0- No, 1- Yes"
114,c19_v1040_4
114,Description: What COVID-19 vaccine brand did you receive for your booster shot?
114,AstraZeneca
114,"Branching Logic: c19_v1039 = ""Yes"""
114,"Field Options: 0- No, 1- Yes"
114,c19_v1041
114,Description: When was the date of your booster shot (MM/YYYY)?
114,"Branching Logic: c19_v1039 = ""Yes"""
114,"Field Options: 0- No, 1- Yes"
114,c19_v105
114,Description: For how many days were you hospitalized for COVID-19?
114,"Branching Logic: c19_v104 = ""Yes"""
114,"Field Options: 0- No, 1- Yes"
114,c19_v106
114,Description: Were you admitted to the ICU for COVID-19?
114,"Branching Logic: c19_v104 = ""Yes"""
114,"Field Options: 0- No, 1- Yes"
114,c19_v107
114,Description: Were you intubated and put on a ventilator (breathing machine) for
114,COVID-19?
114,"Branching Logic: c19_v104 = ""Yes"""
114,"Field Options: 0- No, 1- Yes, 333- I am not sure"
115,c19_v108
115,"Description: At any time in the hospital for COVID-19, were you given supplemental"
115,oxygen?
115,"Branching Logic: c19_v104 = ""Yes"""
115,"Field Options: 0- No, 1- Yes"
115,c19_v109
115,Description: Are you currently experiencing any long term COVID-19 symptoms (lasting
115,longer than 1 month)?
115,"Branching Logic: c19_v104 = ""Yes"""
115,"Field Options: 0- No, 1- Yes"
115,Diet_Survey
115,↑
115,Fields: 26
115,hml_id
115,Description: HML ID
115,mindcrowd_id
115,Description: MindCrowd ID
115,diet_timestamp
115,Description: Diet Date timestamp
115,diet_v101
115,Description: How would you rate your overall habits of eating healthy foods?
115,"Field Options: 1- Poor, 2- Fair, 3- Good, 4- Very Good, 5- Excellent"
116,diet_v1010_0
116,Description: How would you best describe your diet? None of the above.
116,"Field Options: 0- No, 1- Yes"
116,diet_v1010_1
116,Description: How would you best describe your diet? Western Diet: (high intakes of red
116,"meat, sugary desserts, high-fat foods, and refined grains)"
116,"Field Options: 0- No, 1- Yes"
116,diet_v1010_10
116,Description: How would you best describe your diet? Intermittent Fasting
116,"Field Options: 0- No, 1- Yes"
116,diet_v1010_11
116,Description: How would you best describe your diet? Gluten-free or Gluten-Casein free
116,diet
116,"Field Options: 0- No, 1- Yes"
116,diet_v1010_2
116,Description: How would you best describe your diet? Western-Style Diet - Western diet
116,"based but with ""healthier"" options such as decreasing red meat, healthier dessert, and"
116,lower fat foods.
116,"Field Options: 0- No, 1- Yes"
116,diet_v1010_3
116,"Description: How would you best describe your diet? Mediterranean: Olive oil, legumes,"
116,"unrefined cereals, fruits, and vegetables, moderate consumption of fish and dairy products"
116,and low consumption of meat and meat products)
116,"Field Options: 0- No, 1- Yes"
117,diet_v1010_4
117,Description: How would you best describe your diet? Pescatarian: Includes fish but not
117,any other type of meat.
117,"Field Options: 0- No, 1- Yes"
117,diet_v1010_5
117,Description: How would you best describe your diet? Vegetarian: A vegetarian diet is one
117,which excludes meat.
117,"Field Options: 0- No, 1- Yes"
117,diet_v1010_6
117,Description: How would you best describe your diet? Vegan: In addition to the
117,"requirements of a vegetarian diet, vegans do not eat food produced by animals, such as"
117,"eggs, dairy products, or honey."
117,"Field Options: 0- No, 1- Yes"
117,diet_v1010_7
117,"Description: How would you best describe your diet? Paleo, Atkins or South Beach or"
117,other low carbohydrate diets
117,"Field Options: 0- No, 1- Yes"
117,diet_v1010_8
117,"Description: How would you best describe your diet? Medical: for example, ketogenic"
117,"diet, DASH diet, diabetic diet or other medical diets"
117,"Field Options: 0- No, 1- Yes"
117,diet_v1010_9
117,Description: How would you best describe your diet? Calorie-restricted Diet: Weight
117,"Watchers, Jenny Craig, Nutrisystem"
117,"Field Options: 0- No, 1- Yes"
118,diet_v1011
118,Description: Approximately how many years do you think you've eaten the diet you
118,described above?
118,diet_v102
118,"Description: How many servings (1 serving = 1/2 cup) of fresh, canned, frozen, or dried"
118,fruit did you eat each day?
118,"Field Options: 1- Less than 1, 2- 1 time, 3- 2-3 times, 4- 4-5 times, 5- 6 or more"
118,times
118,diet_v103
118,"Description: How many servings of fresh, canned, frozen, or dried vegetables did you eat"
118,each day?
118,"Field Options: 1- Less than 1, 2- 1 time, 3- 2-3 times, 4- 4-5 times, 5- 6 or more"
118,times
118,diet_v104
118,"Description: How many times a day did you eat fried food or packaged snacks high in fat,"
118,"salt, or sugar?"
118,"Field Options: 1- Less than 1, 2- 1 time, 3- 2-3 times, 4- 4-5 times, 5- 6 or more"
118,times
118,diet_v105
118,Description: How many times a day did you eat sweet foods (not the low-fat kind) or
118,"desserts, like chocolate or ice cream, and other sweets?"
118,"Field Options: 1- Less than 1, 2- 1 time, 3- 2-3 times, 4- 4-5 times, 5- 6 or more"
118,times
119,diet_v106
119,"Description: How many regular soda, sweet tea, juice, energy/sports drinks, sweetened"
119,"coffee, or other sugar"
119,"Field Options: 1- Less than 1, 2- 1 time, 3- 2-3 times, 4- 4-5 times, 5- 6 or more"
119,times
119,diet_v107
119,"Description: How many servings (1 serving = 3 to 6 ounces) of meat (beef, pork, chicken)"
119,did you eat each day?
119,"Field Options: 1- Less than 1, 2- 1 time, 3- 2 times, 4- 3 times, 5- 4 or more times"
119,diet_v108
119,"Description: How many times a day did you eat dairy products (milk, yogurt, cheese)?"
119,"Field Options: 1- Less than 1, 2- 1 time, 3- 2 times, 4- 3 times, 5- 4 or more times"
119,diet_v109
119,Description: How many times a day did you eat fish or beans?
119,"Field Options: 1- Less than 1, 2- 1 time, 3- 2 times, 4- 3 times, 5- 4 or more times"
119,visit
119,Description: Visit number; where visit = 1 indicates baseline visit and visit = 2 indicates
119,"the first follow-up visit two years after baseline visit.; 1 = Baseline, 2–n = Follow-up visits"
119,corresponding to Year 2 through Year n
119,Epigenetic_Clocks
119,↑
119,Fields: 6
119,hml_id
119,Description: HML ID (Source field label: sample)
120,mindcrowd_id
120,Description: MindCrowd ID
120,altumage
120,Description: AltumAge epigenetic clock (Source field label: altumage)
120,dunedinpace
120,Description: DunedinPACE epigenetic clock (Source field label: dunedinpace)
120,horvath2013
120,Description: Horvath 2013 epigenetic clock (Source field label: horvath2013)
120,visit
120,Description: Visit number; where visit = 1 indicates baseline visit and visit = 2 indicates
120,"the first follow-up visit two years after baseline visit.; 1 = Baseline, 2–n = Follow-up visits"
120,corresponding to Year 2 through Year n
120,Family_History_Survey
120,↑
120,Fields: 21
120,hml_id
120,Description: HML ID
120,mindcrowd_id
120,Description: MindCrowd ID
121,fhad_timestamp
121,Description: FHAD Date timestamp
121,fhad_v101
121,Description: Have any of your biological relatives been diagnosed with Alzheimer's
121,disease?
121,"Field Options: 0- No, 1- Yes"
121,fhad_v1010
121,Description: If you have a first-degree relative that was diagnosed with Alzheimer’s
121,"disease at any age, what age were they diagnosed? Additional sibling 2 (years)"
121,"Branching Logic: fhad_v104_6 = ""Yes"""
121,"Field Options: 0- No, 1- Yes"
121,fhad_v1011
121,"Description: Do you have any second-degree relatives (grandparents, grandchildren,"
121,"aunts, uncles, nephews, nieces, or half-siblings) that have been diagnosed with"
121,Alzheimer’s disease?
121,"Branching Logic: fhad_v101 = ""Yes"""
121,"Field Options: 0- No, 1- Yes"
121,fhad_v1012
121,Description: Have you had your DNA analyzed by 23andMe?
121,"Field Options: 0- No, 1- Yes"
121,fhad_v1013
121,Description: Could you indicate the number of APOE E4 alleles you carry in your
121,genome? This is indicated in your 23andMe report.
121,"Branching Logic: fhad_v1012 = ""Yes"""
121,"Field Options: 0- 0, 1- 1, 2- 2, 999- Prefer not to answer"
122,fhad_v102
122,Description: Have any of your first-degree relatives (a first-degree relative is defined as
122,"your biological mother, father, or siblings) been diagnosed with Alzheimer's disease?"
122,"Branching Logic: fhad_v101 = ""Yes"""
122,"Field Options: 0- No, 1- Yes"
122,fhad_v103
122,Description: Was your first-degree relative diagnosed with Alzheimer’s disease before the
122,age of 55?
122,"Branching Logic: fhad_v102 = ""Yes"""
122,"Field Options: 0- No, 1- Yes"
122,fhad_v104_1
122,Description: If you have a first-degree relative that was diagnosed with Alzheimer’s
122,"disease at any age, what age were they diagnosed? Mother"
122,"Branching Logic: fhad_v102 = ""Yes"""
122,"Field Options: 0- No, 1- Yes"
122,fhad_v104_2
122,Description: If you have a first-degree relative that was diagnosed with Alzheimer’s
122,"disease at any age, what age were they diagnosed? Father"
122,"Branching Logic: fhad_v102 = ""Yes"""
122,"Field Options: 0- No, 1- Yes"
122,fhad_v104_3
122,Description: If you have a first-degree relative that was diagnosed with Alzheimer’s
122,"disease at any age, what age were they diagnosed? Sister"
122,"Branching Logic: fhad_v102 = ""Yes"""
122,"Field Options: 0- No, 1- Yes"
123,fhad_v104_4
123,Description: If you have a first-degree relative that was diagnosed with Alzheimer’s
123,"disease at any age, what age were they diagnosed? Brother"
123,"Branching Logic: fhad_v102 = ""Yes"""
123,"Field Options: 0- No, 1- Yes"
123,fhad_v104_5
123,Description: If you have a first-degree relative that was diagnosed with Alzheimer’s
123,"disease at any age, what age were they diagnosed? Additional sibling 1"
123,"Branching Logic: fhad_v102 = ""Yes"""
123,"Field Options: 0- No, 1- Yes"
123,fhad_v104_6
123,Description: If you have a first-degree relative that was diagnosed with Alzheimer’s
123,"disease at any age, what age were they diagnosed? Additional sibling 2"
123,"Branching Logic: fhad_v102 = ""Yes"""
123,"Field Options: 0- No, 1- Yes"
123,fhad_v105
123,Description: If you have a first-degree relative that was diagnosed with Alzheimer’s
123,"disease at any age, what age were they diagnosed? Mother (years)"
123,"Branching Logic: fhad_v104_1 = ""Yes"""
123,fhad_v106
123,Description: If you have a first-degree relative that was diagnosed with Alzheimer’s
123,"disease at any age, what age were they diagnosed? Father (years)"
123,"Branching Logic: fhad_v104_2 = ""Yes"""
124,fhad_v107
124,Description: If you have a first-degree relative that was diagnosed with Alzheimer’s
124,"disease at any age, what age were they diagnosed? Sister (years)"
124,"Branching Logic: fhad_v104_3 = ""Yes"""
124,fhad_v108
124,Description: If you have a first-degree relative that was diagnosed with Alzheimer’s
124,"disease at any age, what age were they diagnosed? Brother (years)"
124,"Branching Logic: fhad_v104_4 = ""Yes"""
124,fhad_v109
124,Description: If you have a first-degree relative that was diagnosed with Alzheimer’s
124,"disease at any age, what age were they diagnosed? Additional sibling 1 (years)"
124,"Branching Logic: fhad_v104_5 = ""Yes"""
124,Full_MindCrowd_Data
124,↑
124,Fields: 28
124,mindcrowd_id
124,Description: MindCrowd ID
124,age
124,Description: What is your current age? Age at which participant first logged into
124,MindCrowd
124,age_decade
124,Description: Age decade
124,"Field Options: 1- 50s, 2- 60s, 3- 70s"
125,alzheimer
125,Description: Which of the following have you personally experienced or ar you currently
125,experiencing? Alzheimer
125,"Field Options: 0- No, 1- Yes"
125,attention_median_rt
125,Description: Reaction time median score (ms) for simple visual reaction time test (svRT)
125,brain_disease
125,Description: Which of the following have you personally experienced or ar you currently
125,experiencing? Brain disease
125,"Field Options: 0- No, 1- Yes"
125,cancer
125,Description: Which of the following have you personally experienced or ar you currently
125,experiencing? Cancer
125,"Field Options: 0- No, 1- Yes"
125,chronic_stress
125,Description: Which of the following have you personally experienced or ar you currently
125,experiencing? Chronic stress
125,"Field Options: 0- No, 1- Yes"
125,depression_anxiety
125,Description: Which of the following have you personally experienced or ar you currently
125,experiencing? Depression or anxiety
125,"Field Options: 0- No, 1- Yes"
126,handedness
126,Description: Are you left or right hand dominant?
126,heart_disease
126,Description: Which of the following have you personally experienced or ar you currently
126,experiencing? Heart disease
126,"Field Options: 0- No, 1- Yes"
126,highest_education_level_completed
126,Description: Highest level of education completed
126,hispanic_latino
126,Description: Do you consider yourself Hispanic or Latino?
126,hypertension
126,Description: Which of the following have you personally experienced or ar you currently
126,experiencing? Hypertension
126,"Field Options: 0- No, 1- Yes"
126,loss_of_consciousness
126,Description: Which of the following have you personally experienced or ar you currently
126,experiencing? Loss of consciousness
126,"Field Options: 0- No, 1- Yes"
126,memory_problems
126,Description: Which of the following have you personally experienced or ar you currently
126,experiencing? Memory problems
126,"Field Options: 0- No, 1- Yes"
127,no_conditions
127,Description: Which of the following have you personally experienced or ar you currently
127,experiencing? None of these conditions apply to me
127,"Field Options: 0- No, 1- Yes"
127,number_of_daily_medications
127,Description: How many prescription medications do you take on a daily basis?
127,parkinsons_disease
127,Description: Which of the following have you personally experienced or ar you currently
127,experiencing? Parkinson's Disease
127,"Field Options: 0- No, 1- Yes"
127,race
127,Description: Race
127,seizures
127,Description: Which of the following have you personally experienced or ar you currently
127,experiencing? Seizures
127,"Field Options: 0- No, 1- Yes"
127,sex
127,Description: What is your biological sex?
127,sleep_problems
127,Description: Which of the following have you personally experienced or ar you currently
127,experiencing? Sleep problems
127,"Field Options: 0- No, 1- Yes"
128,smoking
128,Description: Which of the following have you personally experienced or ar you currently
128,experiencing? Smoking
128,"Field Options: 0- No, 1- Yes"
128,stroke
128,Description: Which of the following have you personally experienced or ar you currently
128,experiencing? Stroke
128,"Field Options: 0- No, 1- Yes"
128,totalcorrect
128,Description: Total number of correct responses.
128,type_1_diabetes
128,Description: Which of the following have you personally experienced or ar you currently
128,experiencing? Type 1 diabetes
128,"Field Options: 0- No, 1- Yes"
128,type_2_diabetes
128,Description: Which of the following have you personally experienced or ar you currently
128,experiencing? Type 2 diabetes
128,"Field Options: 0- No, 1- Yes"
128,GeMAPS
128,↑
128,Fields: 92
128,hml_id
128,Description: HML ID
129,alpharatiouv_sma3nz_amean
129,Description: Mean Alpha Ratio of Unvoiced Segments: ratio of the summed energy from
129,50-1000 Hz and 1-5 kHz
129,Note: unvoiced spectral parameters
129,alpharatiov_sma3nz_amean
129,Description: Mean Alpha Ratio of Voiced Segments: ratio of the summed energy from
129,50-1000 Hz and 1-5 kHz
129,Note: spectral (shape/balance/dynamics) parameters
129,alpharatiov_sma3nz_stddevnorm
129,Description: Standard Deviation of Alpha Ratio of Voiced Segments: ratio of the summed
129,energy from 50-1000 Hz and 1-5 kHz
129,Note: spectral (shape/balance/dynamics) parameters
129,end
129,Description: End time
129,equivalentsoundlevel_dbp
129,"Description: Equivalent Sound Level, (LEq) is computed by converting the average of the"
129,per-frame RMS energies to a logarithmic (dB) scale
129,Note: temporal parameters
129,f0semitonefrom27_5hz_sma3nz_amean
129,"Description: Mean Pitch; fundamental frequency, logarithmic F0 on a semitone frequency"
129,"scale, starting at 27.5 Hz (semitone 0)"
129,Note: fundamental frequency measures
130,f0semitonefrom27_5hz_sma3nz_meanfallingslope
130,"Description: Mean of slope of falling signal parts of Pitch; fundamental frequency,"
130,"logarithmic F0 on a semitone frequency scale, starting at 27.5 Hz (semitone 0)"
130,Note: fundamental frequency measures
130,f0semitonefrom27_5hz_sma3nz_meanrisingslope
130,"Description: Mean of slope of rising signal parts of Pitch; fundamental frequency,"
130,"logarithmic F0 on a semitone frequency scale, starting at 27.5 Hz (semitone 0)"
130,Note: fundamental frequency measures
130,f0semitonefrom27_5hz_sma3nz_pctlrange0_2
130,"Description: Range of 20th to 80th percentile of Pitch; fundamental frequency, logarithmic"
130,"F0 on a semitone frequency scale, starting at 27.5 Hz (semitone 0)"
130,Note: fundamental frequency measures
130,f0semitonefrom27_5hz_sma3nz_percentile20_0
130,"Description: 20th Percentile of Pitch; fundamental frequency, logarithmic F0 on a"
130,"semitone frequency scale, starting at 27.5 Hz (semitone 0)"
130,Note: fundamental frequency measures
130,f0semitonefrom27_5hz_sma3nz_percentile50_0
130,"Description: 50th Percentile of Pitch; fundamental frequency, logarithmic F0 on a"
130,"semitone frequency scale, starting at 27.5 Hz (semitone 0)"
130,Note: fundamental frequency measures
130,f0semitonefrom27_5hz_sma3nz_percentile80_0
130,"Description: 80th Percentile of Pitch; fundamental frequency, logarithmic F0 on a"
130,"semitone frequency scale, starting at 27.5 Hz (semitone 0)"
130,Note: fundamental frequency measures
131,f0semitonefrom27_5hz_sma3nz_stddevfallingslope
131,Description: Standard Deviation of the slope of falling signal parts of Pitch; fundamental
131,"frequency, logarithmic F0 on a semitone frequency scale, starting at 27.5 Hz (semitone 0)"
131,Note: fundamental frequency measures
131,f0semitonefrom27_5hz_sma3nz_stddevnorm
131,"Description: Standard Deviation of Pitch; fundamental frequency, logarithmic F0 on a"
131,"semitone frequency scale, starting at 27.5 Hz (semitone 0)"
131,Note: fundamental frequency measures
131,f0semitonefrom27_5hz_sma3nz_stddevrisingslope
131,Description: Standard Deviation of the slope of rising signal parts of Pitch; fundamental
131,"frequency, logarithmic F0 on a semitone frequency scale, starting at 27.5 Hz (semitone 0)"
131,Note: fundamental frequency measures
131,f1amplitudelogrelf0_sma3nz_amean
131,Description: Mean Amplitude of first formant
131,Note: frequency parameter
131,f1amplitudelogrelf0_sma3nz_stddevnorm
131,Description: Standard Deviation of Amplitude of first formant
131,Note: frequency parameter
131,f1bandwidth_sma3nz_amean
131,Description: Mean bandwidth of first formant
131,Note: frequency parameter
132,f1bandwidth_sma3nz_stddevnorm
132,Description: Standard Deviation of bandwidth of first formant
132,Note: frequency parameter
132,f1frequency_sma3nz_amean
132,Description: Mean centre frequency of first formant
132,Note: frequency parameter
132,f1frequency_sma3nz_stddevnorm
132,Description: Standard Deviation of centre frequency of first formant
132,Note: frequency parameter
132,f2amplitudelogrelf0_sma3nz_amean
132,Description: Mean Amplitude of second formant
132,Note: frequency parameter
132,f2amplitudelogrelf0_sma3nz_stddevnorm
132,Description: Standard Deviation of Amplitude of second formant
132,Note: frequency parameter
132,f2bandwidth_sma3nz_amean
132,Description: Mean bandwidth of second formant
132,Note: frequency parameter
132,f2bandwidth_sma3nz_stddevnorm
132,Description: Standard Deviation of bandwidth of second formant
132,Note: frequency parameter
133,f2frequency_sma3nz_amean
133,Description: Mean centre frequency of second formant
133,Note: frequency parameter
133,f2frequency_sma3nz_stddevnorm
133,Description: Standard Deviation of centre frequency of second formant
133,Note: frequency parameter
133,f3amplitudelogrelf0_sma3nz_amean
133,Description: Mean Amplitude of third formant
133,Note: frequency parameter
133,f3amplitudelogrelf0_sma3nz_stddevnorm
133,Description: Standard Deviation of Amplitude of third formant
133,Note: frequency parameter
133,f3bandwidth_sma3nz_amean
133,Description: Mean bandwidth of third formant
133,Note: frequency parameter
133,f3bandwidth_sma3nz_stddevnorm
133,Description: Standard Deviation of bandwidth of third formant
133,Note: frequency parameter
133,f3frequency_sma3nz_amean
133,Description: Mean centre frequency of third formant
133,Note: frequency parameter
134,f3frequency_sma3nz_stddevnorm
134,Description: Standard Deviation of centre frequency of third formant
134,Note: frequency parameter
134,hammarbergindexuv_sma3nz_amean
134,Description: Mean Hammarberg Index for Unvoiced Segments: ratio of the strongest
134,energy peak in the 0-2 kHz region to the strongest peak in the 2–5 kHz region
134,Note: unvoiced spectral parameters
134,hammarbergindexv_sma3nz_amean
134,Description: Mean Hammarberg Index for Voiced Segments: ratio of the strongest energy
134,peak in the 0-2 kHz region to the strongest peak in the 2–5 kHz region
134,Note: spectral (shape/balance/dynamics) parameters
134,hammarbergindexv_sma3nz_stddevnorm
134,Description: Standard Deviation of Hammarberg Index for Voiced Segments: ratio of the
134,strongest energy peak in the 0-2 kHz region to the strongest peak in the 2–5 kHz region
134,Note: spectral (shape/balance/dynamics) parameters
134,hnrdbacf_sma3nz_amean
134,Description: Harmonics to noise ratio: relation of energy in harmonic components to
134,energy in noise-like components
134,Note: frequency parameter
134,hnrdbacf_sma3nz_stddevnorm
134,Description: Harmonics to noise ratio: relation of energy in harmonic components to
134,energy in noise-like components
134,Note: frequency parameter
135,jitterlocal_sma3nz_amean
135,Description: Mean deviations in indivual consecutive pitch period length
135,Note: frequency parameter
135,jitterlocal_sma3nz_stddevnorm
135,Description: Standard Deviation of deviations in indivual consecutive pitch period length
135,Note: frequency parameter
135,logrelf0_h1_a3_sma3nz_amean
135,Description: Mean Harmonic difference: ratio of energy of the first F0 harmonic (H1) to
135,the energy of the highest harmonic in the third formant range (A3)
135,Note: spectral (shape/balance/dynamics) parameters
135,logrelf0_h1_a3_sma3nz_stddevnorm
135,Description: Standard Deviation of Harmonic difference: ratio of energy of the first F0
135,harmonic (H1) to the energy of the highest harmonic in the third formant range (A3)
135,Note: spectral (shape/balance/dynamics) parameters
135,logrelf0_h1_h2_sma3nz_amean
135,Description: Mean Harmonic difference: ratio of energy of the first F0 harmonic (H1) to
135,the energy of the second F0 harmonic (H2)
135,Note: spectral (shape/balance/dynamics) parameters
135,logrelf0_h1_h2_sma3nz_stddevnorm
135,Description: Standard Deviation of Harmonic difference: ratio of energy of the first F0
135,harmonic (H1) to the energy of the second F0 harmonic (H2)
135,Note: spectral (shape/balance/dynamics) parameters
136,loudness_sma3_amean
136,Description: mean loudness: estimate of perceived signal intensity from an auditory
136,spectrum
136,Note: energy/amplitude parameter
136,loudness_sma3_meanfallingslope
136,Description: Mean of slope of falling signal parts of loudness: estimate of perceived signal
136,intensity from an auditory spectrum
136,Note: energy/amplitude parameter
136,loudness_sma3_meanrisingslope
136,Description: Mean of slope of rising signal parts of loudness: estimate of perceived signal
136,intensity from an auditory spectrum
136,Note: energy/amplitude parameter
136,loudness_sma3_pctlrange0_2
136,Description: range of 20th to 80th percentile for loudness: estimate of perceived signal
136,intensity from an auditory spectrum
136,Note: energy/amplitude parameter
136,loudness_sma3_percentile20_0
136,Description: 20th Percentile of loudness: estimate of perceived signal intensity from an
136,auditory spectrum
136,Note: energy/amplitude parameter
136,loudness_sma3_percentile50_0
136,Description: 50th Percentile of loudness: estimate of perceived signal intensity from an
136,auditory spectrum
136,Note: energy/amplitude parameter
137,loudness_sma3_percentile80_0
137,Description: 80th percentile of loudness: estimate of perceived signal intensity from an
137,auditory spectrum
137,Note: energy/amplitude parameter
137,loudness_sma3_stddevfallingslope
137,Description: Standard Deviation of slope of falling signal parts of loudness: estimate of
137,perceived signal intensity from an auditory spectrum
137,Note: energy/amplitude parameter
137,loudness_sma3_stddevnorm
137,Description: standard deviation/variance of loudness: estimate of perceived signal
137,intensity from an auditory spectrum
137,Note: energy/amplitude parameter
137,loudness_sma3_stddevrisingslope
137,Description: Standard Deviation of slope of rising signal parts of loudness: estimate of
137,perceived signal intensity from an auditory spectrum
137,Note: energy/amplitude parameter
137,loudnesspeakspersec
137,"Description: Rate of loudness peaks, i.e., the number of loudness peaks per second"
137,Note: temporal parameters
137,meanunvoicedsegmentlength
137,Description: Mean length of unvoiced regions (F0=0; approximating pauses)
137,Note: temporal parameters
138,meanvoicedsegmentlengthsec
138,Description: Mean length of continuously voiced regions (F0>0)
138,Note: temporal parameters
138,mfcc1_sma3_amean
138,Description: Mean Mel-Frequency-Cepstral-Coefficient 1 (vocal timbre)
138,Note: spectral (shape/balance/dynamics) parameters
138,mfcc1_sma3_stddevnorm
138,Description: Standard Deviation of Mel-Frequency-Cepstral-Coefficient 1 (vocal timbre)
138,Note: spectral (shape/balance/dynamics) parameters
138,mfcc1v_sma3nz_amean
138,Description: Mean Mel-Frequency-Cepstral-Coefficient 1 for Voiced Segments only (vocal
138,timbre)
138,Note: spectral (shape/balance/dynamics) parameters
138,mfcc1v_sma3nz_stddevnorm
138,Description: Standard Deviation of Mel-Frequency-Cepstral-Coefficient 1 for Voiced
138,Segments only (vocal timbre)
138,Note: spectral (shape/balance/dynamics) parameters
138,mfcc2_sma3_amean
138,Description: Mean Mel-Frequency-Cepstral-Coefficient 2 (vocal timbre)
138,Note: spectral (shape/balance/dynamics) parameters
138,mfcc2_sma3_stddevnorm
138,Description: Standard Deviation of Mel-Frequency-Cepstral-Coefficient 2 (vocal timbre)
138,Note: spectral (shape/balance/dynamics) parameters
139,mfcc2v_sma3nz_amean
139,Description: Mean Mel-Frequency-Cepstral-Coefficient 2 for Voiced Segments only (vocal
139,timbre)
139,Note: spectral (shape/balance/dynamics) parameters
139,mfcc2v_sma3nz_stddevnorm
139,Description: Standard Deviation of Mel-Frequency-Cepstral-Coefficient 2 for Voiced
139,Segments only (vocal timbre)
139,Note: spectral (shape/balance/dynamics) parameters
139,mfcc3_sma3_amean
139,Description: Mean Mel-Frequency-Cepstral-Coefficient 3 (vocal timbre)
139,Note: spectral (shape/balance/dynamics) parameters
139,mfcc3_sma3_stddevnorm
139,Description: Standard Deviation of Mel-Frequency-Cepstral-Coefficient 3 (vocal timbre)
139,Note: spectral (shape/balance/dynamics) parameters
139,mfcc3v_sma3nz_amean
139,Description: Mean Mel-Frequency-Cepstral-Coefficient for Voiced Segments only (vocal
139,timbre)
139,Note: spectral (shape/balance/dynamics) parameters
139,mfcc3v_sma3nz_stddevnorm
139,Description: Standard Deviation of Mel-Frequency-Cepstral-Coefficient 3 for Voiced
139,Segments only (vocal timbre)
139,Note: spectral (shape/balance/dynamics) parameters
140,mfcc4_sma3_amean
140,Description: Mean Mel-Frequency-Cepstral-Coefficient 4 (vocal timbre)
140,Note: spectral (shape/balance/dynamics) parameters
140,mfcc4_sma3_stddevnorm
140,Description: Standard Deviation of Mel-Frequency-Cepstral-Coefficient 4 (vocal timbre)
140,Note: spectral (shape/balance/dynamics) parameters
140,mfcc4v_sma3nz_amean
140,Description: Mean Mel-Frequency-Cepstral-Coefficient 4 for Voiced Segments only (vocal
140,timbre)
140,Note: spectral (shape/balance/dynamics) parameters
140,mfcc4v_sma3nz_stddevnorm
140,Description: Standard Deviation of Mel-Frequency-Cepstral-Coefficient 4 for Voiced
140,Segments only (vocal timbre)
140,Note: spectral (shape/balance/dynamics) parameters
140,shimmerlocaldb_sma3nz_amean
140,Description: Mean difference in the peak amplitudes of consecutive pitch periods
140,Note: energy/amplitude parameter
140,shimmerlocaldb_sma3nz_stddevnorm
140,Description: Standard Deviation of differences in peaak amplitudes of consecutive pitch
140,periods
140,Note: energy/amplitude parameter
141,slopeuv0_500_sma3nz_amean
141,"Description: Mean Spectral slope for Unvoiced Segments 0-500 Hz, linear regression"
141,slope of the logarithmic power spectrum within the two given bands
141,Note: unvoiced spectral parameters
141,slopeuv500_1500_sma3nz_amean
141,"Description: Mean of Spectral slope for Unvoiced Segments 500-1500 Hz, linear"
141,regression slope of the logarithmic power spectrum within the two given bands
141,Note: unvoiced spectral parameters
141,slopev0_500_sma3nz_amean
141,"Description: Mean Spectral slope for Voiced Segments 0-500 Hz, linear regression slope"
141,of the logarithmic power spectrum within the two given bands
141,Note: spectral (shape/balance/dynamics) parameters
141,slopev0_500_sma3nz_stddevnorm
141,"Description: Standard Deviation of Spectral slope for Voiced Segments 0-500 Hz, linear"
141,regression slope of the logarithmic power spectrum within the two given bands
141,Note: spectral (shape/balance/dynamics) parameters
141,slopev500_1500_sma3nz_amean
141,"Description: Mean Spectral slope for Voiced Segments 500-1500 Hz, linear regression"
141,slope of the logarithmic power spectrum within the two given bands
141,Note: spectral (shape/balance/dynamics) parameters
141,slopev500_1500_sma3nz_stddevnorm
141,"Description: Standard Deviation of Spectral slope for Voiced Segments 500-1500 Hz,"
141,linear regression slope of the logarithmic power spectrum within the two given bands
141,Note: spectral (shape/balance/dynamics) parameters
142,spectralflux_sma3_amean
142,Description: Mean Spectral flux: difference of the spectra of two consecutive frames
142,Note: spectral (shape/balance/dynamics) parameters
142,spectralflux_sma3_stddevnorm
142,Description: Standard Deviation of Spectral flux: difference of the spectra of two
142,consecutive frames
142,Note: spectral (shape/balance/dynamics) parameters
142,spectralfluxuv_sma3nz_amean
142,Description: Mean Spectral flux of Unvoiced Segments: difference of the spectra of two
142,consecutive frames
142,Note: unvoiced spectral parameters
142,spectralfluxv_sma3nz_amean
142,Description: Mean Spectral flux of Voiced Segments: difference of the spectra of two
142,consecutive frames
142,Note: spectral (shape/balance/dynamics) parameters
142,spectralfluxv_sma3nz_stddevnorm
142,Description: Standard Deviation of Spectral flux of Voiced Segments: difference of the
142,spectra of two consecutive frames
142,Note: spectral (shape/balance/dynamics) parameters
142,start
142,Description: Start time
143,stddevunvoicedsegmentlength
143,Description: Standard Deviation of length of unvoiced regions (F0=0; approximating
143,pauses)
143,Note: temporal parameters
143,stddevvoicedsegmentlengthsec
143,Description: Standard Deviation of length of continuously voiced regions (F0>0)
143,Note: temporal parameters
143,task
143,Description: AW = Aging Well task; EM = Episodic Memory task
143,voicedsegmentspersec
143,Description: number of continuous voiced regions per second (pseudo syllable rate)
143,Note: temporal parameters
143,HML_Demographics
143,↑
143,Fields: 33
143,hml_id
143,Description: HML ID
143,mindcrowd_id
143,Description: MindCrowd ID
143,age_hml
143,Description: What is your current age?
144,created_date_participant
144,Description: Date the participant first logged into MindCrowd
144,discontinued_date
144,Description: Date Discontinued
144,discontinued_reason_0
144,"Description: Reason for not returning for 2YR Follow-Up: 0, Deceased"
144,discontinued_reason_1
144,"Description: Reason for not returning for 2YR Follow-Up: 1, Declined"
144,discontinued_reason_2
144,"Description: Reason for not returning for 2YR Follow-Up: 2, Unable to Continue"
144,discontinued_reason_3
144,"Description: Reason for not returning for 2YR Follow-Up: 3, No Longer Eligible"
144,discontinued_reason_4
144,"Description: Reason for not returning for 2YR Follow-Up: 4, No Show"
144,discontinued_reason_5
144,"Description: Reason for not returning for 2YR Follow-Up: 5, Moved Away"
144,discontinued_reason_555
144,"Description: Reason for not returning for 2YR Follow-Up: 555, Other {reason_oth}"
145,discontinued_reason_6
145,"Description: Reason for not returning for 2YR Follow-Up: 6, No Longer Contactable"
145,edu_yrs_hml
145,Description: HML Education Years Validation #(0-100)
145,hispanic_latino_hml
145,Description: Do you consider yourself Hispanic or Latino?
145,"Field Options: 1- Hispanic or Latino, 0- Non Hispanic or Latino"
145,hml_demo_screened_date
145,Description: HML Demographics Date Screened
145,hml_id_created_date
145,Description: Date the HML ID was created
145,is_not_returning
145,Description: Is not returning for 2YR Follow-Up
145,"Field Options: 0- No, 1- Yes"
145,mailing_country_hml
145,Description: What country do you live in?
145,mailing_state_code_hml
145,Description: Mailing address state initials
146,mailing_state_hml
146,Description: Mailing address state
146,race_ethnicity
146,Description: Combined race and ethnicity variable used for participant screening
146,race_hml_1
146,Description: Race: American Indian or Alaska Native
146,"Field Options: 0- No, 1- Yes"
146,race_hml_2
146,Description: Race: Asian
146,"Field Options: 0- No, 1- Yes"
146,race_hml_3
146,Description: Race: Black or African American
146,"Field Options: 0- No, 1- Yes"
146,race_hml_4
146,Description: Race: Native Hawaiian or Other Pacific Islander
146,"Field Options: 0- No, 1- Yes"
146,race_hml_5
146,Description: Race: White
146,"Field Options: 0- No, 1- Yes"
147,race_hml_555
147,Description: Race: Other
147,"Field Options: 0- No, 1- Yes"
147,race_oth
147,Description: Race Other (Specify)
147,"Branching Logic: race_hml_555 = ""Yes"""
147,reason_oth
147,Description: Reason Other (Specify)
147,sex_hml
147,Description: What is your biological sex?
147,site
147,Description: Recruitment site
147,visit
147,Description: Visit number; where visit = 1 indicates baseline visit and visit = 2 indicates
147,"the first follow-up visit two years after baseline visit.; 1 = Baseline, 2–n = Follow-up visits"
147,corresponding to Year 2 through Year n
147,HML_Eligibility
147,↑
147,Fields: 9
147,hml_id
147,Description: HML ID
148,mindcrowd_id
148,Description: MindCrowd ID
148,eligibility_contact_time
148,Description: Eligibility Form Date/Time
148,hif_eligible_bd
148,Description: Blood Draw Eligiblility
148,"Field Options: Yes- Eligible, No- Ineligible"
148,hif_eligible_behav
148,Description: Behavioral Testing Eligibility
148,"Field Options: Yes- Eligible, No- Ineligible"
148,hif_eligible_mri
148,Description: MRI Scanning Eligibility
148,"Field Options: Yes- Eligible, No- Ineligible"
148,hif_p2_no
148,"Description: If not eligible, what is the reason?"
148,not_eligible
148,Description: Not Eligible
148,Field Options: 0- Dropped from study
148,not_eligible_date
148,Description: Not Eligible Date
148,Branching Logic: not_eligible = 0
149,HML_Scored_Surveys
149,↑
149,Fields: 24
149,hml_id
149,Description: HML ID
149,anxiety_frequency
149,Description: Sum of anxiety symptom frequency on a 0 – 170 scale. Sum of frequency
149,(even numbers) from Anxiety survey.
149,Note: https://doi.org/10.1136/gpsych-2019-100144
149,anxiety_intensity
149,Description: Sum of anxiety symptom intensity on a 0 – 170 scale. Sum of intensity (odd
149,numbers) from Anxiety survey.
149,Note: https://doi.org/10.1136/gpsych-2019-100144
149,anxiety_total
149,Description: Sum of anxiety symptoms on a 0 – 340 scale; higher scores indicate greater
149,frequency and duration of anxiety symptoms. Sum of all items from Anxiety survey.
149,Note: https://doi.org/10.1136/gpsych-2019-100144
149,loneliness_total
149,Description: From Social Support survey. Sum of all 3 questions.
149,Note: https://doi.org/10.1177/0164027504268574
149,MSPSS_family
149,Description: Social Support Multidimensional Scale of Perceived Social Support.
149,"Subscales calculated by taking the average of four items: family (106, 107, 1011, 1014)"
149,from Social Support survey
149,Note: https://doi.org/10.1207/s15327752jpa5201_2
150,MSPSS_friends
150,Description: Social Support Multidimensional Scale of Perceived Social Support.
150,"Subscales calculated by taking the average of four items: friends (109, 1010, 1012, 1015)"
150,from Social Support survey
150,Note: https://doi.org/10.1207/s15327752jpa5201_2
150,MSPSS_so
150,Description: Social Support Multidimensional Scale of Perceived Social Support.
150,"Subscales calculated by taking the average of four items: significant other (104, 105, 108,"
150,1013) from Social Support survey
150,Note: https://doi.org/10.1207/s15327752jpa5201_2
150,MSPSS_total
150,Description: Social Support Multidimensional Scale of Perceived Social Support. Sum of
150,all 12 questions from Social Support survey.
150,Note: https://doi.org/10.1207/s15327752jpa5201_2
150,nr_of_stressful_events
150,Description: From Social Stressor survey. The number of stressful events experienced in
150,"the last year, not considering the intensity of the experienced stress. Sum of all 12 events."
150,0-12 scale.
150,Note: https://doi.org/10.1161/JAHA.113.000687
150,qpar_heavy_dose
150,Description: Sum of all activity doses within heavy activity levels from QPAR survey. Max
150,heavy dose: 54 (27 before 03/22/2025)
150,Note: https://doi.org/10.1371/journal.pone.0241641
151,qpar_mild_dose
151,Description: Sum of all activity doses within mild activity levels from QPAR survey. Max
151,Mild dose: 45.
151,Note: https://doi.org/10.1371/journal.pone.0241641
151,qpar_moderate_dose
151,Description: Sum of all activity doses within moderate activity levels from QPAR survey.
151,Max Moderate dose: 54 (36 before 03/22/2025)
151,Note: https://doi.org/10.1371/journal.pone.0241641
151,qpar_total
151,Description: Sum of all doses of activity on a 0 – 153 scale (0 – 108 scale before
151,"03/22/25) 0 = lowest activity level, 153 = highest activity level. From QPAR survey: Multiply"
151,"intensity (1-3), frequency (0-3), and duration (0-3) per item, sum up all doses for original"
151,scoring.
151,Note: https://doi.org/10.1371/journal.pone.0241641
151,sleep_initiation
151,"Description: Frequency of trouble falling asleep on a 1-6 scale, higher scores indicate"
151,fewer troubles. From Sleep survey: Initiation = 1026
151,"Note: Hays, R. D., & Stewart, A. L. (1992). 14. Sleep Measures. In:"
151,Measuring functioning and well‐being: The Medical Outcomes Study
151,approach.
151,sleep_maintenance
151,"Description: Ability to maintain sleep on a 2-12 scale, higher scores indicate better sleep"
151,maintenance. From Sleep survey: Maintenance = 1023 + 1027.
151,"Note: Hays, R. D., & Stewart, A. L. (1992). 14. Sleep Measures. In:"
151,Measuring functioning and well‐being: The Medical Outcomes Study
151,approach.
152,sleep_perceived_adequacy
152,"Description: Perceived adequacy of the sleep on a 2-12 scale, higher scores indicate less"
152,perceived adequacy of sleep. From Sleep survey: Perceived adequacy = 1024 + 1031
152,"Note: Hays, R. D., & Stewart, A. L. (1992). 14. Sleep Measures. In:"
152,Measuring functioning and well‐being: The Medical Outcomes Study
152,approach.
152,sleep_quantity
152,Description: Average sleep duration. From Sleep survey: Quantity = sleep_v1022
152,"Note: Hays, R. D., & Stewart, A. L. (1992). 14. Sleep Measures. In:"
152,Measuring functioning and well‐being: The Medical Outcomes Study
152,approach.
152,sleep_respiratory_problems
152,"Description: Frequency of respiratory problems during sleep on a 2-12 scale, higher"
152,scores indicate fewer problems. From Sleep survey: Respiratory problems= 1025+ 1029
152,"Note: Hays, R. D., & Stewart, A. L. (1992). 14. Sleep Measures. In:"
152,Measuring functioning and well‐being: The Medical Outcomes Study
152,approach.
152,sleep_somnolence
152,Description: Frequency of somnolence experiences (excessive daytime sleepiness) on a
152,"3- 36 scale, higher scores indicate fewer somnolence symptoms. From Sleep survey:"
152,Somnolence = 1028 + 1030 + 1032
152,"Note: Hays, R. D., & Stewart, A. L. (1992). 14. Sleep Measures. In:"
152,Measuring functioning and well‐being: The Medical Outcomes Study
152,approach.
152,socstress_total
152,Description: From Social Stressor survey. Level of stressful life events and stress
152,experienced on a 0-36 scale. Sum of all 12 event stress levels.
152,Note: https://doi.org/10.1161/JAHA.113.000687
153,stress_total
153,Description: From Perceived Stress survey. Sum of all 10 items after reverse scoring
153,"items 104, 105, 107, & 108."
153,swls_total
153,"Description: Sum of life satisfaction on a 5-35 scale. 20 is “neutral” on the scale, while"
153,"scores above 20 mean more satisfied with life, and below 20 meaning less satisfied. Sum"
153,of all 5 items from SWLS survey.
153,Note: https://doi.org/10.1207/s15327752jpa4901_13
153,visit
153,Description: Visit number; where visit = 1 indicates baseline visit and visit = 2 indicates
153,"the first follow-up visit two years after baseline visit.; 1 = Baseline, 2–n = Follow-up visits"
153,corresponding to Year 2 through Year n
153,Health_Intake
153,↑
153,Fields: 413
153,hml_id
153,Description: HML ID
153,mindcrowd_id
153,Description: MindCrowd ID
154,dsc_meds_label_1
154,Description: Derived variable using hif_meds_1 and hif_meds_oth_1 variables.
154,meds_label_1 contain values from the REDCap medication database. When the
154,medication is not included in this database the hif_meds_oth_1 is used as a text field. This
154,variable combines data from these two columns into a single medication column.
154,"Branching Logic: hif_current_meds = ""Yes"""
154,dsc_meds_label_10
154,Description: Derived variable using hif_meds_10 and hif_meds_oth_10 variables.
154,meds_label_10 contain values from the REDCap medication database. When the
154,medication is not included in this database the hif_meds_oth_10 is used as a text field.
154,This variable combines data from these two columns into a single medication column.
154,"Branching Logic: hif_current_meds = ""Yes"""
154,dsc_meds_label_11
154,Description: Derived variable using hif_meds_11 and hif_meds_oth_11 variables.
154,meds_label_11 contain values from the REDCap medication database. When the
154,medication is not included in this database the hif_meds_oth_11 is used as a text field.
154,This variable combines data from these two columns into a single medication column.
154,"Branching Logic: hif_current_meds = ""Yes"""
154,dsc_meds_label_12
154,Description: Derived variable using hif_meds_12 and hif_meds_oth_12 variables.
154,meds_label_12 contain values from the REDCap medication database. When the
154,medication is not included in this database the hif_meds_oth_12 is used as a text field.
154,This variable combines data from these two columns into a single medication column.
154,"Branching Logic: hif_current_meds = ""Yes"""
155,dsc_meds_label_13
155,Description: Derived variable using hif_meds_13 and hif_meds_oth_13 variables.
155,meds_label_13 contain values from the REDCap medication database. When the
155,medication is not included in this database the hif_meds_oth_13 is used as a text field.
155,This variable combines data from these two columns into a single medication column.
155,"Branching Logic: hif_current_meds = ""Yes"""
155,dsc_meds_label_14
155,Description: Derived variable using hif_meds_14 and hif_meds_oth_14 variables.
155,meds_label_14 contain values from the REDCap medication database. When the
155,medication is not included in this database the hif_meds_oth_14 is used as a text field.
155,This variable combines data from these two columns into a single medication column.
155,"Branching Logic: hif_current_meds = ""Yes"""
155,dsc_meds_label_15
155,Description: Derived variable using hif_meds_15 and hif_meds_oth_15 variables.
155,meds_label_15 contain values from the REDCap medication database. When the
155,medication is not included in this database the hif_meds_oth_15 is used as a text field.
155,This variable combines data from these two columns into a single medication column.
155,"Branching Logic: hif_current_meds = ""Yes"""
155,dsc_meds_label_2
155,Description: Derived variable using hif_meds_2 and hif_meds_oth_2 variables.
155,meds_label_2 contain values from the REDCap medication database. When the
155,medication is not included in this database the hif_meds_oth_2 is used as a text field. This
155,variable combines data from these two columns into a single medication column.
155,"Branching Logic: hif_current_meds = ""Yes"""
156,dsc_meds_label_3
156,Description: Derived variable using hif_meds_3 and hif_meds_oth_3 variables.
156,meds_label_3 contain values from the REDCap medication database. When the
156,medication is not included in this database the hif_meds_oth_3 is used as a text field. This
156,variable combines data from these two columns into a single medication column.
156,"Branching Logic: hif_current_meds = ""Yes"""
156,dsc_meds_label_4
156,Description: Derived variable using hif_meds_4 and hif_meds_oth_4 variables.
156,meds_label_4 contain values from the REDCap medication database. When the
156,medication is not included in this database the hif_meds_oth_4 is used as a text field. This
156,variable combines data from these two columns into a single medication column.
156,"Branching Logic: hif_current_meds = ""Yes"""
156,dsc_meds_label_5
156,Description: Derived variable using hif_meds_5 and hif_meds_oth_5 variables.
156,meds_label_5 contain values from the REDCap medication database. When the
156,medication is not included in this database the hif_meds_oth_5 is used as a text field. This
156,variable combines data from these two columns into a single medication column.
156,"Branching Logic: hif_current_meds = ""Yes"""
156,dsc_meds_label_6
156,Description: Derived variable using hif_meds_6 and hif_meds_oth_6 variables.
156,meds_label_6 contain values from the REDCap medication database. When the
156,medication is not included in this database the hif_meds_oth_6 is used as a text field. This
156,variable combines data from these two columns into a single medication column.
156,"Branching Logic: hif_current_meds = ""Yes"""
157,dsc_meds_label_7
157,Description: Derived variable using hif_meds_7 and hif_meds_oth_7 variables.
157,meds_label_7 contain values from the REDCap medication database. When the
157,medication is not included in this database the hif_meds_oth_7 is used as a text field. This
157,variable combines data from these two columns into a single medication column.
157,"Branching Logic: hif_current_meds = ""Yes"""
157,dsc_meds_label_8
157,Description: Derived variable using hif_meds_8 and hif_meds_oth_8 variables.
157,meds_label_8 contain values from the REDCap medication database. When the
157,medication is not included in this database the hif_meds_oth_8 is used as a text field. This
157,variable combines data from these two columns into a single medication column.
157,"Branching Logic: hif_current_meds = ""Yes"""
157,dsc_meds_label_9
157,Description: Derived variable using hif_meds_9 and hif_meds_oth_9 variables.
157,meds_label_9 contain values from the REDCap medication database. When the
157,medication is not included in this database the hif_meds_oth_9 is used as a text field. This
157,variable combines data from these two columns into a single medication column.
157,"Branching Logic: hif_current_meds = ""Yes"""
157,hif_contact_time
157,Description: Health Intake Form Date/Time
157,hif_current_meds
157,Description: Are you currently taking medications?
157,"Field Options: 0- No, 1- Yes"
157,hif_dose_1
157,Description: Medication 1 dose
158,hif_dose_10
158,Description: Medication 10 dose
158,hif_dose_11
158,Description: Medication 11 dose
158,hif_dose_12
158,Description: Medication 12 dose
158,hif_dose_13
158,Description: Medication 13 dose
158,hif_dose_14
158,Description: Medication 14 dose
158,hif_dose_15
158,Description: Medication 15 dose
158,hif_dose_2
158,Description: Medication 2 dose
158,hif_dose_3
158,Description: Medication 3 dose
158,hif_dose_4
158,Description: Medication 4 dose
159,hif_dose_5
159,Description: Medication 5 dose
159,hif_dose_6
159,Description: Medication 6 dose
159,hif_dose_7
159,Description: Medication 7 dose
159,hif_dose_8
159,Description: Medication 8 dose
159,hif_dose_9
159,Description: Medication 9 dose
159,hif_eng_no_1
159,Description: Are you comfortable having daily conversations with others in English?
159,"Branching Logic: hif_english = ""No"""
159,"Field Options: 0- No, 1- Yes"
159,hif_eng_no_2
159,Description: Are you comfortable reading a newspaper or magazine in English?
159,"Branching Logic: hif_english = ""No"""
159,"Field Options: 0- No, 1- Yes"
160,hif_eng_no_3
160,"Description: Are you comfortable writing a letter, essay, or story in English?"
160,"Branching Logic: hif_english = ""No"""
160,"Field Options: 0- No, 1- Yes"
160,hif_english
160,Description: Are you a native English speaker?
160,"Field Options: 0- No, 1- Yes"
160,hif_hear_about
160,Description: How did you hear about this experiment?
160,hif_hospital_days_1
160,"Description: If inpatient, amount of time in hospital? Days"
160,"Branching Logic: hif_surgery_1 = ""Yes"""
160,hif_hospital_days_10
160,"Description: If inpatient, amount of time in hospital? Days"
160,"Branching Logic: hif_surgery_10 = ""Yes"""
160,hif_hospital_days_11
160,"Description: If inpatient, amount of time in hospital? Days"
160,"Branching Logic: hif_surgery_11 = ""Yes"""
160,hif_hospital_days_12
160,"Description: If inpatient, amount of time in hospital? Days"
160,"Branching Logic: hif_surgery_12 = ""Yes"""
161,hif_hospital_days_13
161,"Description: If inpatient, amount of time in hospital? Days"
161,"Branching Logic: hif_surgery_13 = ""Yes"""
161,hif_hospital_days_14
161,"Description: If inpatient, amount of time in hospital? Days"
161,"Branching Logic: hif_surgery_14 = ""Yes"""
161,hif_hospital_days_15
161,"Description: If inpatient, amount of time in hospital? Days"
161,"Branching Logic: hif_surgery_15 = ""Yes"""
161,hif_hospital_days_16
161,"Description: If inpatient, amount of time in hospital? Days"
161,"Branching Logic: hif_surgery_16 = ""Yes"""
161,hif_hospital_days_17
161,"Description: If inpatient, amount of time in hospital? Days"
161,"Branching Logic: hif_surgery_17 = ""Yes"""
161,hif_hospital_days_18
161,"Description: If inpatient, amount of time in hospital? Days"
161,"Branching Logic: hif_surgery_18 = ""Yes"""
161,hif_hospital_days_19
161,"Description: If inpatient, amount of time in hospital? Days"
161,"Branching Logic: hif_surgery_19 = ""Yes"""
162,hif_hospital_days_2
162,"Description: If inpatient, amount of time in hospital? Days"
162,"Branching Logic: hif_surgery_2 = ""Yes"""
162,hif_hospital_days_20
162,"Description: If inpatient, amount of time in hospital? Days"
162,"Branching Logic: hif_surgery_20 = ""Yes"""
162,hif_hospital_days_21
162,"Description: If inpatient, amount of time in hospital? Days"
162,"Branching Logic: hif_surgery_21 = ""Yes"""
162,hif_hospital_days_22
162,"Description: If inpatient, amount of time in hospital? Days"
162,"Branching Logic: hif_surgery_22 = ""Yes"""
162,hif_hospital_days_23
162,"Description: If inpatient, amount of time in hospital? Days"
162,"Branching Logic: hif_surgery_23 = ""Yes"""
162,hif_hospital_days_24
162,"Description: If inpatient, amount of time in hospital? Days"
162,"Branching Logic: hif_surgery_24 = ""Yes"""
162,hif_hospital_days_25
162,"Description: If inpatient, amount of time in hospital? Days"
162,"Branching Logic: hif_surgery_25 = ""Yes"""
163,hif_hospital_days_26
163,"Description: If inpatient, amount of time in hospital? Days"
163,"Branching Logic: hif_surgery_26 = ""Yes"""
163,hif_hospital_days_27
163,"Description: If inpatient, amount of time in hospital? Days"
163,"Branching Logic: hif_surgery_27 = ""Yes"""
163,hif_hospital_days_28
163,"Description: If inpatient, amount of time in hospital? Days"
163,"Branching Logic: hif_surgery_28 = ""Yes"""
163,hif_hospital_days_29
163,"Description: If inpatient, amount of time in hospital? Days"
163,"Branching Logic: hif_surgery_29 = ""Yes"""
163,hif_hospital_days_3
163,"Description: If inpatient, amount of time in hospital? Days"
163,"Branching Logic: hif_surgery_3 = ""Yes"""
163,hif_hospital_days_30
163,"Description: If inpatient, amount of time in hospital? Days"
163,"Branching Logic: hif_surgery_30 = ""Yes"""
163,hif_hospital_days_4
163,"Description: If inpatient, amount of time in hospital? Days"
163,"Branching Logic: hif_surgery_4 = ""Yes"""
164,hif_hospital_days_5
164,"Description: If inpatient, amount of time in hospital? Days"
164,"Branching Logic: hif_surgery_5 = ""Yes"""
164,hif_hospital_days_6
164,"Description: If inpatient, amount of time in hospital? Days"
164,"Branching Logic: hif_surgery_6 = ""Yes"""
164,hif_hospital_days_7
164,"Description: If inpatient, amount of time in hospital? Days"
164,"Branching Logic: hif_surgery_7 = ""Yes"""
164,hif_hospital_days_8
164,"Description: If inpatient, amount of time in hospital? Days"
164,"Branching Logic: hif_surgery_8 = ""Yes"""
164,hif_hospital_days_9
164,"Description: If inpatient, amount of time in hospital? Days"
164,"Branching Logic: hif_surgery_9 = ""Yes"""
164,hif_hospital_wks_1
164,"Description: If inpatient, amount of time in hospital? Weeks"
164,"Branching Logic: hif_surgery_1 = ""Yes"""
164,hif_hospital_wks_10
164,"Description: If inpatient, amount of time in hospital? Weeks"
164,"Branching Logic: hif_surgery_10 = ""Yes"""
165,hif_hospital_wks_11
165,"Description: If inpatient, amount of time in hospital? Weeks"
165,"Branching Logic: hif_surgery_11 = ""Yes"""
165,hif_hospital_wks_12
165,"Description: If inpatient, amount of time in hospital? Weeks"
165,"Branching Logic: hif_surgery_12 = ""Yes"""
165,hif_hospital_wks_13
165,"Description: If inpatient, amount of time in hospital? Weeks"
165,"Branching Logic: hif_surgery_13 = ""Yes"""
165,hif_hospital_wks_14
165,"Description: If inpatient, amount of time in hospital? Weeks"
165,"Branching Logic: hif_surgery_14 = ""Yes"""
165,hif_hospital_wks_15
165,"Description: If inpatient, amount of time in hospital? Weeks"
165,"Branching Logic: hif_surgery_15 = ""Yes"""
165,hif_hospital_wks_16
165,"Description: If inpatient, amount of time in hospital? Weeks"
165,"Branching Logic: hif_surgery_16 = ""Yes"""
165,hif_hospital_wks_17
165,"Description: If inpatient, amount of time in hospital? Weeks"
165,"Branching Logic: hif_surgery_17 = ""Yes"""
166,hif_hospital_wks_18
166,"Description: If inpatient, amount of time in hospital? Weeks"
166,"Branching Logic: hif_surgery_18 = ""Yes"""
166,hif_hospital_wks_19
166,"Description: If inpatient, amount of time in hospital? Weeks"
166,"Branching Logic: hif_surgery_19 = ""Yes"""
166,hif_hospital_wks_2
166,"Description: If inpatient, amount of time in hospital? Weeks"
166,"Branching Logic: hif_surgery_2 = ""Yes"""
166,hif_hospital_wks_20
166,"Description: If inpatient, amount of time in hospital? Weeks"
166,"Branching Logic: hif_surgery_20 = ""Yes"""
166,hif_hospital_wks_21
166,"Description: If inpatient, amount of time in hospital? Weeks"
166,"Branching Logic: hif_surgery_21 = ""Yes"""
166,hif_hospital_wks_22
166,"Description: If inpatient, amount of time in hospital? Weeks"
166,"Branching Logic: hif_surgery_22 = ""Yes"""
166,hif_hospital_wks_23
166,"Description: If inpatient, amount of time in hospital? Weeks"
166,"Branching Logic: hif_surgery_23 = ""Yes"""
167,hif_hospital_wks_24
167,"Description: If inpatient, amount of time in hospital? Weeks"
167,"Branching Logic: hif_surgery_24 = ""Yes"""
167,hif_hospital_wks_25
167,"Description: If inpatient, amount of time in hospital? Weeks"
167,"Branching Logic: hif_surgery_25 = ""Yes"""
167,hif_hospital_wks_26
167,"Description: If inpatient, amount of time in hospital? Weeks"
167,"Branching Logic: hif_surgery_26 = ""Yes"""
167,hif_hospital_wks_27
167,"Description: If inpatient, amount of time in hospital? Weeks"
167,"Branching Logic: hif_surgery_27 = ""Yes"""
167,hif_hospital_wks_28
167,"Description: If inpatient, amount of time in hospital? Weeks"
167,"Branching Logic: hif_surgery_28 = ""Yes"""
167,hif_hospital_wks_29
167,"Description: If inpatient, amount of time in hospital? Weeks"
167,"Branching Logic: hif_surgery_29 = ""Yes"""
167,hif_hospital_wks_3
167,"Description: If inpatient, amount of time in hospital? Weeks"
167,"Branching Logic: hif_surgery_3 = ""Yes"""
168,hif_hospital_wks_30
168,"Description: If inpatient, amount of time in hospital? Weeks"
168,"Branching Logic: hif_surgery_30 = ""Yes"""
168,hif_hospital_wks_4
168,"Description: If inpatient, amount of time in hospital? Weeks"
168,"Branching Logic: hif_surgery_4 = ""Yes"""
168,hif_hospital_wks_5
168,"Description: If inpatient, amount of time in hospital? Weeks"
168,"Branching Logic: hif_surgery_5 = ""Yes"""
168,hif_hospital_wks_6
168,"Description: If inpatient, amount of time in hospital? Weeks"
168,"Branching Logic: hif_surgery_6 = ""Yes"""
168,hif_hospital_wks_7
168,"Description: If inpatient, amount of time in hospital? Weeks"
168,"Branching Logic: hif_surgery_7 = ""Yes"""
168,hif_hospital_wks_8
168,"Description: If inpatient, amount of time in hospital? Weeks"
168,"Branching Logic: hif_surgery_8 = ""Yes"""
168,hif_hospital_wks_9
168,"Description: If inpatient, amount of time in hospital? Weeks"
168,"Branching Logic: hif_surgery_9 = ""Yes"""
169,hif_inc_exc_q1
169,Description: Do you have any metal in your body that you can think of?
169,"Field Options: 0- No, 1- Yes"
169,hif_inc_exc_q1a
169,"Description: If yes, what is the metal and where is it located?"
169,"Branching Logic: hif_inc_exc_q1 = ""Yes"""
169,hif_inc_exc_q1b
169,Description: Is it removable?
169,"Branching Logic: hif_inc_exc_q1 = ""Yes"""
169,"Field Options: 0- No, 1- Yes"
169,hif_inc_exc_q1b_us
169,Description: Was the procedure done in the US?
169,"Branching Logic: hif_inc_exc_q1 = ""Yes"""
169,"Field Options: 0- No, 1- Yes"
169,hif_inc_exc_q1c
169,Description: When was it implanted (year or month & year)?
169,"Branching Logic: hif_inc_exc_q1 = ""Yes"""
169,hif_inc_exc_q1d
169,Description: Make and model number?
169,"Branching Logic: hif_inc_exc_q1 = ""Yes"""
170,hif_inc_exc_q2
170,Description: Is there any reason you would not be able to undergo a fasting blood draw?
170,"Field Options: 0- No, 1- Yes"
170,hif_inc_exc_q2a
170,"Description: If yes, what is the reason?"
170,"Branching Logic: hif_inc_exc_q2 = ""Yes"""
170,hif_inc_exc_q3
170,Description: Have you undergone a mastectomy or double mastectomy?
170,"Field Options: 0- No, 1- Yes"
170,hif_inc_exc_q3a
170,"Description: If yes to single mastectomy, what side was the procedure performed on?"
170,"Branching Logic: hif_inc_exc_q3 = ""Yes"""
170,"Field Options: 1- Left, 2- Right"
170,hif_inc_exc_q4a
170,Description: Have you ever been diagnosed with: Psychotic illness?
170,"Field Options: 0- No, 1- Yes"
170,hif_inc_exc_q4b
170,Description: Have you ever been diagnosed with: Schizophrenia?
170,"Field Options: 0- No, 1- Yes"
171,hif_inc_exc_q5
171,Description: Have you ever been diagnosed with any neurological disorders such as
171,"Dementia, Alzheimer Disease, Parkinson's or Huntington's:"
171,"Field Options: 0- No, 1- Yes"
171,hif_med_mths_1
171,Description: Months on Medication 1
171,hif_med_mths_10
171,Description: Months on Medication 10
171,hif_med_mths_11
171,Description: Months on Medication 11
171,hif_med_mths_12
171,Description: Months on Medication 12
171,hif_med_mths_13
171,Description: Months on Medication 13
171,hif_med_mths_14
171,Description: Months on Medication 14
171,hif_med_mths_15
171,Description: Months on Medication 15
172,hif_med_mths_2
172,Description: Months on Medication 2
172,hif_med_mths_3
172,Description: Months on Medication 3
172,hif_med_mths_4
172,Description: Months on Medication 4
172,hif_med_mths_5
172,Description: Months on Medication 5
172,hif_med_mths_6
172,Description: Months on Medication 6
172,hif_med_mths_7
172,Description: Months on Medication 7
172,hif_med_mths_8
172,Description: Months on Medication 8
172,hif_med_mths_9
172,Description: Months on Medication 9
172,hif_med_reason_1
172,Description: Reason or Illness for Medication 1
173,hif_med_reason_10
173,Description: Reason or Illness for Medication 10
173,hif_med_reason_11
173,Description: Reason or Illness for Medication 11
173,hif_med_reason_12
173,Description: Reason or Illness for Medication 12
173,hif_med_reason_13
173,Description: Reason or Illness for Medication 13
173,hif_med_reason_14
173,Description: Reason or Illness for Medication 14
173,hif_med_reason_15
173,Description: Reason or Illness for Medication 15
173,hif_med_reason_2
173,Description: Reason or Illness for Medication 2
173,hif_med_reason_3
173,Description: Reason or Illness for Medication 3
173,hif_med_reason_4
173,Description: Reason or Illness for Medication 4
174,hif_med_reason_5
174,Description: Reason or Illness for Medication 5
174,hif_med_reason_6
174,Description: Reason or Illness for Medication 6
174,hif_med_reason_7
174,Description: Reason or Illness for Medication 7
174,hif_med_reason_8
174,Description: Reason or Illness for Medication 8
174,hif_med_reason_9
174,Description: Reason or Illness for Medication 9
174,hif_med_yrs_1
174,Description: Years on Medication 1
174,hif_med_yrs_10
174,Description: Years on Medication 10
174,hif_med_yrs_11
174,Description: Years on Medication 11
174,hif_med_yrs_12
174,Description: Years on Medication 12
175,hif_med_yrs_13
175,Description: Years on Medication 13
175,hif_med_yrs_14
175,Description: Years on Medication 14
175,hif_med_yrs_15
175,Description: Years on Medication 15
175,hif_med_yrs_2
175,Description: Years on Medication 2
175,hif_med_yrs_3
175,Description: Years on Medication 3
175,hif_med_yrs_4
175,Description: Years on Medication 4
175,hif_med_yrs_5
175,Description: Years on Medication 5
175,hif_med_yrs_6
175,Description: Years on Medication 6
175,hif_med_yrs_7
175,Description: Years on Medication 7
176,hif_med_yrs_8
176,Description: Years on Medication 8
176,hif_med_yrs_9
176,Description: Years on Medication 9
176,hif_meds_1
176,Description: Database link for Medication 1
176,hif_meds_10
176,Description: Database link for Medication 10
176,hif_meds_11
176,Description: Database link for Medication 11
176,hif_meds_12
176,Description: Database link for Medication 12
176,hif_meds_13
176,Description: Database link for Medication 13
176,hif_meds_14
176,Description: Database link for Medication 14
176,hif_meds_15
176,Description: Database link for Medication 15
177,hif_meds_2
177,Description: Database link for Medication 2
177,hif_meds_3
177,Description: Database link for Medication 3
177,hif_meds_4
177,Description: Database link for Medication 4
177,hif_meds_5
177,Description: Database link for Medication 5
177,hif_meds_6
177,Description: Database link for Medication 6
177,hif_meds_7
177,Description: Database link for Medication 7
177,hif_meds_8
177,Description: Database link for Medication 8
177,hif_meds_9
177,Description: Database link for Medication 9
177,hif_meds_oth_1
177,Description: Other name for Medication 1
178,hif_meds_oth_10
178,Description: Other name for Medication 10
178,hif_meds_oth_11
178,Description: Other name for Medication 11
178,hif_meds_oth_12
178,Description: Other name for Medication 12
178,hif_meds_oth_13
178,Description: Other name for Medication 13
178,hif_meds_oth_14
178,Description: Other name for Medication 14
178,hif_meds_oth_15
178,Description: Other name for Medication 15
178,hif_meds_oth_2
178,Description: Other name for Medication 2
178,hif_meds_oth_3
178,Description: Other name for Medication 3
178,hif_meds_oth_4
178,Description: Other name for Medication 4
179,hif_meds_oth_5
179,Description: Other name for Medication 5
179,hif_meds_oth_6
179,Description: Other name for Medication 6
179,hif_meds_oth_7
179,Description: Other name for Medication 7
179,hif_meds_oth_8
179,Description: Other name for Medication 8
179,hif_meds_oth_9
179,Description: Other name for Medication 9
179,hif_rx_otc_1
179,Description: Prescription or OTC Medication 1
179,"Field Options: 1- Prescription, 2- OTC"
179,hif_rx_otc_10
179,Description: Prescription or OTC Medication 10
179,"Field Options: 1- Prescription, 2- OTC"
179,hif_rx_otc_11
179,Description: Prescription or OTC Medication 11
179,"Field Options: 1- Prescription, 2- OTC"
180,hif_rx_otc_12
180,Description: Prescription or OTC Medication 12
180,"Field Options: 1- Prescription, 2- OTC"
180,hif_rx_otc_13
180,Description: Prescription or OTC Medication 13
180,"Field Options: 1- Prescription, 2- OTC"
180,hif_rx_otc_14
180,Description: Prescription or OTC Medication 14
180,"Field Options: 1- Prescription, 2- OTC"
180,hif_rx_otc_15
180,Description: Prescription or OTC Medication 15
180,"Field Options: 1- Prescription, 2- OTC"
180,hif_rx_otc_2
180,Description: Prescription or OTC Medication 2
180,"Field Options: 1- Prescription, 2- OTC"
180,hif_rx_otc_3
180,Description: Prescription or OTC Medication 3
180,"Field Options: 1- Prescription, 2- OTC"
180,hif_rx_otc_4
180,Description: Prescription or OTC Medication 4
180,"Field Options: 1- Prescription, 2- OTC"
181,hif_rx_otc_5
181,Description: Prescription or OTC Medication 5
181,"Field Options: 1- Prescription, 2- OTC"
181,hif_rx_otc_6
181,Description: Prescription or OTC Medication 6
181,"Field Options: 1- Prescription, 2- OTC"
181,hif_rx_otc_7
181,Description: Prescription or OTC Medication 7
181,"Field Options: 1- Prescription, 2- OTC"
181,hif_rx_otc_8
181,Description: Prescription or OTC Medication 8
181,"Field Options: 1- Prescription, 2- OTC"
181,hif_rx_otc_9
181,Description: Prescription or OTC Medication 9
181,"Field Options: 1- Prescription, 2- OTC"
181,hif_surgery_1
181,"Description: Have you ever undergone surgery, particularly on your heart, spine, head, or"
181,brain?
181,"Branching Logic: hif_surgery_1 = ""Yes"""
181,"Field Options: 0- No, 1- Yes"
182,hif_surgery_10
182,"Description: Have you ever undergone surgery, particularly on your heart, spine, head, or"
182,brain?
182,"Branching Logic: hif_surgery_10 = ""Yes"""
182,"Field Options: 0- No, 1- Yes"
182,hif_surgery_11
182,"Description: Have you ever undergone surgery, particularly on your heart, spine, head, or"
182,brain?
182,"Branching Logic: hif_surgery_11 = ""Yes"""
182,"Field Options: 0- No, 1- Yes"
182,hif_surgery_12
182,"Description: Have you ever undergone surgery, particularly on your heart, spine, head, or"
182,brain?
182,"Branching Logic: hif_surgery_12 = ""Yes"""
182,"Field Options: 0- No, 1- Yes"
182,hif_surgery_13
182,"Description: Have you ever undergone surgery, particularly on your heart, spine, head, or"
182,brain?
182,"Branching Logic: hif_surgery_13 = ""Yes"""
182,"Field Options: 0- No, 1- Yes"
182,hif_surgery_14
182,"Description: Have you ever undergone surgery, particularly on your heart, spine, head, or"
182,brain?
182,"Branching Logic: hif_surgery_14 = ""Yes"""
182,"Field Options: 0- No, 1- Yes"
183,hif_surgery_15
183,"Description: Have you ever undergone surgery, particularly on your heart, spine, head, or"
183,brain?
183,"Branching Logic: hif_surgery_15 = ""Yes"""
183,"Field Options: 0- No, 1- Yes"
183,hif_surgery_16
183,"Description: Have you ever undergone surgery, particularly on your heart, spine, head, or"
183,brain?
183,"Branching Logic: hif_surgery_16 = ""Yes"""
183,"Field Options: 0- No, 1- Yes"
183,hif_surgery_17
183,"Description: Have you ever undergone surgery, particularly on your heart, spine, head, or"
183,brain?
183,"Branching Logic: hif_surgery_17 = ""Yes"""
183,"Field Options: 0- No, 1- Yes"
183,hif_surgery_18
183,"Description: Have you ever undergone surgery, particularly on your heart, spine, head, or"
183,brain?
183,"Branching Logic: hif_surgery_18 = ""Yes"""
183,"Field Options: 0- No, 1- Yes"
183,hif_surgery_19
183,"Description: Have you ever undergone surgery, particularly on your heart, spine, head, or"
183,brain?
183,"Branching Logic: hif_surgery_19 = ""Yes"""
183,"Field Options: 0- No, 1- Yes"
184,hif_surgery_2
184,"Description: Have you ever undergone surgery, particularly on your heart, spine, head, or"
184,brain?
184,"Branching Logic: hif_surgery_2 = ""Yes"""
184,"Field Options: 0- No, 1- Yes"
184,hif_surgery_20
184,"Description: Have you ever undergone surgery, particularly on your heart, spine, head, or"
184,brain?
184,"Branching Logic: hif_surgery_20 = ""Yes"""
184,"Field Options: 0- No, 1- Yes"
184,hif_surgery_21
184,"Description: Have you ever undergone surgery, particularly on your heart, spine, head, or"
184,brain?
184,"Branching Logic: hif_surgery_21 = ""Yes"""
184,"Field Options: 0- No, 1- Yes"
184,hif_surgery_22
184,"Description: Have you ever undergone surgery, particularly on your heart, spine, head, or"
184,brain?
184,"Branching Logic: hif_surgery_22 = ""Yes"""
184,"Field Options: 0- No, 1- Yes"
184,hif_surgery_23
184,"Description: Have you ever undergone surgery, particularly on your heart, spine, head, or"
184,brain?
184,"Branching Logic: hif_surgery_23 = ""Yes"""
184,"Field Options: 0- No, 1- Yes"
185,hif_surgery_24
185,"Description: Have you ever undergone surgery, particularly on your heart, spine, head, or"
185,brain?
185,"Branching Logic: hif_surgery_24 = ""Yes"""
185,"Field Options: 0- No, 1- Yes"
185,hif_surgery_25
185,"Description: Have you ever undergone surgery, particularly on your heart, spine, head, or"
185,brain?
185,"Branching Logic: hif_surgery_25 = ""Yes"""
185,"Field Options: 0- No, 1- Yes"
185,hif_surgery_26
185,"Description: Have you ever undergone surgery, particularly on your heart, spine, head, or"
185,brain?
185,"Branching Logic: hif_surgery_26 = ""Yes"""
185,"Field Options: 0- No, 1- Yes"
185,hif_surgery_27
185,"Description: Have you ever undergone surgery, particularly on your heart, spine, head, or"
185,brain?
185,"Branching Logic: hif_surgery_27 = ""Yes"""
185,"Field Options: 0- No, 1- Yes"
185,hif_surgery_28
185,"Description: Have you ever undergone surgery, particularly on your heart, spine, head, or"
185,brain?
185,"Branching Logic: hif_surgery_28 = ""Yes"""
185,"Field Options: 0- No, 1- Yes"
186,hif_surgery_29
186,"Description: Have you ever undergone surgery, particularly on your heart, spine, head, or"
186,brain?
186,"Branching Logic: hif_surgery_29 = ""Yes"""
186,"Field Options: 0- No, 1- Yes"
186,hif_surgery_3
186,"Description: Have you ever undergone surgery, particularly on your heart, spine, head, or"
186,brain?
186,"Branching Logic: hif_surgery_2 = ""Yes"""
186,"Field Options: 0- No, 1- Yes"
186,hif_surgery_30
186,"Description: Have you ever undergone surgery, particularly on your heart, spine, head, or"
186,brain?
186,"Branching Logic: hif_surgery_30 = ""Yes"""
186,"Field Options: 0- No, 1- Yes"
186,hif_surgery_4
186,"Description: Have you ever undergone surgery, particularly on your heart, spine, head, or"
186,brain?
186,"Branching Logic: hif_surgery_3 = ""Yes"""
186,"Field Options: 0- No, 1- Yes"
186,hif_surgery_5
186,"Description: Have you ever undergone surgery, particularly on your heart, spine, head, or"
186,brain?
186,"Branching Logic: hif_surgery_4 = ""Yes"""
186,"Field Options: 0- No, 1- Yes"
187,hif_surgery_6
187,"Description: Have you ever undergone surgery, particularly on your heart, spine, head, or"
187,brain?
187,"Branching Logic: hif_surgery_5 = ""Yes"""
187,"Field Options: 0- No, 1- Yes"
187,hif_surgery_7
187,"Description: Have you ever undergone surgery, particularly on your heart, spine, head, or"
187,brain?
187,"Branching Logic: hif_surgery_7 = ""Yes"""
187,"Field Options: 0- No, 1- Yes"
187,hif_surgery_8
187,"Description: Have you ever undergone surgery, particularly on your heart, spine, head, or"
187,brain?
187,"Branching Logic: hif_surgery_8 = ""Yes"""
187,"Field Options: 0- No, 1- Yes"
187,hif_surgery_9
187,"Description: Have you ever undergone surgery, particularly on your heart, spine, head, or"
187,brain?
187,"Branching Logic: hif_surgery_9 = ""Yes"""
187,"Field Options: 0- No, 1- Yes"
187,hif_surgery_in_out_1
187,Description: Inpatient or outpatient 1
187,"Branching Logic: hif_surgery_1 = ""Yes"""
187,"Field Options: 1- Inpatient, 2- Outpatient"
188,hif_surgery_in_out_10
188,Description: Inpatient or outpatient 10
188,"Branching Logic: hif_surgery_10 = ""Yes"""
188,"Field Options: 1- Inpatient, 2- Outpatient"
188,hif_surgery_in_out_11
188,Description: Inpatient or outpatient 11
188,"Branching Logic: hif_surgery_11 = ""Yes"""
188,"Field Options: 1- Inpatient, 2- Outpatient"
188,hif_surgery_in_out_12
188,Description: Inpatient or outpatient 12
188,"Branching Logic: hif_surgery_12 = ""Yes"""
188,"Field Options: 1- Inpatient, 2- Outpatient"
188,hif_surgery_in_out_13
188,Description: Inpatient or outpatient 13
188,"Branching Logic: hif_surgery_13 = ""Yes"""
188,"Field Options: 1- Inpatient, 2- Outpatient"
188,hif_surgery_in_out_14
188,Description: Inpatient or outpatient 14
188,"Branching Logic: hif_surgery_14 = ""Yes"""
188,"Field Options: 1- Inpatient, 2- Outpatient"
188,hif_surgery_in_out_15
188,Description: Inpatient or outpatient 15
188,"Branching Logic: hif_surgery_15 = ""Yes"""
188,"Field Options: 1- Inpatient, 2- Outpatient"
189,hif_surgery_in_out_16
189,Description: Inpatient or outpatient 16
189,"Branching Logic: hif_surgery_16 = ""Yes"""
189,"Field Options: 1- Inpatient, 2- Outpatient"
189,hif_surgery_in_out_17
189,Description: Inpatient or outpatient 17
189,"Branching Logic: hif_surgery_17 = ""Yes"""
189,"Field Options: 1- Inpatient, 2- Outpatient"
189,hif_surgery_in_out_18
189,Description: Inpatient or outpatient 18
189,"Branching Logic: hif_surgery_18 = ""Yes"""
189,"Field Options: 1- Inpatient, 2- Outpatient"
189,hif_surgery_in_out_19
189,Description: Inpatient or outpatient 19
189,"Branching Logic: hif_surgery_19 = ""Yes"""
189,"Field Options: 1- Inpatient, 2- Outpatient"
189,hif_surgery_in_out_2
189,Description: Inpatient or outpatient 2
189,"Branching Logic: hif_surgery_2 = ""Yes"""
189,"Field Options: 1- Inpatient, 2- Outpatient"
189,hif_surgery_in_out_20
189,Description: Inpatient or outpatient 20
189,"Branching Logic: hif_surgery_20 = ""Yes"""
189,"Field Options: 1- Inpatient, 2- Outpatient"
190,hif_surgery_in_out_21
190,Description: Inpatient or outpatient 21
190,"Branching Logic: hif_surgery_21 = ""Yes"""
190,"Field Options: 1- Inpatient, 2- Outpatient"
190,hif_surgery_in_out_22
190,Description: Inpatient or outpatient 22
190,"Branching Logic: hif_surgery_22 = ""Yes"""
190,"Field Options: 1- Inpatient, 2- Outpatient"
190,hif_surgery_in_out_23
190,Description: Inpatient or outpatient 23
190,"Branching Logic: hif_surgery_23 = ""Yes"""
190,"Field Options: 1- Inpatient, 2- Outpatient"
190,hif_surgery_in_out_24
190,Description: Inpatient or outpatient 24
190,"Branching Logic: hif_surgery_24 = ""Yes"""
190,"Field Options: 1- Inpatient, 2- Outpatient"
190,hif_surgery_in_out_25
190,Description: Inpatient or outpatient 25
190,"Branching Logic: hif_surgery_25 = ""Yes"""
190,"Field Options: 1- Inpatient, 2- Outpatient"
190,hif_surgery_in_out_26
190,Description: Inpatient or outpatient 26
190,"Branching Logic: hif_surgery_26 = ""Yes"""
190,"Field Options: 1- Inpatient, 2- Outpatient"
191,hif_surgery_in_out_27
191,Description: Inpatient or outpatient 27
191,"Branching Logic: hif_surgery_27 = ""Yes"""
191,"Field Options: 1- Inpatient, 2- Outpatient"
191,hif_surgery_in_out_28
191,Description: Inpatient or outpatient 28
191,"Branching Logic: hif_surgery_28 = ""Yes"""
191,"Field Options: 1- Inpatient, 2- Outpatient"
191,hif_surgery_in_out_29
191,Description: Inpatient or outpatient 29
191,"Branching Logic: hif_surgery_29 = ""Yes"""
191,"Field Options: 1- Inpatient, 2- Outpatient"
191,hif_surgery_in_out_3
191,Description: Inpatient or outpatient 3
191,"Branching Logic: hif_surgery_3 = ""Yes"""
191,"Field Options: 1- Inpatient, 2- Outpatient"
191,hif_surgery_in_out_30
191,Description: Inpatient or outpatient 30
191,"Branching Logic: hif_surgery_30 = ""Yes"""
191,"Field Options: 1- Inpatient, 2- Outpatient"
191,hif_surgery_in_out_4
191,Description: Inpatient or outpatient 4
191,"Branching Logic: hif_surgery_4 = ""Yes"""
191,"Field Options: 1- Inpatient, 2- Outpatient"
192,hif_surgery_in_out_5
192,Description: Inpatient or outpatient 5
192,"Branching Logic: hif_surgery_5 = ""Yes"""
192,"Field Options: 1- Inpatient, 2- Outpatient"
192,hif_surgery_in_out_6
192,Description: Inpatient or outpatient 6
192,"Branching Logic: hif_surgery_6 = ""Yes"""
192,"Field Options: 1- Inpatient, 2- Outpatient"
192,hif_surgery_in_out_7
192,Description: Inpatient or outpatient 7
192,"Branching Logic: hif_surgery_7 = ""Yes"""
192,"Field Options: 1- Inpatient, 2- Outpatient"
192,hif_surgery_in_out_8
192,Description: Inpatient or outpatient 8
192,"Branching Logic: hif_surgery_8 = ""Yes"""
192,"Field Options: 1- Inpatient, 2- Outpatient"
192,hif_surgery_in_out_9
192,Description: Inpatient or outpatient 9
192,"Branching Logic: hif_surgery_9 = ""Yes"""
192,"Field Options: 1- Inpatient, 2- Outpatient"
192,hif_surgery_mth_1
192,Description: Month of surgery 1
192,"Branching Logic: hif_surgery_1 = ""Yes"""
193,hif_surgery_mth_10
193,Description: Month of surgery 10
193,"Branching Logic: hif_surgery_10 = ""Yes"""
193,hif_surgery_mth_11
193,Description: Month of surgery 11
193,"Branching Logic: hif_surgery_11 = ""Yes"""
193,hif_surgery_mth_12
193,Description: Month of surgery 12
193,"Branching Logic: hif_surgery_12 = ""Yes"""
193,hif_surgery_mth_13
193,Description: Month of surgery 13
193,"Branching Logic: hif_surgery_13 = ""Yes"""
193,hif_surgery_mth_14
193,Description: Month of surgery 14
193,"Branching Logic: hif_surgery_14 = ""Yes"""
193,hif_surgery_mth_15
193,Description: Month of surgery 15
193,"Branching Logic: hif_surgery_15 = ""Yes"""
193,hif_surgery_mth_16
193,Description: Month of surgery 16
193,"Branching Logic: hif_surgery_16 = ""Yes"""
194,hif_surgery_mth_17
194,Description: Month of surgery 17
194,"Branching Logic: hif_surgery_17 = ""Yes"""
194,hif_surgery_mth_18
194,Description: Month of surgery 18
194,"Branching Logic: hif_surgery_18 = ""Yes"""
194,hif_surgery_mth_19
194,Description: Month of surgery 19
194,"Branching Logic: hif_surgery_19 = ""Yes"""
194,hif_surgery_mth_2
194,Description: Month of surgery 2
194,"Branching Logic: hif_surgery_2 = ""Yes"""
194,hif_surgery_mth_20
194,Description: Month of surgery 20
194,"Branching Logic: hif_surgery_20 = ""Yes"""
194,hif_surgery_mth_21
194,Description: Month of surgery 21
194,"Branching Logic: hif_surgery_21 = ""Yes"""
194,hif_surgery_mth_22
194,Description: Month of surgery 22
194,"Branching Logic: hif_surgery_22 = ""Yes"""
195,hif_surgery_mth_23
195,Description: Month of surgery 23
195,"Branching Logic: hif_surgery_23 = ""Yes"""
195,hif_surgery_mth_24
195,Description: Month of surgery 24
195,"Branching Logic: hif_surgery_24 = ""Yes"""
195,hif_surgery_mth_25
195,Description: Month of surgery 25
195,"Branching Logic: hif_surgery_25 = ""Yes"""
195,hif_surgery_mth_26
195,Description: Month of surgery 26
195,"Branching Logic: hif_surgery_26 = ""Yes"""
195,hif_surgery_mth_27
195,Description: Month of surgery 27
195,"Branching Logic: hif_surgery_27 = ""Yes"""
195,hif_surgery_mth_28
195,Description: Month of surgery 28
195,"Branching Logic: hif_surgery_28 = ""Yes"""
195,hif_surgery_mth_29
195,Description: Month of surgery 29
195,"Branching Logic: hif_surgery_29 = ""Yes"""
196,hif_surgery_mth_3
196,Description: Month of surgery 3
196,"Branching Logic: hif_surgery_3 = ""Yes"""
196,hif_surgery_mth_30
196,Description: Month of surgery 30
196,"Branching Logic: hif_surgery_30 = ""Yes"""
196,hif_surgery_mth_4
196,Description: Month of surgery 4
196,"Branching Logic: hif_surgery_4 = ""Yes"""
196,hif_surgery_mth_5
196,Description: Month of surgery 5
196,"Branching Logic: hif_surgery_5 = ""Yes"""
196,hif_surgery_mth_6
196,Description: Month of surgery 6
196,"Branching Logic: hif_surgery_6 = ""Yes"""
196,hif_surgery_mth_7
196,Description: Month of surgery 7
196,"Branching Logic: hif_surgery_7 = ""Yes"""
196,hif_surgery_mth_8
196,Description: Month of surgery 8
196,"Branching Logic: hif_surgery_8 = ""Yes"""
197,hif_surgery_mth_9
197,Description: Month of surgery 9
197,"Branching Logic: hif_surgery_9 = ""Yes"""
197,hif_surgery_reason_1
197,Description: Reason for surgery 1
197,"Branching Logic: hif_surgery_1 = ""Yes"""
197,hif_surgery_reason_10
197,Description: Reason for surgery 10
197,"Branching Logic: hif_surgery_10 = ""Yes"""
197,hif_surgery_reason_11
197,Description: Reason for surgery 11
197,"Branching Logic: hif_surgery_11 = ""Yes"""
197,hif_surgery_reason_12
197,Description: Reason for surgery 12
197,"Branching Logic: hif_surgery_12 = ""Yes"""
197,hif_surgery_reason_13
197,Description: Reason for surgery 13
197,"Branching Logic: hif_surgery_13 = ""Yes"""
197,hif_surgery_reason_14
197,Description: Reason for surgery 14
197,"Branching Logic: hif_surgery_14 = ""Yes"""
198,hif_surgery_reason_15
198,Description: Reason for surgery 15
198,"Branching Logic: hif_surgery_15 = ""Yes"""
198,hif_surgery_reason_16
198,Description: Reason for surgery 16
198,"Branching Logic: hif_surgery_16 = ""Yes"""
198,hif_surgery_reason_17
198,Description: Reason for surgery 17
198,"Branching Logic: hif_surgery_17 = ""Yes"""
198,hif_surgery_reason_18
198,Description: Reason for surgery 18
198,"Branching Logic: hif_surgery_18 = ""Yes"""
198,hif_surgery_reason_19
198,Description: Reason for surgery 19
198,"Branching Logic: hif_surgery_19 = ""Yes"""
198,hif_surgery_reason_2
198,Description: Reason for surgery 2
198,"Branching Logic: hif_surgery_2 = ""Yes"""
198,hif_surgery_reason_20
198,Description: Reason for surgery 20
198,"Branching Logic: hif_surgery_20 = ""Yes"""
199,hif_surgery_reason_21
199,Description: Reason for surgery 21
199,"Branching Logic: hif_surgery_21 = ""Yes"""
199,hif_surgery_reason_22
199,Description: Reason for surgery 22
199,"Branching Logic: hif_surgery_22 = ""Yes"""
199,hif_surgery_reason_23
199,Description: Reason for surgery 23
199,"Branching Logic: hif_surgery_23 = ""Yes"""
199,hif_surgery_reason_24
199,Description: Reason for surgery 24
199,"Branching Logic: hif_surgery_24 = ""Yes"""
199,hif_surgery_reason_25
199,Description: Reason for surgery 25
199,"Branching Logic: hif_surgery_25 = ""Yes"""
199,hif_surgery_reason_26
199,Description: Reason for surgery 26
199,"Branching Logic: hif_surgery_26 = ""Yes"""
199,hif_surgery_reason_27
199,Description: Reason for surgery 27
199,"Branching Logic: hif_surgery_27 = ""Yes"""
200,hif_surgery_reason_28
200,Description: Reason for surgery 28
200,"Branching Logic: hif_surgery_28 = ""Yes"""
200,hif_surgery_reason_29
200,Description: Reason for surgery 29
200,"Branching Logic: hif_surgery_29 = ""Yes"""
200,hif_surgery_reason_3
200,Description: Reason for surgery 3
200,"Branching Logic: hif_surgery_3 = ""Yes"""
200,hif_surgery_reason_30
200,Description: Reason for surgery 30
200,"Branching Logic: hif_surgery_30 = ""Yes"""
200,hif_surgery_reason_4
200,Description: Reason for surgery 4
200,"Branching Logic: hif_surgery_4 = ""Yes"""
200,hif_surgery_reason_5
200,Description: Reason for surgery 5
200,"Branching Logic: hif_surgery_5 = ""Yes"""
200,hif_surgery_reason_6
200,Description: Reason for surgery 6
200,"Branching Logic: hif_surgery_6 = ""Yes"""
201,hif_surgery_reason_7
201,Description: Reason for surgery 7
201,"Branching Logic: hif_surgery_7 = ""Yes"""
201,hif_surgery_reason_8
201,Description: Reason for surgery 8
201,"Branching Logic: hif_surgery_8 = ""Yes"""
201,hif_surgery_reason_9
201,Description: Reason for surgery 9
201,"Branching Logic: hif_surgery_9 = ""Yes"""
201,hif_surgery_type_1
201,Description: Type of surgery 1
201,"Branching Logic: hif_surgery_1 = ""Yes"""
201,hif_surgery_type_10
201,Description: Type of surgery 10
201,"Branching Logic: hif_surgery_10 = ""Yes"""
201,hif_surgery_type_11
201,Description: Type of surgery 11
201,"Branching Logic: hif_surgery_11 = ""Yes"""
201,hif_surgery_type_12
201,Description: Type of surgery 12
201,"Branching Logic: hif_surgery_12 = ""Yes"""
202,hif_surgery_type_13
202,Description: Type of surgery 13
202,"Branching Logic: hif_surgery_13 = ""Yes"""
202,hif_surgery_type_14
202,Description: Type of surgery 14
202,"Branching Logic: hif_surgery_14 = ""Yes"""
202,hif_surgery_type_15
202,Description: Type of surgery 15
202,"Branching Logic: hif_surgery_15 = ""Yes"""
202,hif_surgery_type_16
202,Description: Type of surgery 16
202,"Branching Logic: hif_surgery_16 = ""Yes"""
202,hif_surgery_type_17
202,Description: Type of surgery 17
202,"Branching Logic: hif_surgery_17 = ""Yes"""
202,hif_surgery_type_18
202,Description: Type of surgery 18
202,"Branching Logic: hif_surgery_18 = ""Yes"""
202,hif_surgery_type_19
202,Description: Type of surgery 19
202,"Branching Logic: hif_surgery_19 = ""Yes"""
203,hif_surgery_type_2
203,Description: Type of surgery 2
203,"Branching Logic: hif_surgery_2 = ""Yes"""
203,hif_surgery_type_20
203,Description: Type of surgery 20
203,"Branching Logic: hif_surgery_20 = ""Yes"""
203,hif_surgery_type_21
203,Description: Type of surgery 21
203,"Branching Logic: hif_surgery_21 = ""Yes"""
203,hif_surgery_type_22
203,Description: Type of surgery 22
203,"Branching Logic: hif_surgery_22 = ""Yes"""
203,hif_surgery_type_23
203,Description: Type of surgery 23
203,"Branching Logic: hif_surgery_23 = ""Yes"""
203,hif_surgery_type_24
203,Description: Type of surgery 24
203,"Branching Logic: hif_surgery_24 = ""Yes"""
203,hif_surgery_type_25
203,Description: Type of surgery 25
203,"Branching Logic: hif_surgery_25 = ""Yes"""
204,hif_surgery_type_26
204,Description: Type of surgery 26
204,"Branching Logic: hif_surgery_26 = ""Yes"""
204,hif_surgery_type_27
204,Description: Type of surgery 27
204,"Branching Logic: hif_surgery_27 = ""Yes"""
204,hif_surgery_type_28
204,Description: Type of surgery 28
204,"Branching Logic: hif_surgery_28 = ""Yes"""
204,hif_surgery_type_29
204,Description: Type of surgery 29
204,"Branching Logic: hif_surgery_29 = ""Yes"""
204,hif_surgery_type_3
204,Description: Type of surgery 3
204,"Branching Logic: hif_surgery_3 = ""Yes"""
204,hif_surgery_type_30
204,Description: Type of surgery 30
204,"Branching Logic: hif_surgery_30 = ""Yes"""
204,hif_surgery_type_4
204,Description: Type of surgery 4
204,"Branching Logic: hif_surgery_4 = ""Yes"""
205,hif_surgery_type_5
205,Description: Type of surgery 5
205,"Branching Logic: hif_surgery_5 = ""Yes"""
205,hif_surgery_type_6
205,Description: Type of surgery 6
205,"Branching Logic: hif_surgery_6 = ""Yes"""
205,hif_surgery_type_7
205,Description: Type of surgery 7
205,"Branching Logic: hif_surgery_7 = ""Yes"""
205,hif_surgery_type_8
205,Description: Type of surgery 8
205,"Branching Logic: hif_surgery_8 = ""Yes"""
205,hif_surgery_type_9
205,Description: Type of surgery 9
205,"Branching Logic: hif_surgery_9 = ""Yes"""
205,hif_surgery_yr_1
205,Description: Year of surgery 1
205,"Branching Logic: hif_surgery_1 = ""Yes"""
205,hif_surgery_yr_10
205,Description: Year of surgery 10
205,"Branching Logic: hif_surgery_10 = ""Yes"""
206,hif_surgery_yr_11
206,Description: Year of surgery 11
206,"Branching Logic: hif_surgery_11 = ""Yes"""
206,hif_surgery_yr_12
206,Description: Year of surgery 12
206,"Branching Logic: hif_surgery_12 = ""Yes"""
206,hif_surgery_yr_13
206,Description: Year of surgery 13
206,"Branching Logic: hif_surgery_13 = ""Yes"""
206,hif_surgery_yr_14
206,Description: Year of surgery 14
206,"Branching Logic: hif_surgery_14 = ""Yes"""
206,hif_surgery_yr_15
206,Description: Year of surgery 15
206,"Branching Logic: hif_surgery_15 = ""Yes"""
206,hif_surgery_yr_16
206,Description: Year of surgery 16
206,"Branching Logic: hif_surgery_16 = ""Yes"""
206,hif_surgery_yr_17
206,Description: Year of surgery 17
206,"Branching Logic: hif_surgery_17 = ""Yes"""
207,hif_surgery_yr_18
207,Description: Year of surgery 18
207,"Branching Logic: hif_surgery_18 = ""Yes"""
207,hif_surgery_yr_19
207,Description: Year of surgery 19
207,"Branching Logic: hif_surgery_19 = ""Yes"""
207,hif_surgery_yr_2
207,Description: Year of surgery 2
207,"Branching Logic: hif_surgery_2 = ""Yes"""
207,hif_surgery_yr_20
207,Description: Year of surgery 20
207,"Branching Logic: hif_surgery_20 = ""Yes"""
207,hif_surgery_yr_21
207,Description: Year of surgery 21
207,"Branching Logic: hif_surgery_21 = ""Yes"""
207,hif_surgery_yr_22
207,Description: Year of surgery 22
207,"Branching Logic: hif_surgery_22 = ""Yes"""
207,hif_surgery_yr_23
207,Description: Year of surgery 23
207,"Branching Logic: hif_surgery_23 = ""Yes"""
208,hif_surgery_yr_24
208,Description: Year of surgery 24
208,"Branching Logic: hif_surgery_24 = ""Yes"""
208,hif_surgery_yr_25
208,Description: Year of surgery 25
208,"Branching Logic: hif_surgery_25 = ""Yes"""
208,hif_surgery_yr_26
208,Description: Year of surgery 26
208,"Branching Logic: hif_surgery_26 = ""Yes"""
208,hif_surgery_yr_27
208,Description: Year of surgery 27
208,"Branching Logic: hif_surgery_27 = ""Yes"""
208,hif_surgery_yr_28
208,Description: Year of surgery 28
208,"Branching Logic: hif_surgery_28 = ""Yes"""
208,hif_surgery_yr_29
208,Description: Year of surgery 29
208,"Branching Logic: hif_surgery_29 = ""Yes"""
208,hif_surgery_yr_3
208,Description: Year of surgery 3
208,"Branching Logic: hif_surgery_3 = ""Yes"""
209,hif_surgery_yr_30
209,Description: Year of surgery 30
209,"Branching Logic: hif_surgery_30 = ""Yes"""
209,hif_surgery_yr_4
209,Description: Year of surgery 4
209,"Branching Logic: hif_surgery_4 = ""Yes"""
209,hif_surgery_yr_5
209,Description: Year of surgery 5
209,"Branching Logic: hif_surgery_5 = ""Yes"""
209,hif_surgery_yr_6
209,Description: Year of surgery 6
209,"Branching Logic: hif_surgery_6 = ""Yes"""
209,hif_surgery_yr_7
209,Description: Year of surgery 7
209,"Branching Logic: hif_surgery_7 = ""Yes"""
209,hif_surgery_yr_8
209,Description: Year of surgery 8
209,"Branching Logic: hif_surgery_8 = ""Yes"""
209,hif_surgery_yr_9
209,Description: Year of surgery 9
209,"Branching Logic: hif_surgery_9 = ""Yes"""
210,hif_times_day_1
210,Description: Dose times per day for Medication 1
210,hif_times_day_10
210,Description: Dose times per day for Medication 10
210,hif_times_day_11
210,Description: Dose times per day for Medication 11
210,hif_times_day_12
210,Description: Dose times per day for Medication 12
210,hif_times_day_13
210,Description: Dose times per day for Medication 13
210,hif_times_day_14
210,Description: Dose times per day for Medication 14
210,hif_times_day_15
210,Description: Dose times per day for Medication 15
210,hif_times_day_2
210,Description: Dose times per day for Medication 2
210,hif_times_day_3
210,Description: Dose times per day for Medication 3
211,hif_times_day_4
211,Description: Dose times per day for Medication 4
211,hif_times_day_5
211,Description: Dose times per day for Medication 5
211,hif_times_day_6
211,Description: Dose times per day for Medication 6
211,hif_times_day_7
211,Description: Dose times per day for Medication 7
211,hif_times_day_8
211,Description: Dose times per day for Medication 8
211,hif_times_day_9
211,Description: Dose times per day for Medication 9
211,meds_label_1
211,Description: Meds Label 1
211,"Branching Logic: hif_current_meds = ""Yes"""
211,meds_label_10
211,Description: Meds Label 10
211,"Branching Logic: hif_current_meds = ""Yes"""
212,meds_label_11
212,Description: Meds Label 11
212,"Branching Logic: hif_current_meds = ""Yes"""
212,meds_label_12
212,Description: Meds Label 12
212,"Branching Logic: hif_current_meds = ""Yes"""
212,meds_label_13
212,Description: Meds Label 13
212,"Branching Logic: hif_current_meds = ""Yes"""
212,meds_label_14
212,Description: Meds Label 14
212,"Branching Logic: hif_current_meds = ""Yes"""
212,meds_label_15
212,Description: Meds Label 15
212,"Branching Logic: hif_current_meds = ""Yes"""
212,meds_label_2
212,Description: Meds Label 2
212,"Branching Logic: hif_current_meds = ""Yes"""
212,meds_label_3
212,Description: Meds Label 3
212,"Branching Logic: hif_current_meds = ""Yes"""
213,meds_label_4
213,Description: Meds Label 4
213,"Branching Logic: hif_current_meds = ""Yes"""
213,meds_label_5
213,Description: Meds Label 5
213,"Branching Logic: hif_current_meds = ""Yes"""
213,meds_label_6
213,Description: Meds Label 6
213,"Branching Logic: hif_current_meds = ""Yes"""
213,meds_label_7
213,Description: Meds Label 7
213,"Branching Logic: hif_current_meds = ""Yes"""
213,meds_label_8
213,Description: Meds Label 8
213,"Branching Logic: hif_current_meds = ""Yes"""
213,meds_label_9
213,Description: Meds Label 9
213,"Branching Logic: hif_current_meds = ""Yes"""
213,visit
213,Description: Visit number; where visit = 1 indicates baseline visit and visit = 2 indicates
213,"the first follow-up visit two years after baseline visit.; 1 = Baseline, 2–n = Follow-up visits"
213,corresponding to Year 2 through Year n
214,Health_Medical_Survey
214,↑
214,Fields: 260
214,hml_id
214,Description: HML ID
214,mindcrowd_id
214,Description: MindCrowd ID
214,hm_timestamp
214,Description: Health Medical Date timestamp
214,hm_v101
214,Description: How tall are you?
214,Branching Logic: ft/in or metric
214,hm_v1010
214,"Description: On a scale of 1 to 5, with 1 being not controlled and 5 being very well"
214,"controlled, how controlled would you say your diabetes is? Please use your best"
214,judgement.
214,"Branching Logic: hm_v109 = ""Yes"""
214,"Field Options: 1- Not controlled, 2, 3- Somewhat controlled, 4, 5- Very well"
214,controlled
214,hm_v1011
214,Description: Please indicate your latest hemoglobin A1C value if you know it.
214,"Branching Logic: hm_v109 = ""Yes"""
215,hm_v1012
215,Description: Have you ever had a loss of consciousness after a head impact?
215,"Field Options: 0- No, 1- Yes"
215,hm_v1013
215,"Description: If yes, how many times have you had a loss of consciousness after a head"
215,impact?
215,"Branching Logic: hm_v1012 = ""Yes"""
215,hm_v1014
215,Description: Have you ever had a medically diagnosed concussion?
215,"Field Options: 0- No, 1- Yes"
215,hm_v1015
215,"Description: If yes, How many medically diagnosed concussions have you had in your"
215,lifetime?
215,"Branching Logic: hm_v1014 = ""Yes"""
215,hm_v1016
215,Description: Have you ever been diagnosed with seizures or epilepsy?
215,"Field Options: 0- No, 1- Yes"
215,hm_v1017_1
215,"Description: Please indicate what type of seizures you were diagnosed with. ""Grand Mal"""
215,or Generalized tonic- clonic
215,"Branching Logic: hm_v1016 = ""Yes"""
215,"Field Options: 0- No, 1- Yes"
216,hm_v1017_2
216,Description: Please indicate what type of seizures you were diagnosed with. Absence
216,"Branching Logic: hm_v1016 = ""Yes"""
216,"Field Options: 0- No, 1- Yes"
216,hm_v1017_3
216,Description: Please indicate what type of seizures you were diagnosed with. Myoclonic
216,"Branching Logic: hm_v1016 = ""Yes"""
216,"Field Options: 0- No, 1- Yes"
216,hm_v1017_4
216,Description: Please indicate what type of seizures you were diagnosed with. Clonic
216,"Branching Logic: hm_v1016 = ""Yes"""
216,"Field Options: 0- No, 1- Yes"
216,hm_v1017_5
216,Description: Please indicate what type of seizures you were diagnosed with. Tonic
216,"Branching Logic: hm_v1016 = ""Yes"""
216,"Field Options: 0- No, 1- Yes"
216,hm_v1017_555
216,Description: Please indicate what type of seizures you were diagnosed with. Other:
216,{hm_v1017_oth}
216,"Branching Logic: hm_v1016 = ""Yes"""
216,"Field Options: 0- No, 1- Yes"
217,hm_v1017_6
217,Description: Please indicate what type of seizures you were diagnosed with. Atonic
217,"Branching Logic: hm_v1016 = ""Yes"""
217,"Field Options: 0- No, 1- Yes"
217,hm_v1017_7
217,Description: Please indicate what type of seizures you were diagnosed with. Childhood
217,febrile
217,"Branching Logic: hm_v1016 = ""Yes"""
217,"Field Options: 0- No, 1- Yes"
217,hm_v1017_8
217,Description: Please indicate what type of seizures you were diagnosed with. I don't know
217,what type of seizures I have but I have been diagnosed with a seizure disorder or epilepsy
217,"Branching Logic: hm_v1016 = ""Yes"""
217,"Field Options: 0- No, 1- Yes"
217,hm_v1017_oth
217,Description: Please indicate what type of seizures you were diagnosed with. Other
217,seizures.
217,"Branching Logic: hm_v1016 = ""Yes"""
217,"Field Options: 0- No, 1- Yes"
217,hm_v1018
217,Description: Do you suffer from chronic headaches?
217,"Field Options: 0- No, 1- Yes"
218,hm_v1019_1
218,Description: What type of headaches do you have? Migraines
218,"Branching Logic: hm_v1018 = ""Yes"""
218,"Field Options: 0- No, 1- Yes"
218,hm_v1019_2
218,Description: What type of headaches do you have? Tension and/or sinus
218,"Branching Logic: hm_v1018 = ""Yes"""
218,"Field Options: 0- No, 1- Yes"
218,hm_v1019_3
218,Description: What type of headaches do you have? Cluster headaches
218,"Branching Logic: hm_v1018 = ""Yes"""
218,"Field Options: 0- No, 1- Yes"
218,hm_v1019_4
218,Description: What type of headaches do you have? Thunderclap
218,"Branching Logic: hm_v1018 = ""Yes"""
218,"Field Options: 0- No, 1- Yes"
218,hm_v1019_5
218,Description: What type of headaches do you have? Post Head Trauma
218,"Branching Logic: hm_v1018 = ""Yes"""
218,"Field Options: 0- No, 1- Yes"
218,hm_v1019_555
218,Description: What type of headaches do you have? Other: {hm_v1019_oth}
218,"Branching Logic: hm_v1018 = ""Yes"""
218,"Field Options: 0- No, 1- Yes"
219,hm_v1019_oth
219,Description: What type of headaches do you have? Other (Please specify)
219,"Branching Logic: hm_v1019_555 = ""Yes"""
219,hm_v102
219,Description: What is your current weight?
219,Branching Logic: lbs / kgs
219,hm_v1020_1
219,Description: Your headaches were diagnosed by: Family physician
219,"Branching Logic: hm_v1018 = ""Yes"""
219,"Field Options: 0- No, 1- Yes"
219,hm_v1020_2
219,Description: Your headaches were diagnosed by: Neurologist
219,"Branching Logic: hm_v1018 = ""Yes"""
219,"Field Options: 0- No, 1- Yes"
219,hm_v1020_3
219,Description: Your headaches were diagnosed by: Self
219,"Branching Logic: hm_v1018 = ""Yes"""
219,"Field Options: 0- No, 1- Yes"
219,hm_v1020_4
219,Description: Your headaches were diagnosed by: Other: {hm_v1020_oth}
219,"Branching Logic: hm_v1018 = ""Yes"""
219,"Field Options: 0- No, 1- Yes"
220,hm_v1020_oth
220,Description: Your headaches were diagnosed by: Other (please specify)
220,"Branching Logic: hm_v1020_4 = ""Yes"""
220,hm_v1021
220,Description: Have you been diagnosed with a movement disorder?
220,"Field Options: 0- No, 1- Yes"
220,hm_v1022_1
220,Description: Have you been diagnosed with a movement disorder? Ataxia
220,"Branching Logic: hm_v1021 = ""Yes"""
220,"Field Options: 0- No, 1- Yes"
220,hm_v1022_10
220,Description: Have you been diagnosed with a movement disorder? Spasms
220,"Branching Logic: hm_v1021 = ""Yes"""
220,"Field Options: 0- No, 1- Yes"
220,hm_v1022_11
220,Description: Have you been diagnosed with a movement disorder? Stereotypy
220,"Branching Logic: hm_v1021 = ""Yes"""
220,"Field Options: 0- No, 1- Yes"
220,hm_v1022_12
220,Description: Have you been diagnosed with a movement disorder? Tic disorders
220,"Branching Logic: hm_v1021 = ""Yes"""
220,"Field Options: 0- No, 1- Yes"
221,hm_v1022_13
221,Description: Have you been diagnosed with a movement disorder? Tourette's syndrome
221,"Branching Logic: hm_v1021 = ""Yes"""
221,"Field Options: 0- No, 1- Yes"
221,hm_v1022_14
221,Description: Have you been diagnosed with a movement disorder? Wilson's disease
221,"Branching Logic: hm_v1021 = ""Yes"""
221,"Field Options: 0- No, 1- Yes"
221,hm_v1022_15
221,Description: Have you been diagnosed with a movement disorder? Other:
221,{hm_v1022_oth}
221,"Branching Logic: hm_v1021 = ""Yes"""
221,"Field Options: 0- No, 1- Yes"
221,hm_v1022_2
221,Description: Have you been diagnosed with a movement disorder? Cerebral palsy
221,"Branching Logic: hm_v1021 = ""Yes"""
221,"Field Options: 0- No, 1- Yes"
221,hm_v1022_3
221,Description: Have you been diagnosed with a movement disorder? Chorea
221,"Branching Logic: hm_v1021 = ""Yes"""
221,"Field Options: 0- No, 1- Yes"
222,hm_v1022_4
222,Description: Have you been diagnosed with a movement disorder? Huntington's disease
222,"Branching Logic: hm_v1021 = ""Yes"""
222,"Field Options: 0- No, 1- Yes"
222,hm_v1022_5
222,Description: Have you been diagnosed with a movement disorder? Tardive dyskinesia
222,"Branching Logic: hm_v1021 = ""Yes"""
222,"Field Options: 0- No, 1- Yes"
222,hm_v1022_6
222,Description: Have you been diagnosed with a movement disorder? Dystonia
222,"Branching Logic: hm_v1021 = ""Yes"""
222,"Field Options: 0- No, 1- Yes"
222,hm_v1022_7
222,Description: Have you been diagnosed with a movement disorder? Essential tremor
222,"Branching Logic: hm_v1021 = ""Yes"""
222,"Field Options: 0- No, 1- Yes"
222,hm_v1022_8
222,Description: Have you been diagnosed with a movement disorder? Parkinson's disease
222,"Branching Logic: hm_v1021 = ""Yes"""
222,"Field Options: 0- No, 1- Yes"
223,hm_v1022_9
223,Description: Have you been diagnosed with a movement disorder? Restless legs
223,"syndrome ""RLS"""
223,"Branching Logic: hm_v1021 = ""Yes"""
223,"Field Options: 0- No, 1- Yes"
223,hm_v1022_oth
223,Description: Have you been diagnosed with a movement disorder? Other (please specify)
223,"Branching Logic: hm_v1022_9 = ""Yes"""
223,hm_v1023
223,"Description: Do you have insomnia, sleep apnea, or other problems sleeping?"
223,"Field Options: 1- Insomnia, 2- Sleep apnea, 555- Other, 999- None of the above"
223,hm_v1023_oth
223,"Description: Do you have insomnia, sleep apnea, or other problems sleeping?"
223,Other(please specify)
223,"Branching Logic: hm_v1023 - ""Other"""
223,hm_v1024
223,Description: Do you have arthritis?
223,"Field Options: 0- No, 1- Yes"
223,hm_v1025_1
223,Description: Have you been diagnosed with any of the following? Heart Disease
223,"Field Options: 0- No, 1- Yes"
224,hm_v1025_2
224,Description: Have you been diagnosed with any of the following? Heart Attack
224,"Field Options: 0- No, 1- Yes"
224,hm_v1025_3
224,Description: Have you been diagnosed with any of the following? Liver disease
224,"Field Options: 0- No, 1- Yes"
224,hm_v1025_4
224,Description: Have you been diagnosed with any of the following? Kidney disease
224,"Field Options: 0- No, 1- Yes"
224,hm_v1025_5
224,Description: Have you been diagnosed with any of the following? Vascular disease or
224,blood clots
224,"Field Options: 0- No, 1- Yes"
224,hm_v1025_6
224,Description: Have you been diagnosed with any of the following? Asthma
224,"Field Options: 0- No, 1- Yes"
224,hm_v1025_7
224,"Description: Have you been diagnosed with any of the following? Lung disease (COPD,"
224,"emphysema, etc...)"
224,"Field Options: 0- No, 1- Yes"
224,hm_v1025_999
224,Description: Have you been diagnosed with any of the following? None of the above
224,"Field Options: 0- No, 1- Yes"
225,hm_v1026
225,Description: Do you have high cholesterol?
225,"Field Options: 0- No, 1- Yes"
225,hm_v1027
225,"Description: If yes, do you take medications to control your cholesterol?"
225,"Branching Logic: hm_v1027 = ""Yes"""
225,"Field Options: 0- No, 1- Yes"
225,hm_v1028
225,Description: Have you been diagnosed with a condition related to your mental health?
225,"Field Options: 0- No, 1- Yes"
225,hm_v1029_1
225,Description: Have you been diagnosed with a condition related to your mental health?
225,Depression
225,"Branching Logic: hm_v1028 = ""Yes"""
225,"Field Options: 0- No, 1- Yes"
225,hm_v1029_2
225,Description: Have you been diagnosed with a condition related to your mental health?
225,Bipolar disorder
225,"Branching Logic: hm_v1028 = ""Yes"""
225,"Field Options: 0- No, 1- Yes"
226,hm_v1029_3
226,Description: Have you been diagnosed with a condition related to your mental health?
226,Post-Traumatic Stress (PTSD)
226,"Branching Logic: hm_v1028 = ""Yes"""
226,"Field Options: 0- No, 1- Yes"
226,hm_v1029_4
226,Description: Have you been diagnosed with a condition related to your mental health?
226,General anxiety
226,"Branching Logic: hm_v1028 = ""Yes"""
226,"Field Options: 0- No, 1- Yes"
226,hm_v1029_5
226,Description: Have you been diagnosed with a condition related to your mental health?
226,Panic attacks
226,"Branching Logic: hm_v1028 = ""Yes"""
226,"Field Options: 0- No, 1- Yes"
226,hm_v1029_555
226,Description: Have you been diagnosed with a condition related to your mental health?
226,Other: {hm_v1029_oth}
226,"Branching Logic: hm_v1028 = ""Yes"""
226,"Field Options: 0- No, 1- Yes"
226,hm_v1029_6
226,Description: Have you been diagnosed with a condition related to your mental health?
226,Phobia
226,"Branching Logic: hm_v1028 = ""Yes"""
226,"Field Options: 0- No, 1- Yes"
227,hm_v1029_7
227,Description: Have you been diagnosed with a condition related to your mental health?
227,Schizophrenia
227,"Branching Logic: hm_v1028 = ""Yes"""
227,"Field Options: 0- No, 1- Yes"
227,hm_v1029_8
227,Description: Have you been diagnosed with a condition related to your mental health?
227,"Substance use disorder (alcohol, opiate abuse, methamphetamine abuse, etc.)"
227,"Branching Logic: hm_v1028 = ""Yes"""
227,"Field Options: 0- No, 1- Yes"
227,hm_v1029_9
227,Description: Have you been diagnosed with a condition related to your mental health?
227,"Eating disorder (anorexia nervosa, bulimia nervosa, etc.)"
227,"Branching Logic: hm_v1028 = ""Yes"""
227,"Field Options: 0- No, 1- Yes"
227,hm_v1029_oth
227,Description: Have you been diagnosed with a condition related to your mental health?
227,Other
227,"Branching Logic: hm_v1029_555 = ""Yes"""
227,hm_v103
227,Description: Do you wear corrective lenses (glasses or contacts)?
227,"Field Options: 0- No, 1- Yes"
228,hm_v1030
228,Description: Have you been diagnosed with a learning disability or related disorder
228,"(dyslexia, attention deficit disorder)?"
228,"Field Options: 0- No, 1- Yes"
228,hm_v1031
228,Description: Do you have high blood pressure?
228,"Field Options: 0- No, 1- Yes"
228,hm_v1032
228,"Description: If yes, Is your blood pressure controlled?"
228,"Branching Logic: hm_v1031 = ""Yes"""
228,"Field Options: 0- No, 1- Yes, 999- Prefer not to answer"
228,hm_v1033
228,"Description: If yes, How is your blood pressure controlled?"
228,"Branching Logic: hm_v1031 = ""Yes"""
228,"Field Options: 1- With medication, 2- With diet/exercise or other non-pharmaceutical"
228,"means, 3- Both 1 and 2"
228,hm_v1034
228,Description: Do you have problems with your memory?
228,"Field Options: 0- No, 1- Yes"
228,hm_v1035
228,"Description: If yes, At what age did your memory problems begin?"
228,"Branching Logic: hm_v1034 = ""Yes"""
229,hm_v1036
229,Description: Have you been diagnosed with Alzheimer’s disease or Mild Cognitive
229,Dementia?
229,"Field Options: 0- No, 1- Yes"
229,hm_v1037
229,Description: Have you been diagnosed with Parkinson’s disease?
229,"Field Options: 0- No, 1- Yes"
229,hm_v1038
229,Description: Have you been diagnosed with a stroke?
229,"Field Options: 0- No, 1- Yes"
229,hm_v1039
229,Description: Have you been diagnosed with any other disorder affecting your brain?
229,"Field Options: 0- No, 1- Yes"
229,hm_v104
229,Description: Are you color blind?
229,"Field Options: 0- No, 1- Yes"
229,hm_v1040
229,Description: Have you been diagnosed with any other disorder affecting your brain?
229,Please specify.
229,"Branching Logic: hm_v1039 = ""Yes"""
230,hm_v1041
230,Description: How much daily stress do you experience in your life currently? Please
230,"indicate on a scale of 1 to 5, with 1 being no stress, and 5 being a great deal of stress."
230,"Field Options: 1- No stress, 2, 3- Moderate stress, 4, 5- Great deal of stress"
230,hm_v1042
230,Description: Are you a twin?
230,"Field Options: 0- No, 1- Yes, 333- I don't know"
230,hm_v1043
230,"Description: If so, do you know if you are identical or fraternal?"
230,"Branching Logic: hm_v1042 = ""Yes"""
230,"Field Options: 0- No, 1- Yes, 333- I don't know"
230,hm_v1044
230,Description: Do you drink alcohol?
230,"Field Options: 0- No, 1- Yes"
230,hm_v1045
230,"Description: If yes, How many drinks do you have in a typical week?"
230,"Branching Logic: hm_v1044 = ""Yes"""
230,hm_v1046
230,"Description: If yes, Have you ever been treated for alcohol abuse?"
230,"Branching Logic: hm_v1044 = ""Yes"""
230,"Field Options: 0- No, 1- Yes"
231,hm_v1047
231,Description: Do you currently smoke cigarettes/cigars/pipes?
231,"Field Options: 0- No, 1- Yes"
231,hm_v1048
231,"Description: If yes, How many cigarettes/cigars/pipes do you smoke daily?"
231,"Branching Logic: hm_v1047 = ""Yes"""
231,hm_v1049
231,"Description: If yes, At what age did you begin using tobacco products?"
231,"Branching Logic: hm_v1047 = ""Yes"""
231,hm_v105
231,"Description: Do you currently have cataracts, or have you had cataract surgery in the"
231,past?
231,"Field Options: 0- No, 1- Yes"
231,hm_v1050
231,Description: Did you smoke cigarettes/cigars/pipes in the past but do not smoke
231,currently?
231,"Field Options: 0- No, 1- Yes"
231,hm_v1051
231,"Description: If yes, If you smoked in the past but do not smoke now, at what age did you"
231,quit smoking?
231,"Branching Logic: hm_v1050 = ""Yes"""
232,hm_v1052
232,Description: Do you currently smoke marijuana or ingest marijuana products?
232,"Field Options: 0- No, 1- Yes, 999- Prefer not to answer"
232,hm_v1053
232,"Description: If yes, How often do you smoke/ingest marijuana in a typical week?"
232,"Branching Logic: hm_v1052 = ""Yes"""
232,hm_v1054
232,"Description: Have you ever used recreational drugs in the past, other than marijuana?"
232,"Field Options: 0- No, 1- Yes, 999- Prefer not to answer"
232,hm_v1055
232,Description: Name of Medication 1
232,hm_v1055_10
232,Description: Name of Medication 10
232,hm_v1055_11
232,Description: Name of Medication 11
232,hm_v1055_12
232,Description: Name of Medication 12
232,hm_v1055_13
232,Description: Name of Medication 13
233,hm_v1055_14
233,Description: Name of Medication 14
233,hm_v1055_15
233,Description: Name of Medication 15
233,hm_v1055_16
233,Description: Name of Medication 16
233,hm_v1055_17
233,Description: Name of Medication 17
233,hm_v1055_18
233,Description: Name of Medication 18
233,hm_v1055_19
233,Description: Name of Medication 19
233,hm_v1055_2
233,Description: Name of Medication 2
233,hm_v1055_20
233,Description: Name of Medication 20
233,hm_v1055_21
233,Description: Name of Medication 21
234,hm_v1055_22
234,Description: Name of Medication 22
234,hm_v1055_23
234,Description: Name of Medication 23
234,hm_v1055_24
234,Description: Name of Medication 24
234,hm_v1055_25
234,Description: Name of Medication 25
234,hm_v1055_26
234,Description: Name of Medication 26
234,hm_v1055_27
234,Description: Name of Medication 27
234,hm_v1055_28
234,Description: Name of Medication 28
234,hm_v1055_29
234,Description: Name of Medication 29
234,hm_v1055_3
234,Description: Name of Medication 3
235,hm_v1055_30
235,Description: Name of Medication 30
235,hm_v1055_4
235,Description: Name of Medication 4
235,hm_v1055_5
235,Description: Name of Medication 5
235,hm_v1055_6
235,Description: Name of Medication 6
235,hm_v1055_7
235,Description: Name of Medication 7
235,hm_v1055_8
235,Description: Name of Medication 8
235,hm_v1055_9
235,Description: Name of Medication 9
235,hm_v1056
235,Description: Medication 1 daily dose
235,hm_v1056_10
235,Description: Medication 10 daily dose
236,hm_v1056_11
236,Description: Medication 11 daily dose
236,hm_v1056_12
236,Description: Medication 12 daily dose
236,hm_v1056_13
236,Description: Medication 13 daily dose
236,hm_v1056_14
236,Description: Medication 14 daily dose
236,hm_v1056_15
236,Description: Medication 15 daily dose
236,hm_v1056_16
236,Description: Medication 16 daily dose
236,hm_v1056_17
236,Description: Medication 17 daily dose
236,hm_v1056_18
236,Description: Medication 18 daily dose
236,hm_v1056_19
236,Description: Medication 19 daily dose
237,hm_v1056_2
237,Description: Medication 2 daily dose
237,hm_v1056_20
237,Description: Medication 20 daily dose
237,hm_v1056_21
237,Description: Medication 21 daily dose
237,hm_v1056_22
237,Description: Medication 22 daily dose
237,hm_v1056_23
237,Description: Medication 23 daily dose
237,hm_v1056_24
237,Description: Medication 24 daily dose
237,hm_v1056_25
237,Description: Medication 25 daily dose
237,hm_v1056_26
237,Description: Medication 26 daily dose
237,hm_v1056_27
237,Description: Medication 27 daily dose
238,hm_v1056_28
238,Description: Medication 28 daily dose
238,hm_v1056_29
238,Description: Medication 29 daily dose
238,hm_v1056_3
238,Description: Medication 3 daily dose
238,hm_v1056_30
238,Description: Medication 30 daily dose
238,hm_v1056_4
238,Description: Medication 4 daily dose
238,hm_v1056_5
238,Description: Medication 5 daily dose
238,hm_v1056_6
238,Description: Medication 6 daily dose
238,hm_v1056_7
238,Description: Medication 7 daily dose
238,hm_v1056_8
238,Description: Medication 8 daily dose
239,hm_v1056_9
239,Description: Medication 9 daily dose
239,hm_v1057
239,Description: Is Medication 1 prescribed by a physician?
239,"Field Options: 0- No, 1- Yes"
239,hm_v1057_10
239,Description: Is Medication 10 prescribed by a physician?
239,"Field Options: 0- No, 1- Yes"
239,hm_v1057_11
239,Description: Is Medication 11 prescribed by a physician?
239,"Field Options: 0- No, 1- Yes"
239,hm_v1057_12
239,Description: Is Medication 12 prescribed by a physician?
239,"Field Options: 0- No, 1- Yes"
239,hm_v1057_13
239,Description: Is Medication 13 prescribed by a physician?
239,"Field Options: 0- No, 1- Yes"
239,hm_v1057_14
239,Description: Is Medication 14 prescribed by a physician?
239,"Field Options: 0- No, 1- Yes"
240,hm_v1057_15
240,Description: Is Medication 15 prescribed by a physician?
240,"Field Options: 0- No, 1- Yes"
240,hm_v1057_16
240,Description: Is Medication 16 prescribed by a physician?
240,"Field Options: 0- No, 1- Yes"
240,hm_v1057_17
240,Description: Is Medication 17 prescribed by a physician?
240,"Field Options: 0- No, 1- Yes"
240,hm_v1057_18
240,Description: Is Medication 18 prescribed by a physician?
240,"Field Options: 0- No, 1- Yes"
240,hm_v1057_19
240,Description: Is Medication 19 prescribed by a physician?
240,"Field Options: 0- No, 1- Yes"
240,hm_v1057_2
240,Description: Is Medication 2 prescribed by a physician?
240,"Field Options: 0- No, 1- Yes"
240,hm_v1057_20
240,Description: Is Medication 20 prescribed by a physician?
240,"Field Options: 0- No, 1- Yes"
241,hm_v1057_21
241,Description: Is Medication 21 prescribed by a physician?
241,"Field Options: 0- No, 1- Yes"
241,hm_v1057_22
241,Description: Is Medication 22 prescribed by a physician?
241,"Field Options: 0- No, 1- Yes"
241,hm_v1057_23
241,Description: Is Medication 23 prescribed by a physician?
241,"Field Options: 0- No, 1- Yes"
241,hm_v1057_24
241,Description: Is Medication 24 prescribed by a physician?
241,"Field Options: 0- No, 1- Yes"
241,hm_v1057_25
241,Description: Is Medication 25 prescribed by a physician?
241,"Field Options: 0- No, 1- Yes"
241,hm_v1057_26
241,Description: Is Medication 26 prescribed by a physician?
241,"Field Options: 0- No, 1- Yes"
241,hm_v1057_27
241,Description: Is Medication 27 prescribed by a physician?
241,"Field Options: 0- No, 1- Yes"
242,hm_v1057_28
242,Description: Is Medication 28 prescribed by a physician?
242,"Field Options: 0- No, 1- Yes"
242,hm_v1057_29
242,Description: Is Medication 29 prescribed by a physician?
242,"Field Options: 0- No, 1- Yes"
242,hm_v1057_3
242,Description: Is Medication 3 prescribed by a physician?
242,"Field Options: 0- No, 1- Yes"
242,hm_v1057_30
242,Description: Is Medication 30 prescribed by a physician?
242,"Field Options: 0- No, 1- Yes"
242,hm_v1057_4
242,Description: Is Medication 4 prescribed by a physician?
242,"Field Options: 0- No, 1- Yes"
242,hm_v1057_5
242,Description: Is Medication 5 prescribed by a physician?
242,"Field Options: 0- No, 1- Yes"
242,hm_v1057_6
242,Description: Is Medication 6 prescribed by a physician?
242,"Field Options: 0- No, 1- Yes"
243,hm_v1057_7
243,Description: Is Medication 7 prescribed by a physician?
243,"Field Options: 0- No, 1- Yes"
243,hm_v1057_8
243,Description: Is Medication 8 prescribed by a physician?
243,"Field Options: 0- No, 1- Yes"
243,hm_v1057_9
243,Description: Is Medication 9 prescribed by a physician?
243,"Field Options: 0- No, 1- Yes"
243,hm_v1058
243,Description: How long have you taken this Medication 1?
243,hm_v1058_10
243,Description: How long have you taken this Medication 10?
243,hm_v1058_11
243,Description: How long have you taken this Medication 11?
243,hm_v1058_12
243,Description: How long have you taken this Medication 12?
243,hm_v1058_13
243,Description: How long have you taken this Medication 13?
244,hm_v1058_14
244,Description: How long have you taken this Medication 14?
244,hm_v1058_15
244,Description: How long have you taken this Medication 15?
244,hm_v1058_16
244,Description: How long have you taken this Medication 16?
244,hm_v1058_17
244,Description: How long have you taken this Medication 17?
244,hm_v1058_18
244,Description: How long have you taken this Medication 18?
244,hm_v1058_19
244,Description: How long have you taken this Medication 19?
244,hm_v1058_2
244,Description: How long have you taken this Medication 2?
244,hm_v1058_20
244,Description: How long have you taken this Medication 20?
244,hm_v1058_21
244,Description: How long have you taken this Medication 21?
245,hm_v1058_22
245,Description: How long have you taken this Medication 22?
245,hm_v1058_23
245,Description: How long have you taken this Medication 23?
245,hm_v1058_24
245,Description: How long have you taken this Medication 24?
245,hm_v1058_25
245,Description: How long have you taken this Medication 25?
245,hm_v1058_26
245,Description: How long have you taken this Medication 26?
245,hm_v1058_27
245,Description: How long have you taken this Medication 27?
245,hm_v1058_28
245,Description: How long have you taken this Medication 28?
245,hm_v1058_29
245,Description: How long have you taken this Medication 29?
245,hm_v1058_3
245,Description: How long have you taken this Medication 3?
246,hm_v1058_30
246,Description: How long have you taken this Medication 30?
246,hm_v1058_4
246,Description: How long have you taken this Medication 4?
246,hm_v1058_5
246,Description: How long have you taken this Medication 5?
246,hm_v1058_6
246,Description: How long have you taken this Medication 6?
246,hm_v1058_7
246,Description: How long have you taken this Medication 7?
246,hm_v1058_8
246,Description: How long have you taken this Medication 8?
246,hm_v1058_9
246,Description: How long have you taken this Medication 9?
246,hm_v1059
246,Description: Reason for taking the Medication 1
246,hm_v1059_10
246,Description: Reason for taking the Medication 10
247,hm_v1059_11
247,Description: Reason for taking the Medication 11
247,hm_v1059_12
247,Description: Reason for taking the Medication 12
247,hm_v1059_13
247,Description: Reason for taking the Medication 13
247,hm_v1059_14
247,Description: Reason for taking the Medication 14
247,hm_v1059_15
247,Description: Reason for taking the Medication 15
247,hm_v1059_16
247,Description: Reason for taking the Medication 16
247,hm_v1059_17
247,Description: Reason for taking the Medication 17
247,hm_v1059_18
247,Description: Reason for taking the Medication 18
247,hm_v1059_19
247,Description: Reason for taking the Medication 19
248,hm_v1059_2
248,Description: Reason for taking the Medication 2
248,hm_v1059_20
248,Description: Reason for taking the Medication 20
248,hm_v1059_21
248,Description: Reason for taking the Medication 21
248,hm_v1059_22
248,Description: Reason for taking the Medication 22
248,hm_v1059_23
248,Description: Reason for taking the Medication 23
248,hm_v1059_24
248,Description: Reason for taking the Medication 24
248,hm_v1059_25
248,Description: Reason for taking the Medication 25
248,hm_v1059_26
248,Description: Reason for taking the Medication 26
248,hm_v1059_27
248,Description: Reason for taking the Medication 27
249,hm_v1059_28
249,Description: Reason for taking the Medication 28
249,hm_v1059_29
249,Description: Reason for taking the Medication 29
249,hm_v1059_3
249,Description: Reason for taking the Medication 3
249,hm_v1059_30
249,Description: Reason for taking the Medication 30
249,hm_v1059_4
249,Description: Reason for taking the Medication 4
249,hm_v1059_5
249,Description: Reason for taking the Medication 5
249,hm_v1059_6
249,Description: Reason for taking the Medication 6
249,hm_v1059_7
249,Description: Reason for taking the Medication 7
249,hm_v1059_8
249,Description: Reason for taking the Medication 8
250,hm_v1059_9
250,Description: Reason for taking the Medication 9
250,hm_v106
250,Description: Do you have problems with your hearing?
250,"Field Options: 0- No, 1- Yes"
250,hm_v107
250,"Description: If yes, do you wear a hearing aid or have a cochlear implant?"
250,"Branching Logic: hm_v106 = ""Yes"""
250,"Field Options: 0- No, 1- Hearing aid, 2- Cochlear implant"
250,hm_v108
250,Description: Have you ever been diagnosed with malignant cancer?
250,"Field Options: 0- No, 1- Yes"
250,hm_v109
250,Description: Are you diabetic?
250,"Field Options: 0- No, 1- Yes"
250,visit
250,Description: Visit number; where visit = 1 indicates baseline visit and visit = 2 indicates
250,"the first follow-up visit two years after baseline visit.; 1 = Baseline, 2–n = Follow-up visits"
250,corresponding to Year 2 through Year n
250,LIWC-22
250,↑
250,Fields: 112
251,hml_id
251,Description: HML ID
251,achieve
251,"Description: work, better, best, working"
251,Note: Achievement
251,acquire
251,"Description: get, got, take, getting"
251,Note: Acquire
251,adj
251,"Description: more, very, other, new"
251,Note: Common adjectives
251,adverb
251,"Description: so, just, about, there"
251,Note: Adverbs
251,affect
251,"Description: good, well, new, love"
251,Note: Affect
251,affiliation
251,"Description: we, our, us, help"
251,Note: Affiliation
252,allnone
252,"Description: all, no, never, always"
252,Note: All-or-none
252,allure
252,"Description: have, like, out, know"
252,Note: Allure
252,analytic
252,"Description: Metric of logical, formal thinking"
252,Note: Analytical thinking
252,article
252,"Description: a, an, the, alot"
252,Note: Articles
252,assent
252,"Description: yeah, yes, okay, ok"
252,Note: Assent
252,attention
252,"Description: look, look* for, watch, check"
252,Note: Attention
252,auditory
252,"Description: sound*, heard, hear, music"
252,Note: Auditory
253,authentic
253,"Description: Perceived honesty, genuineness"
253,Note: Authentic
253,auxverb
253,"Description: is, was, be, have"
253,Note: Auxiliary verbs
253,bigwords
253,Description: Percent words 7 letters or longer
253,Note: Big words
253,cause
253,"Description: how, because, make, why"
253,Note: Causation
253,certitude
253,"Description: really, actually, of course, real"
253,Note: Certitude
253,clout
253,"Description: Language of leadership, status"
253,Note: Clout
253,cognition
253,"Description: is, was, but, are"
253,Note: Cognition
254,cogproc
254,"Description: but, not, if, or, know"
254,Note: Cognitive processes
254,comm
254,"Description: said, say, tell, thank*"
254,Note: Communication
254,conflict
254,"Description: fight, kill, killed, attack"
254,Note: Interpersonal conflict
254,conj
254,"Description: and, but, so, as"
254,Note: Conjunctions
254,conversation
254,"Description: yeah, oh, yes, okay"
254,Note: Conversational
254,culture
254,"Description: car, united states, govern*, phone"
254,Note: Culture
254,curiosity
254,"Description: scien*, look* for, research*, wonder"
254,Note: Curiosity
255,death
255,"Description: death*, dead, die, kill"
255,Note: Death
255,det
255,"Description: the, at, that, my"
255,Note: Determiners
255,dic
255,Description: Percent words captured by LIWC
255,Note: Dictionary words
255,differ
255,"Description: but, not, if, or"
255,Note: Differentiation
255,discrep
255,"Description: would, can, want, could"
255,Note: Discrepancy
255,drives
255,"Description: we, our, work, us"
255,Note: Drives
255,emo_anger
255,"Description: hate, mad, angry, frustr*"
255,Note: Anger
256,emo_anx
256,"Description: worry, fear, afraid, nervous"
256,Note: Anxiety
256,emo_neg
256,"Description: bad, hate, hurt, tired"
256,Note: Negative emotion
256,emo_pos
256,"Description: good, love, happy, hope"
256,Note: Positive emotion
256,emo_sad
256,"Description: :(, sad, disappoint*, cry"
256,Note: Sadness
256,emotion
256,"Description: good, love, happy, hope"
256,Note: Emotion
256,ethnicity
256,"Description: american, french, chinese, indian"
256,Note: Ethnicity
256,family
256,"Description: parent*, mother*, father*, baby"
256,Note: Family
257,fatigue
257,"Description: tired, bored, don’t care, boring"
257,Note: Fatigue
257,feeling
257,"Description: feel, hard, cool, felt"
257,Note: Feeling
257,female
257,"Description: she, her, girl, woman"
257,Note: Female references
257,filler
257,"Description: rr*, wow, sooo*, youknow"
257,Note: Fillers
257,focusfuture
257,"Description: will, going to, have to, may"
257,Note: Future focus
257,focuspast
257,"Description: was, had, were, been"
257,Note: Past focus
257,focuspresent
257,"Description: is, are, I’m, can"
257,Note: Present focus
258,food
258,"Description: food*, drink*, eat, dinner*"
258,Note: Food
258,friend
258,"Description: friend*, boyfriend*, girlfriend*, dude"
258,Note: Friends
258,fulfill
258,"Description: enough, full, complete, extra"
258,Note: Fulfilled
258,function
258,"Description: the, to, and, I"
258,Note: Total function words
258,health
258,"Description: medic*, patients, physician*, health"
258,Note: Health
258,home
258,"Description: home, house, room, bed"
258,Note: Home
258,i
258,"Description: I, me, my, myself"
258,Note: 1st person singular
259,illness
259,"Description: hospital*, cancer*, sick, pain"
259,Note: Illness
259,insight
259,"Description: know, how, think, feel"
259,Note: Insight
259,ipron
259,"Description: that, it, this, what"
259,Note: Impersonal pronouns
259,lack
259,"Description: don’t have, didn’t have, *less, hungry"
259,Note: Lack
259,leisure
259,"Description: game*, fun, play, party*"
259,Note: Leisure
259,lifestyle
259,"Description: work, home, school, working"
259,Note: Lifestyle
259,linguistic
259,Note: Linguistic Dimensions
260,male
260,"Description: he, his, him, man"
260,Note: Male references
260,memory
260,"Description: remember, forget, remind, forgot"
260,Note: Memory
260,mental
260,"Description: mental health, depressed, suicid*, trauma*"
260,Note: Mental health
260,money
260,"Description: business*, pay*, price*, market*"
260,Note: Money
260,moral
260,"Description: wrong, honor*, deserv*, judge"
260,Note: Moralization
260,motion
260,"Description: go, come, went, came"
260,Note: Motion
260,need
260,"Description: have to, need, had to, must"
260,Note: Need
261,negate
261,"Description: not, no, never, nothing"
261,Note: Negations
261,netspeak
261,"Description: :), u, lol, haha*"
261,Note: Netspeak
261,nonflu
261,"Description: oh, um, uh, i i"
261,Note: Nonfluencies
261,number
261,"Description: one, two, first, once"
261,Note: Numbers
261,perception
261,"Description: in, out, up, there"
261,Note: Perception
261,physical
261,"Description: medic*, food*, patients, eye*"
261,Note: Physical
261,polite
261,"Description: thank, please, thanks, good morning"
261,Note: Politeness
262,politic
262,"Description: united states, govern*, congress*, senat*"
262,Note: Politics
262,power
262,"Description: own, order, allow, power"
262,Note: Power
262,ppron
262,"Description: I, you, my, me"
262,Note: Personal pronouns
262,prep
262,"Description: to, of, in, for"
262,Note: Prepositions
262,pronoun
262,"Description: I, you, that, it"
262,Note: Total pronouns
262,prosocial
262,"Description: care, help, thank, please"
262,Note: Prosocial behavior
262,quantity
262,"Description: all, one, more, some"
262,Note: Quantities
263,relig
263,"Description: god, hell, christmas*, church"
263,Note: Religion
263,reward
263,"Description: opportun*, win, gain*, benefit*"
263,Note: Reward
263,risk
263,"Description: secur*, protect*, pain, risk*"
263,Note: Risk
263,sexual
263,"Description: sex, gay, pregnan*, dick"
263,Note: Sexual
263,shehe
263,"Description: he, she, her, his"
263,Note: 3rd person singular
263,socbehav
263,"Description: said, love, say, care"
263,Note: Social behavior
263,social
263,"Description: you, we, he, she"
263,Note: Social processes
264,socrefs
264,"Description: you, we, he, she"
264,Note: Social referents
264,space
264,"Description: in, out, up, there"
264,Note: Space
264,substances
264,"Description: beer*, wine, drunk, cigar*"
264,Note: Substances
264,swear
264,"Description: shit, fuckin*, fuck, damn"
264,Note: Swear words
264,task
264,Description: AW = Aging Well task; EM = Episodic Memory task
264,tech
264,"Description: car, phone, comput*, email*"
264,Note: Technology
264,tentat
264,"Description: if, or, any, something"
264,Note: Tentative
265,they
265,"Description: they, their, them, themsel*"
265,Note: 3rd person plural
265,time
265,"Description: when, now, then, day"
265,Note: Time
265,tone
265,Description: Degree of positive (negative) tone
265,Note: Emotional tone
265,tone_neg
265,"Description: bad, wrong, too much, hate"
265,Note: Negative tone
265,tone_pos
265,"Description: good, well, new, love"
265,Note: Positive tone
265,verb
265,"Description: is, was, be, have"
265,Note: Common verbs
265,visual
265,"Description: see, look, eye*, saw"
265,Note: Visual
266,want
266,"Description: want, hope, wanted, wish"
266,Note: Want
266,wc
266,Description: Total word count
266,Note: Word count
266,we
266,"Description: we, our, us, lets"
266,Note: 1st person plural
266,wellness
266,"Description: healthy, gym*, supported, diet"
266,Note: Wellness
266,work
266,"Description: work, school, working, class"
266,Note: Work
266,wps
266,Description: Average words per sentence
266,Note: Words per sentence
266,you
266,"Description: you, your, u, yourself"
266,Note: 2nd person
267,LabFront_Garmin
267,↑
267,Fields: 284
267,hml_id
267,Description: HML ID
267,mindcrowd_id
267,Description: MindCrowd ID
267,average_heart_rate_bpm
267,Description: Average of heart rate values captured during the monitoring period. (Source
267,field label: average_heart_rate (bpm))
267,Unit: bpm
267,daily_bmr_kilocalories_kcal
267,Description: Kilocalories burned by existing Basal Metabolic Rate in a day. (Source field
267,label: daily_bmr_kilocalories (kcal))
267,Unit: kCal
267,daily_monitoring_hr
267,Description: The average daily monitoring duration was calculated over all valid recording
267,days. (Source field label: daily_monitoring (Hr))
267,Unit: hours
267,days_of_recording
267,Description: The number of valid days recording. Valid day is a day with minimum 100
267,steps of recording. (Source field label: days_of_recording)
267,Unit: days
268,max_average_stress_level
268,Description: Maximum an abstraction of the user's average stress level in this monitoring
268,period in a day. (Source field label: MAX_average_stress_level)
268,Unit: 1 to 100
268,max_awake_duration_hr
268,Description: Maximum the total time spent awake during the sleep monitoring period.
268,(Source field label: MAX_awake_duration (Hr))
268,Unit: hours
268,max_daily_10hr_distance_km
268,Description: Maximum total distance travelled during 10 most active hours per day.
268,(Source field label: MAX_daily_10hr_distance (km))
268,Unit: km
268,max_daily_10hr_steps
268,Description: Maximum total number of steps recorded during 10 most active hours per
268,day. (Source field label: MAX_daily_10hr_steps)
268,Unit: steps
268,max_daily_active_duration_hr
268,"Description: Maximum total time spent in moderate activity (e.g., brisk walking). (Source"
268,field label: MAX_daily_active_duration (Hr))
268,Unit: hours
269,max_daily_active_kilocalories_kcal
269,Description: Maximum active kilocalories (dietary calories) burned during the monitoring
269,period in a day. This includes only the calories burned by the activity and not calories
269,burned as part of the basal metabolic rate (bmr). (Source field label:
269,MAX_daily_active_kilocalories (kcal))
269,Unit: kCal
269,max_daily_active_percentage
269,"Description: Maximum percentage of daily duration spent in moderate activity (e.g., brisk"
269,walking). (Source field label: MAX_daily_active_percentage (%))
269,Unit: %
269,max_daily_distance_8to8_km
269,Description: Maximum distance travelled in kilometers from 8am to 8pm in a day. (Source
269,field label: MAX_daily_distance_8to8 (km))
269,Unit: km
269,max_daily_distance_km
269,Description: Maximum distance travelled in kilometers in a day. (Source field label:
269,MAX_daily_distance (km))
269,Unit: km
269,max_daily_floors_climbed
269,Description: Maximum number of floors climbed during the monitoring period in a day.
269,(Source field label: MAX_daily_floors_climbed)
269,Unit: floors
270,max_daily_highly_active_duration_hr
270,"Description: Maximum total time spent in high-intensity activity (e.g., running or speed"
270,walking). (Source field label: MAX_daily_highly_active_duration (Hr))
270,Unit: hours
270,max_daily_highly_active_percentage
270,"Description: Maximum percentage of daily duration spent in high-intensity activity (e.g.,"
270,running or speed walking). (Source field label: MAX_daily_highly_active_percentage (%))
270,Unit: %
270,max_daily_sedentary_duration_hr
270,"Description: Maximum total time spent with little to no activity (sitting, resting, or"
270,sleeping). (Source field label: MAX_daily_sedentary_duration (Hr))
270,Unit: hours
270,max_daily_sedentary_percentage
270,"Description: Maximum percentage of daily duration spent with little to no activity (sitting,"
270,"resting, or sleeping). (Source field label: MAX_daily_sedentary_percentage (%))"
270,Unit: %
270,max_daily_steps
270,Description: Maximum count of steps recorded during the monitoring period in a day.
270,(Source field label: MAX_daily_steps)
270,Unit: steps
270,max_daily_steps_8to8
270,Description: Maximum count of steps recorded from 8am to 8pm in a day. (Source field
270,label: MAX_daily_steps_8to8)
270,Unit: steps
271,max_deep_sleep_duration_hr
271,Description: Maximum duration of deep sleep during sleep period. (Source field label:
271,MAX_deep_sleep_duration (Hr))
271,Unit: hours
271,max_deep_sleep_percentage
271,Description: Maximum the proportion of deep sleep relative to the total sleep time.
271,(Source field label: MAX_deep_sleep_percentage (%))
271,Unit: %
271,max_heart_rate_bpm
271,Description: Maximum of heart rate values captured during the monitoring period.
271,(Source field label: max_heart_rate (bpm))
271,Unit: bpm
271,max_high_stress_duration_hr
271,Description: Maximum the duration in this monitoring period in a day where stress level
271,measurements were in the high range (76-100). (Source field label:
271,MAX_high_stress_duration (Hr))
271,Unit: hours
271,max_high_stress_duration_percentage
271,Description: Maximum the percentage of the total monitoring period during which stress
271,level measurements were in the high-stress range (76-100) in a day. (Source field label:
271,MAX_high_stress_duration_percentage (%))
271,Unit: %
272,max_light_sleep_duration_hr
272,Description: Maximum duration of light sleep during sleep period. (Source field label:
272,MAX_light_sleep_duration (Hr))
272,Unit: hours
272,max_light_sleep_percentage
272,Description: Maximum the proportion of light sleep relative to the total sleep time. (Source
272,field label: MAX_light_sleep_percentage (%))
272,Unit: %
272,max_low_stress_duration_hr
272,Description: Maximum the duration in this monitoring period in a day where stress level
272,measurements were in the low range (26-50). (Source field label:
272,MAX_low_stress_duration (Hr))
272,Unit: hours
272,max_low_stress_duration_percentage
272,Description: Maximum the percentage of the total monitoring period during which stress
272,level measurements were in the low-stress range (26-50) in a day. (Source field label:
272,MAX_low_stress_duration_percentage (%))
272,Unit: %
272,max_max_stress_level
272,Description: Maximum the highest stress level measurement taken during this monitoring
272,period in a day. (Source field label: MAX_max_stress_level)
272,Unit: 1 to 100
273,max_medium_stress_duration_hr
273,Description: Maximum the duration in this monitoring period in a day where stress level
273,measurements were in the medium range (51-75). (Source field label:
273,MAX_medium_stress_duration (Hr))
273,Unit: hours
273,max_medium_stress_duration_percentage
273,Description: Maximum the percentage of the total monitoring period during which stress
273,level measurements were in the medium-stress range (51-75) in a day. (Source field label:
273,MAX_medium_stress_duration_percentage (%))
273,Unit: %
273,max_moderate_intensity_duration_minute
273,Description: Maximum cumulative duration of activities of moderate intensity. Moderate
273,intensity is defined as activity with met value range 3-6. (Source field label:
273,MAX_moderate_intensity_duration (Minute))
273,Unit: minute
273,max_rem_sleep_duration_hr
273,Description: Maximum duration of rem sleep during sleep period. (Source field label:
273,MAX_rem_sleep_duration (Hr))
273,Unit: hours
273,max_rem_sleep_percentage
273,Description: Maximum the proportion of rem sleep relative to the total sleep time. (Source
273,field label: MAX_rem_sleep_percentage (%))
273,Unit: %
274,max_rest_stress_duration_hr
274,Description: Maximum the duration in this monitoring period in a day where stress level
274,measurements were in the restful range (1-25). (Source field label:
274,MAX_rest_stress_duration (Hr))
274,Unit: hours
274,max_rest_stress_duration_percentage
274,Description: Maximum the percentage of the total monitoring period during which stress
274,level measurements were in the restful range (1-25) in a day. (Source field label:
274,MAX_rest_stress_duration_percentage (%))
274,Unit: %
274,max_resting_heart_rate_bpm
274,Description: Average heart rate at rest during the monitoring period in a day. Resting
274,Heart Rate is the minimum of a 30 min rolling average of HR. It typically occurs during the
274,"night if a user sleeps with the device, but if the user does not, it typically occurs when the"
274,user is sedentary. (Source field label: MAX_resting_heart_rate (bpm))
274,Unit: bpm
274,max_sleep_above_6h_percentage
274,Description: Maximum the percentage of valid days (where sleep data is available) in
274,which total sleep time exceeded 6 hours. It is calculated as (number of days with sleep > 6
274,hours) / (total valid sleep days) x 100. a higher value indicates a greater proportion of
274,nights with sufficient sleep. (Source field label: MAX_sleep_above_6h_percentage (%))
274,Unit: %
274,max_sleep_efficiency_percentage
274,Description: Maximum the percentage of time spent asleep relative to the total time spent
274,in bed. It is calculated as (total_sleep_time (hr) / total_time_in_bed (hr)) x 100. a higher
274,value indicates better sleep quality. (Source field label: MAX_sleep_efficiency_percentage
274,(%))
274,Unit: %
275,max_sleep_spo2
275,Description: Maximum recorded SpO2 value during sleep hours on monitored nights.
275,(Source field label: max_sleep_spo2)
275,Unit: %
275,max_stress_duration_hr
275,Description: Maximum the duration in this monitoring period in a day where stress level
275,measurements were in the stressful range (26-100). (Source field label:
275,MAX_stress_duration (Hr))
275,Unit: hours
275,max_total_sleep_time_hr
275,"Description: Maximum the total amount of time actually spent sleeping, excluding awake"
275,time. (Source field label: MAX_total_sleep_time (Hr))
275,Unit: hours
275,max_total_time_in_bed_hr
275,"Description: Maximum the total time spent in bed, including both sleep and awake"
275,periods. (Source field label: MAX_total_time_in_bed (Hr))
275,Unit: hours
275,max_vigorous_intensity_duration_minute
275,Description: Maximum cumulative duration of activities of vigorous intensity. Vigorous
275,intensity is defined as activity with met value>6. (Source field label:
275,MAX_vigorous_intensity_duration (Minute))
275,Unit: minute
276,mean_average_stress_level
276,Description: Mean an abstraction of the user's average stress level in this monitoring
276,period in a day. (Source field label: MEAN_average_stress_level)
276,Unit: 1 to 100
276,mean_awake_duration_hr
276,Description: Mean the total time spent awake during the sleep monitoring period. (Source
276,field label: MEAN_awake_duration (Hr))
276,Unit: hours
276,mean_daily_10hr_distance_km
276,Description: Mean total distance travelled during 10 most active hours per day. (Source
276,field label: MEAN_daily_10hr_distance (km))
276,Unit: km
276,mean_daily_10hr_steps
276,Description: Mean total number of steps recorded during 10 most active hours per day.
276,(Source field label: MEAN_daily_10hr_steps)
276,Unit: steps
276,mean_daily_active_duration_hr
276,"Description: Mean total time spent in moderate activity (e.g., brisk walking). (Source field"
276,label: MEAN_daily_active_duration (Hr))
276,Unit: hours
277,mean_daily_active_kilocalories_kcal
277,Description: Mean active kilocalories (dietary calories) burned during the monitoring
277,period in a day. This includes only the calories burned by the activity and not calories
277,burned as part of the basal metabolic rate (bmr). (Source field label:
277,MEAN_daily_active_kilocalories (kcal))
277,Unit: kCal
277,mean_daily_active_percentage
277,"Description: Mean percentage of daily duration spent in moderate activity (e.g., brisk"
277,walking). (Source field label: MEAN_daily_active_percentage (%))
277,Unit: %
277,mean_daily_distance_8to8_km
277,Description: Mean distance travelled in kilometers from 8am to 8pm in a day. (Source
277,field label: MEAN_daily_distance_8to8 (km))
277,Unit: km
277,mean_daily_distance_km
277,Description: Mean distance travelled in kilometers in a day. (Source field label:
277,MEAN_daily_distance (km))
277,Unit: km
277,mean_daily_floors_climbed
277,Description: Mean number of floors climbed during the monitoring period in a day.
277,(Source field label: MEAN_daily_floors_climbed)
277,Unit: floors
278,mean_daily_highly_active_duration_hr
278,"Description: Mean total time spent in high-intensity activity (e.g., running or speed"
278,walking). (Source field label: MEAN_daily_highly_active_duration (Hr))
278,Unit: hours
278,mean_daily_highly_active_percentage
278,"Description: Mean percentage of daily duration spent in high-intensity activity (e.g.,"
278,running or speed walking). (Source field label: MEAN_daily_highly_active_percentage (%))
278,Unit: %
278,mean_daily_sedentary_duration_hr
278,"Description: Mean total time spent with little to no activity (sitting, resting, or sleeping)."
278,(Source field label: MEAN_daily_sedentary_duration (Hr))
278,Unit: hours
278,mean_daily_sedentary_percentage
278,"Description: Mean percentage of daily duration spent with little to no activity (sitting,"
278,"resting, or sleeping). (Source field label: MEAN_daily_sedentary_percentage (%))"
278,Unit: %
278,mean_daily_steps
278,Description: Mean count of steps recorded during the monitoring period in a day. (Source
278,field label: MEAN_daily_steps)
278,Unit: steps
278,mean_daily_steps_8to8
278,Description: Mean count of steps recorded from 8am to 8pm in a day. (Source field label:
278,MEAN_daily_steps_8to8)
278,Unit: steps
279,mean_deep_sleep_duration_hr
279,Description: Mean duration of deep sleep during sleep period. (Source field label:
279,MEAN_deep_sleep_duration (Hr))
279,Unit: hours
279,mean_deep_sleep_percentage
279,Description: Mean the proportion of deep sleep relative to the total sleep time. (Source
279,field label: MEAN_deep_sleep_percentage (%))
279,Unit: %
279,mean_high_stress_duration_hr
279,Description: Mean the duration in this monitoring period in a day where stress level
279,measurements were in the high range (76-100). (Source field label:
279,MEAN_high_stress_duration (Hr))
279,Unit: hours
279,mean_high_stress_duration_percentage
279,Description: Mean the percentage of the total monitoring period during which stress level
279,measurements were in the high-stress range (76-100) in a day. (Source field label:
279,MEAN_high_stress_duration_percentage (%))
279,Unit: %
279,mean_light_sleep_duration_hr
279,Description: Mean duration of light sleep during sleep period. (Source field label:
279,MEAN_light_sleep_duration (Hr))
279,Unit: hours
280,mean_light_sleep_percentage
280,Description: Mean the proportion of light sleep relative to the total sleep time. (Source
280,field label: MEAN_light_sleep_percentage (%))
280,Unit: %
280,mean_low_stress_duration_hr
280,Description: Mean the duration in this monitoring period in a day where stress level
280,measurements were in the low range (26-50). (Source field label:
280,MEAN_low_stress_duration (Hr))
280,Unit: hours
280,mean_low_stress_duration_percentage
280,Description: Mean the percentage of the total monitoring period during which stress level
280,measurements were in the low-stress range (26-50) in a day. (Source field label:
280,MEAN_low_stress_duration_percentage (%))
280,Unit: %
280,mean_max_stress_level
280,Description: Mean the highest stress level measurement taken during this monitoring
280,period in a day. (Source field label: MEAN_max_stress_level)
280,Unit: 1 to 100
280,mean_medium_stress_duration_hr
280,Description: Mean the duration in this monitoring period in a day where stress level
280,measurements were in the medium range (51-75). (Source field label:
280,MEAN_medium_stress_duration (Hr))
280,Unit: hours
281,mean_medium_stress_duration_percentage
281,Description: Mean the percentage of the total monitoring period during which stress level
281,measurements were in the medium-stress range (51-75) in a day. (Source field label:
281,MEAN_medium_stress_duration_percentage (%))
281,Unit: %
281,mean_moderate_intensity_duration_minute
281,Description: Mean cumulative duration of activities of moderate intensity. Moderate
281,intensity is defined as activity with met value range 3-6. (Source field label:
281,MEAN_moderate_intensity_duration (Minute))
281,Unit: minute
281,mean_rem_sleep_duration_hr
281,Description: Mean duration of rem sleep during sleep period. (Source field label:
281,MEAN_rem_sleep_duration (Hr))
281,Unit: hours
281,mean_rem_sleep_percentage
281,Description: Mean the proportion of rem sleep relative to the total sleep time. (Source
281,field label: MEAN_rem_sleep_percentage (%))
281,Unit: %
281,mean_rest_stress_duration_hr
281,Description: Mean the duration in this monitoring period in a day where stress level
281,measurements were in the restful range (1-25). (Source field label:
281,MEAN_rest_stress_duration (Hr))
281,Unit: hours
282,mean_rest_stress_duration_percentage
282,Description: Mean the percentage of the total monitoring period during which stress level
282,measurements were in the restful range (1-25) in a day. (Source field label:
282,MEAN_rest_stress_duration_percentage (%))
282,Unit: %
282,mean_resting_heart_rate_bpm
282,Description: Average heart rate at rest during the monitoring period in a day. Resting
282,Heart Rate is the minimum of a 30 min rolling average of HR. It typically occurs during the
282,"night if a user sleeps with the device, but if the user does not, it typically occurs when the"
282,user is sedentary. (Source field label: MEAN_resting_heart_rate (bpm))
282,Unit: bpm
282,mean_sleep_above_6h_percentage
282,Description: Mean the percentage of valid days (where sleep data is available) in which
282,total sleep time exceeded 6 hours. It is calculated as (number of days with sleep > 6
282,hours) / (total valid sleep days) x 100. a higher value indicates a greater proportion of
282,nights with sufficient sleep. (Source field label: MEAN_sleep_above_6h_percentage (%))
282,Unit: %
282,mean_sleep_efficiency_percentage
282,Description: Mean the percentage of time spent asleep relative to the total time spent in
282,bed. It is calculated as (total_sleep_time (hr) / total_time_in_bed (hr)) x 100. a higher value
282,indicates better sleep quality. (Source field label: MEAN_sleep_efficiency_percentage (%))
282,Unit: %
282,mean_sleep_spo2
282,Description: Average recorded SpO2 value during sleep hours on monitored nights.
282,(Source field label: mean_sleep_spo2)
282,Unit: %
283,mean_stress_duration_hr
283,Description: Mean the duration in this monitoring period in a day where stress level
283,measurements were in the stressful range (26-100). (Source field label:
283,MEAN_stress_duration (Hr))
283,Unit: hours
283,mean_total_sleep_time_hr
283,"Description: Mean the total amount of time actually spent sleeping, excluding awake time."
283,(Source field label: MEAN_total_sleep_time (Hr))
283,Unit: hours
283,mean_total_time_in_bed_hr
283,"Description: Mean the total time spent in bed, including both sleep and awake periods."
283,(Source field label: MEAN_total_time_in_bed (Hr))
283,Unit: hours
283,mean_vigorous_intensity_duration_minute
283,Description: Mean cumulative duration of activities of vigorous intensity. Vigorous
283,intensity is defined as activity with met value>6. (Source field label:
283,MEAN_vigorous_intensity_duration (Minute))
283,Unit: minute
283,median_average_stress_level
283,Description: Median an abstraction of the user's average stress level in this monitoring
283,period in a day. (Source field label: MEDIAN_average_stress_level)
283,Unit: 1 to 100
284,median_awake_duration_hr
284,Description: Median the total time spent awake during the sleep monitoring period.
284,(Source field label: MEDIAN_awake_duration (Hr))
284,Unit: hours
284,median_daily_10hr_distance_km
284,Description: Median total distance travelled during 10 most active hours per day. (Source
284,field label: MEDIAN_daily_10hr_distance (km))
284,Unit: km
284,median_daily_10hr_steps
284,Description: Median total number of steps recorded during 10 most active hours per day.
284,(Source field label: MEDIAN_daily_10hr_steps)
284,Unit: steps
284,median_daily_active_duration_hr
284,"Description: Median total time spent in moderate activity (e.g., brisk walking). (Source"
284,field label: MEDIAN_daily_active_duration (Hr))
284,Unit: hours
284,median_daily_active_kilocalories_kcal
284,Description: Median active kilocalories (dietary calories) burned during the monitoring
284,period in a day. This includes only the calories burned by the activity and not calories
284,burned as part of the basal metabolic rate (bmr). (Source field label:
284,MEDIAN_daily_active_kilocalories (kcal))
284,Unit: kCal
285,median_daily_active_percentage
285,"Description: Median percentage of daily duration spent in moderate activity (e.g., brisk"
285,walking). (Source field label: MEDIAN_daily_active_percentage (%))
285,Unit: %
285,median_daily_distance_8to8_km
285,Description: Median distance travelled in kilometers from 8am to 8pm in a day. (Source
285,field label: MEDIAN_daily_distance_8to8 (km))
285,Unit: km
285,median_daily_distance_km
285,Description: Median distance travelled in kilometers in a day. (Source field label:
285,MEDIAN_daily_distance (km))
285,Unit: km
285,median_daily_floors_climbed
285,Description: Median number of floors climbed during the monitoring period in a day.
285,(Source field label: MEDIAN_daily_floors_climbed)
285,Unit: floors
285,median_daily_highly_active_duration_hr
285,"Description: Median total time spent in high-intensity activity (e.g., running or speed"
285,walking). (Source field label: MEDIAN_daily_highly_active_duration (Hr))
285,Unit: hours
285,median_daily_highly_active_percentage
285,"Description: Median percentage of daily duration spent in high-intensity activity (e.g.,"
285,running or speed walking). (Source field label: MEDIAN_daily_highly_active_percentage
285,(%))
285,Unit: %
286,median_daily_sedentary_duration_hr
286,"Description: Median total time spent with little to no activity (sitting, resting, or sleeping)."
286,(Source field label: MEDIAN_daily_sedentary_duration (Hr))
286,Unit: hours
286,median_daily_sedentary_percentage
286,"Description: Median percentage of daily duration spent with little to no activity (sitting,"
286,"resting, or sleeping). (Source field label: MEDIAN_daily_sedentary_percentage (%))"
286,Unit: %
286,median_daily_steps
286,Description: Median count of steps recorded during the monitoring period in a day.
286,(Source field label: MEDIAN_daily_steps)
286,Unit: steps
286,median_daily_steps_8to8
286,Description: Median count of steps recorded from 8am to 8pm in a day. (Source field
286,label: MEDIAN_daily_steps_8to8)
286,Unit: steps
286,median_deep_sleep_duration_hr
286,Description: Median duration of deep sleep during sleep period. (Source field label:
286,MEDIAN_deep_sleep_duration (Hr))
286,Unit: hours
286,median_deep_sleep_percentage
286,Description: Median the proportion of deep sleep relative to the total sleep time. (Source
286,field label: MEDIAN_deep_sleep_percentage (%))
286,Unit: %
287,median_high_stress_duration_hr
287,Description: Median the duration in this monitoring period in a day where stress level
287,measurements were in the high range (76-100). (Source field label:
287,MEDIAN_high_stress_duration (Hr))
287,Unit: hours
287,median_high_stress_duration_percentage
287,Description: Median the percentage of the total monitoring period during which stress
287,level measurements were in the high-stress range (76-100) in a day. (Source field label:
287,MEDIAN_high_stress_duration_percentage (%))
287,Unit: %
287,median_light_sleep_duration_hr
287,Description: Median duration of light sleep during sleep period. (Source field label:
287,MEDIAN_light_sleep_duration (Hr))
287,Unit: hours
287,median_light_sleep_percentage
287,Description: Median the proportion of light sleep relative to the total sleep time. (Source
287,field label: MEDIAN_light_sleep_percentage (%))
287,Unit: %
287,median_low_stress_duration_hr
287,Description: Median the duration in this monitoring period in a day where stress level
287,measurements were in the low range (26-50). (Source field label:
287,MEDIAN_low_stress_duration (Hr))
287,Unit: hours
288,median_low_stress_duration_percentage
288,Description: Median the percentage of the total monitoring period during which stress
288,level measurements were in the low-stress range (26-50) in a day. (Source field label:
288,MEDIAN_low_stress_duration_percentage (%))
288,Unit: %
288,median_max_stress_level
288,Description: Median the highest stress level measurement taken during this monitoring
288,period in a day. (Source field label: MEDIAN_max_stress_level)
288,Unit: 1 to 100
288,median_medium_stress_duration_hr
288,Description: Median the duration in this monitoring period in a day where stress level
288,measurements were in the medium range (51-75). (Source field label:
288,MEDIAN_medium_stress_duration (Hr))
288,Unit: hours
288,median_medium_stress_duration_percentage
288,Description: Median the percentage of the total monitoring period during which stress
288,level measurements were in the medium-stress range (51-75) in a day. (Source field label:
288,MEDIAN_medium_stress_duration_percentage (%))
288,Unit: %
288,median_moderate_intensity_duration_minute
288,Description: Median cumulative duration of activities of moderate intensity. Moderate
288,intensity is defined as activity with met value range 3-6. (Source field label:
288,MEDIAN_moderate_intensity_duration (Minute))
288,Unit: minute
289,median_rem_sleep_duration_hr
289,Description: Median duration of rem sleep during sleep period. (Source field label:
289,MEDIAN_rem_sleep_duration (Hr))
289,Unit: hours
289,median_rem_sleep_percentage
289,Description: Median the proportion of rem sleep relative to the total sleep time. (Source
289,field label: MEDIAN_rem_sleep_percentage (%))
289,Unit: %
289,median_rest_stress_duration_hr
289,Description: Median the duration in this monitoring period in a day where stress level
289,measurements were in the restful range (1-25). (Source field label:
289,MEDIAN_rest_stress_duration (Hr))
289,Unit: hours
289,median_rest_stress_duration_percentage
289,Description: Median the percentage of the total monitoring period during which stress
289,level measurements were in the restful range (1-25) in a day. (Source field label:
289,MEDIAN_rest_stress_duration_percentage (%))
289,Unit: %
289,median_resting_heart_rate_bpm
289,Description: Average heart rate at rest during the monitoring period in a day. Resting
289,Heart Rate is the minimum of a 30 min rolling average of HR. It typically occurs during the
289,"night if a user sleeps with the device, but if the user does not, it typically occurs when the"
289,user is sedentary. (Source field label: MEDIAN_resting_heart_rate (bpm))
289,Unit: bpm
290,median_sleep_above_6h_percentage
290,Description: Median the percentage of valid days (where sleep data is available) in which
290,total sleep time exceeded 6 hours. It is calculated as (number of days with sleep > 6
290,hours) / (total valid sleep days) x 100. a higher value indicates a greater proportion of
290,nights with sufficient sleep. (Source field label: MEDIAN_sleep_above_6h_percentage
290,(%))
290,Unit: %
290,median_sleep_efficiency_percentage
290,Description: Median the percentage of time spent asleep relative to the total time spent in
290,bed. It is calculated as (total_sleep_time (hr) / total_time_in_bed (hr)) x 100. a higher value
290,indicates better sleep quality. (Source field label: MEDIAN_sleep_efficiency_percentage
290,(%))
290,Unit: %
290,median_stress_duration_hr
290,Description: Median the duration in this monitoring period in a day where stress level
290,measurements were in the stressful range (26-100). (Source field label:
290,MEDIAN_stress_duration (Hr))
290,Unit: hours
290,median_total_sleep_time_hr
290,"Description: Median the total amount of time actually spent sleeping, excluding awake"
290,time. (Source field label: MEDIAN_total_sleep_time (Hr))
290,Unit: hours
290,median_total_time_in_bed_hr
290,"Description: Median the total time spent in bed, including both sleep and awake periods."
290,(Source field label: MEDIAN_total_time_in_bed (Hr))
290,Unit: hours
291,median_vigorous_intensity_duration_minute
291,Description: Median cumulative duration of activities of vigorous intensity. Vigorous
291,intensity is defined as activity with met value>6. (Source field label:
291,MEDIAN_vigorous_intensity_duration (Minute))
291,Unit: minute
291,min_average_stress_level
291,Description: Minimum an abstraction of the user's average stress level in this monitoring
291,period in a day. (Source field label: MIN_average_stress_level)
291,Unit: 1 to 100
291,min_awake_duration_hr
291,Description: Minimum the total time spent awake during the sleep monitoring period.
291,(Source field label: MIN_awake_duration (Hr))
291,Unit: hours
291,min_daily_10hr_distance_km
291,Description: Minimum total distance travelled during 10 most active hours per day.
291,(Source field label: MIN_daily_10hr_distance (km))
291,Unit: km
291,min_daily_10hr_steps
291,Description: Minimum total number of steps recorded during 10 most active hours per
291,day. (Source field label: MIN_daily_10hr_steps)
291,Unit: steps
291,min_daily_active_duration_hr
291,"Description: Minimum total time spent in moderate activity (e.g., brisk walking). (Source"
291,field label: MIN_daily_active_duration (Hr))
291,Unit: hours
292,min_daily_active_kilocalories_kcal
292,Description: Minimum active kilocalories (dietary calories) burned during the monitoring
292,period in a day. This includes only the calories burned by the activity and not calories
292,burned as part of the basal metabolic rate (bmr). (Source field label:
292,MIN_daily_active_kilocalories (kcal))
292,Unit: kCal
292,min_daily_active_percentage
292,"Description: Minimum percentage of daily duration spent in moderate activity (e.g., brisk"
292,walking). (Source field label: MIN_daily_active_percentage (%))
292,Unit: %
292,min_daily_distance_8to8_km
292,Description: Minimum distance travelled in kilometers from 8am to 8pm in a day. (Source
292,field label: MIN_daily_distance_8to8 (km))
292,Unit: km
292,min_daily_distance_km
292,Description: Minimum distance travelled in kilometers in a day. (Source field label:
292,MIN_daily_distance (km))
292,Unit: km
292,min_daily_floors_climbed
292,Description: Minimum number of floors climbed during the monitoring period in a day.
292,(Source field label: MIN_daily_floors_climbed)
292,Unit: floors
293,min_daily_highly_active_duration_hr
293,"Description: Minimum total time spent in high-intensity activity (e.g., running or speed"
293,walking). (Source field label: MIN_daily_highly_active_duration (Hr))
293,Unit: hours
293,min_daily_highly_active_percentage
293,"Description: Minimum percentage of daily duration spent in high-intensity activity (e.g.,"
293,running or speed walking). (Source field label: MIN_daily_highly_active_percentage (%))
293,Unit: %
293,min_daily_sedentary_duration_hr
293,"Description: Minimum total time spent with little to no activity (sitting, resting, or sleeping)."
293,(Source field label: MIN_daily_sedentary_duration (Hr))
293,Unit: hours
293,min_daily_sedentary_percentage
293,"Description: Minimum percentage of daily duration spent with little to no activity (sitting,"
293,"resting, or sleeping). (Source field label: MIN_daily_sedentary_percentage (%))"
293,Unit: %
293,min_daily_steps
293,Description: Minimum count of steps recorded during the monitoring period in a day.
293,(Source field label: MIN_daily_steps)
293,Unit: steps
293,min_daily_steps_8to8
293,Description: Minimum count of steps recorded from 8am to 8pm in a day. (Source field
293,label: MIN_daily_steps_8to8)
293,Unit: steps
294,min_deep_sleep_duration_hr
294,Description: Minimum duration of deep sleep during sleep period. (Source field label:
294,MIN_deep_sleep_duration (Hr))
294,Unit: hours
294,min_deep_sleep_percentage
294,Description: Minimum the proportion of deep sleep relative to the total sleep time.
294,(Source field label: MIN_deep_sleep_percentage (%))
294,Unit: %
294,min_heart_rate_bpm
294,Description: Minimum of heart rate values captured during the monitoring period. (Source
294,field label: min_heart_rate (bpm))
294,Unit: bpm
294,min_high_stress_duration_hr
294,Description: Minimum the duration in this monitoring period in a day where stress level
294,measurements were in the high range (76-100). (Source field label:
294,MIN_high_stress_duration (Hr))
294,Unit: hours
294,min_high_stress_duration_percentage
294,Description: Minimum the percentage of the total monitoring period during which stress
294,level measurements were in the high-stress range (76-100) in a day. (Source field label:
294,MIN_high_stress_duration_percentage (%))
294,Unit: %
295,min_light_sleep_duration_hr
295,Description: Minimum duration of light sleep during sleep period. (Source field label:
295,MIN_light_sleep_duration (Hr))
295,Unit: hours
295,min_light_sleep_percentage
295,Description: Minimum the proportion of light sleep relative to the total sleep time. (Source
295,field label: MIN_light_sleep_percentage (%))
295,Unit: %
295,min_low_stress_duration_hr
295,Description: Minimum the duration in this monitoring period in a day where stress level
295,measurements were in the low range (26-50). (Source field label:
295,MIN_low_stress_duration (Hr))
295,Unit: hours
295,min_low_stress_duration_percentage
295,Description: Minimum the percentage of the total monitoring period during which stress
295,level measurements were in the low-stress range (26-50) in a day. (Source field label:
295,MIN_low_stress_duration_percentage (%))
295,Unit: %
295,min_max_stress_level
295,Description: Minimum the highest stress level measurement taken during this monitoring
295,period in a day. (Source field label: MIN_max_stress_level)
295,Unit: 1 to 100
296,min_medium_stress_duration_hr
296,Description: Minimum the duration in this monitoring period in a day where stress level
296,measurements were in the medium range (51-75). (Source field label:
296,MIN_medium_stress_duration (Hr))
296,Unit: hours
296,min_medium_stress_duration_percentage
296,Description: Minimum the percentage of the total monitoring period during which stress
296,level measurements were in the medium-stress range (51-75) in a day. (Source field label:
296,MIN_medium_stress_duration_percentage (%))
296,Unit: %
296,min_moderate_intensity_duration_minute
296,Description: Minimum cumulative duration of activities of moderate intensity. Moderate
296,intensity is defined as activity with met value range 3-6. (Source field label:
296,MIN_moderate_intensity_duration (Minute))
296,Unit: minute
296,min_rem_sleep_duration_hr
296,Description: Minimum duration of rem sleep during sleep period. (Source field label:
296,MIN_rem_sleep_duration (Hr))
296,Unit: hours
296,min_rem_sleep_percentage
296,Description: Minimum the proportion of rem sleep relative to the total sleep time. (Source
296,field label: MIN_rem_sleep_percentage (%))
296,Unit: %
297,min_rest_stress_duration_hr
297,Description: Minimum the duration in this monitoring period in a day where stress level
297,measurements were in the restful range (1-25). (Source field label:
297,MIN_rest_stress_duration (Hr))
297,Unit: hours
297,min_rest_stress_duration_percentage
297,Description: Minimum the percentage of the total monitoring period during which stress
297,level measurements were in the restful range (1-25) in a day. (Source field label:
297,MIN_rest_stress_duration_percentage (%))
297,Unit: %
297,min_resting_heart_rate_bpm
297,Description: Average heart rate at rest during the monitoring period in a day. Resting
297,Heart Rate is the minimum of a 30 min rolling average of HR. It typically occurs during the
297,"night if a user sleeps with the device, but if the user does not, it typically occurs when the"
297,user is sedentary. (Source field label: MIN_resting_heart_rate (bpm))
297,Unit: bpm
297,min_sleep_above_6h_percentage
297,Description: Minimum the percentage of valid days (where sleep data is available) in
297,which total sleep time exceeded 6 hours. It is calculated as (number of days with sleep > 6
297,hours) / (total valid sleep days) x 100. a higher value indicates a greater proportion of
297,nights with sufficient sleep. (Source field label: MIN_sleep_above_6h_percentage (%))
297,Unit: %
297,min_sleep_efficiency_percentage
297,Description: Minimum the percentage of time spent asleep relative to the total time spent
297,in bed. It is calculated as (total_sleep_time (hr) / total_time_in_bed (hr)) x 100. a higher
297,value indicates better sleep quality. (Source field label: MIN_sleep_efficiency_percentage
297,(%))
297,Unit: %
298,min_sleep_spo2
298,Description: Minimum recorded SpO2 value during sleep hours on monitored nights.
298,(Source field label: min_sleep_spo2)
298,Unit: %
298,min_stress_duration_hr
298,Description: Minimum the duration in this monitoring period in a day where stress level
298,measurements were in the stressful range (26-100). (Source field label:
298,MIN_stress_duration (Hr))
298,Unit: hours
298,min_total_sleep_time_hr
298,"Description: Minimum the total amount of time actually spent sleeping, excluding awake"
298,time. (Source field label: MIN_total_sleep_time (Hr))
298,Unit: hours
298,min_total_time_in_bed_hr
298,"Description: Minimum the total time spent in bed, including both sleep and awake"
298,periods. (Source field label: MIN_total_time_in_bed (Hr))
298,Unit: hours
298,min_vigorous_intensity_duration_minute
298,Description: Minimum cumulative duration of activities of vigorous intensity. Vigorous
298,intensity is defined as activity with met value>6. (Source field label:
298,MIN_vigorous_intensity_duration (Minute))
298,Unit: minute
299,p10_average_stress_level
299,Description: 10th percentile an abstraction of the user's average stress level in this
299,monitoring period in a day. (Source field label: P10_average_stress_level)
299,Unit: 1 to 100
299,p10_awake_duration_hr
299,Description: 10th percentile the total time spent awake during the sleep monitoring
299,period. (Source field label: P10_awake_duration (Hr))
299,Unit: hours
299,p10_daily_10hr_distance_km
299,Description: 10th percentile total distance travelled during 10 most active hours per day.
299,(Source field label: P10_daily_10hr_distance (km))
299,Unit: km
299,p10_daily_10hr_steps
299,Description: 10th percentile total number of steps recorded during 10 most active hours
299,per day. (Source field label: P10_daily_10hr_steps)
299,Unit: steps
299,p10_daily_active_duration_hr
299,"Description: 10th percentile total time spent in moderate activity (e.g., brisk walking)."
299,(Source field label: P10_daily_active_duration (Hr))
299,Unit: hours
300,p10_daily_active_kilocalories_kcal
300,Description: 10th percentile active kilocalories (dietary calories) burned during the
300,monitoring period in a day. This includes only the calories burned by the activity and not
300,calories burned as part of the basal metabolic rate (bmr). (Source field label:
300,P10_daily_active_kilocalories (kcal))
300,Unit: kCal
300,p10_daily_active_percentage
300,"Description: 10th percentile percentage of daily duration spent in moderate activity (e.g.,"
300,brisk walking). (Source field label: P10_daily_active_percentage (%))
300,Unit: %
300,p10_daily_distance_8to8_km
300,Description: 10th percentile distance travelled in kilometers from 8am to 8pm in a day.
300,(Source field label: P10_daily_distance_8to8 (km))
300,Unit: km
300,p10_daily_distance_km
300,Description: 10th percentile distance travelled in kilometers in a day. (Source field label:
300,P10_daily_distance (km))
300,Unit: km
300,p10_daily_floors_climbed
300,Description: 10th percentile number of floors climbed during the monitoring period in a
300,day. (Source field label: P10_daily_floors_climbed)
300,Unit: floors
301,p10_daily_highly_active_duration_hr
301,"Description: 10th percentile total time spent in high-intensity activity (e.g., running or"
301,speed walking). (Source field label: P10_daily_highly_active_duration (Hr))
301,Unit: hours
301,p10_daily_highly_active_percentage
301,Description: 10th percentile percentage of daily duration spent in high-intensity activity
301,"(e.g., running or speed walking). (Source field label: P10_daily_highly_active_percentage"
301,(%))
301,Unit: %
301,p10_daily_sedentary_duration_hr
301,"Description: 10th percentile total time spent with little to no activity (sitting, resting, or"
301,sleeping). (Source field label: P10_daily_sedentary_duration (Hr))
301,Unit: hours
301,p10_daily_sedentary_percentage
301,Description: 10th percentile percentage of daily duration spent with little to no activity
301,"(sitting, resting, or sleeping). (Source field label: P10_daily_sedentary_percentage (%))"
301,Unit: %
301,p10_daily_steps
301,Description: 10th percentile count of steps recorded during the monitoring period in a day.
301,(Source field label: P10_daily_steps)
301,Unit: steps
301,p10_daily_steps_8to8
301,Description: 10th percentile count of steps recorded from 8am to 8pm in a day. (Source
301,field label: P10_daily_steps_8to8)
301,Unit: steps
302,p10_deep_sleep_duration_hr
302,Description: 10th percentile duration of deep sleep during sleep period. (Source field
302,label: P10_deep_sleep_duration (Hr))
302,Unit: hours
302,p10_deep_sleep_percentage
302,Description: 10th percentile the proportion of deep sleep relative to the total sleep time.
302,(Source field label: P10_deep_sleep_percentage (%))
302,Unit: %
302,p10_high_stress_duration_hr
302,Description: 10th percentile the duration in this monitoring period in a day where stress
302,level measurements were in the high range (76-100). (Source field label:
302,P10_high_stress_duration (Hr))
302,Unit: hours
302,p10_high_stress_duration_percentage
302,Description: 10th percentile the percentage of the total monitoring period during which
302,stress level measurements were in the high-stress range (76-100) in a day. (Source field
302,label: P10_high_stress_duration_percentage (%))
302,Unit: %
302,p10_light_sleep_duration_hr
302,Description: 10th percentile duration of light sleep during sleep period. (Source field label:
302,P10_light_sleep_duration (Hr))
302,Unit: hours
303,p10_light_sleep_percentage
303,Description: 10th percentile the proportion of light sleep relative to the total sleep time.
303,(Source field label: P10_light_sleep_percentage (%))
303,Unit: %
303,p10_low_stress_duration_hr
303,Description: 10th percentile the duration in this monitoring period in a day where stress
303,level measurements were in the low range (26-50). (Source field label:
303,P10_low_stress_duration (Hr))
303,Unit: hours
303,p10_low_stress_duration_percentage
303,Description: 10th percentile the percentage of the total monitoring period during which
303,stress level measurements were in the low-stress range (26-50) in a day. (Source field
303,label: P10_low_stress_duration_percentage (%))
303,Unit: %
303,p10_max_stress_level
303,Description: 10th percentile the highest stress level measurement taken during this
303,monitoring period in a day. (Source field label: P10_max_stress_level)
303,Unit: 1 to 100
303,p10_medium_stress_duration_hr
303,Description: 10th percentile the duration in this monitoring period in a day where stress
303,level measurements were in the medium range (51-75). (Source field label:
303,P10_medium_stress_duration (Hr))
303,Unit: hours
304,p10_medium_stress_duration_percentage
304,Description: 10th percentile the percentage of the total monitoring period during which
304,stress level measurements were in the medium-stress range (51-75) in a day. (Source field
304,label: P10_medium_stress_duration_percentage (%))
304,Unit: %
304,p10_moderate_intensity_duration_minute
304,Description: 10th percentile cumulative duration of activities of moderate intensity.
304,Moderate intensity is defined as activity with met value range 3-6. (Source field label:
304,P10_moderate_intensity_duration (Minute))
304,Unit: minute
304,p10_rem_sleep_duration_hr
304,Description: 10th percentile duration of rem sleep during sleep period. (Source field label:
304,P10_rem_sleep_duration (Hr))
304,Unit: hours
304,p10_rem_sleep_percentage
304,Description: 10th percentile the proportion of rem sleep relative to the total sleep time.
304,(Source field label: P10_rem_sleep_percentage (%))
304,Unit: %
304,p10_rest_stress_duration_hr
304,Description: 10th percentile the duration in this monitoring period in a day where stress
304,level measurements were in the restful range (1-25). (Source field label:
304,P10_rest_stress_duration (Hr))
304,Unit: hours
305,p10_rest_stress_duration_percentage
305,Description: 10th percentile the percentage of the total monitoring period during which
305,stress level measurements were in the restful range (1-25) in a day. (Source field label:
305,P10_rest_stress_duration_percentage (%))
305,Unit: %
305,p10_resting_heart_rate_bpm
305,Description: Average heart rate at rest during the monitoring period in a day. Resting
305,Heart Rate is the minimum of a 30 min rolling average of HR. It typically occurs during the
305,"night if a user sleeps with the device, but if the user does not, it typically occurs when the"
305,user is sedentary. (Source field label: P10_resting_heart_rate (bpm))
305,Unit: bpm
305,p10_sleep_above_6h_percentage
305,Description: 10th percentile the percentage of valid days (where sleep data is available)
305,in which total sleep time exceeded 6 hours. It is calculated as (number of days with sleep >
305,6 hours) / (total valid sleep days) x 100. a higher value indicates a greater proportion of
305,nights with sufficient sleep. (Source field label: P10_sleep_above_6h_percentage (%))
305,Unit: %
305,p10_sleep_efficiency_percentage
305,Description: 10th percentile the percentage of time spent asleep relative to the total time
305,spent in bed. It is calculated as (total_sleep_time (hr) / total_time_in_bed (hr)) x 100. a
305,higher value indicates better sleep quality. (Source field label:
305,P10_sleep_efficiency_percentage (%))
305,Unit: %
305,p10_stress_duration_hr
305,Description: 10th percentile the duration in this monitoring period in a day where stress
305,level measurements were in the stressful range (26-100). (Source field label:
305,P10_stress_duration (Hr))
305,Unit: hours
306,p10_total_sleep_time_hr
306,"Description: 10th percentile the total amount of time actually spent sleeping, excluding"
306,awake time. (Source field label: P10_total_sleep_time (Hr))
306,Unit: hours
306,p10_total_time_in_bed_hr
306,"Description: 10th percentile the total time spent in bed, including both sleep and awake"
306,periods. (Source field label: P10_total_time_in_bed (Hr))
306,Unit: hours
306,p10_vigorous_intensity_duration_minute
306,Description: 10th percentile cumulative duration of activities of vigorous intensity.
306,Vigorous intensity is defined as activity with met value>6. (Source field label:
306,P10_vigorous_intensity_duration (Minute))
306,Unit: minute
306,p90_average_stress_level
306,Description: 90th percentile an abstraction of the user's average stress level in this
306,monitoring period in a day. (Source field label: P90_average_stress_level)
306,Unit: 1 to 100
306,p90_awake_duration_hr
306,Description: 90th percentile the total time spent awake during the sleep monitoring
306,period. (Source field label: P90_awake_duration (Hr))
306,Unit: hours
306,p90_daily_10hr_distance_km
306,Description: 90th percentile total distance travelled during 10 most active hours per day.
306,(Source field label: P90_daily_10hr_distance (km))
306,Unit: km
307,p90_daily_10hr_steps
307,Description: 90th percentile total number of steps recorded during 10 most active hours
307,per day. (Source field label: P90_daily_10hr_steps)
307,Unit: steps
307,p90_daily_active_duration_hr
307,"Description: 90th percentile total time spent in moderate activity (e.g., brisk walking)."
307,(Source field label: P90_daily_active_duration (Hr))
307,Unit: hours
307,p90_daily_active_kilocalories_kcal
307,Description: 90th percentile active kilocalories (dietary calories) burned during the
307,monitoring period in a day. This includes only the calories burned by the activity and not
307,calories burned as part of the basal metabolic rate (bmr). (Source field label:
307,P90_daily_active_kilocalories (kcal))
307,Unit: kCal
307,p90_daily_active_percentage
307,"Description: 90th percentile percentage of daily duration spent in moderate activity (e.g.,"
307,brisk walking). (Source field label: P90_daily_active_percentage (%))
307,Unit: %
307,p90_daily_distance_8to8_km
307,Description: 90th percentile distance travelled in kilometers from 8am to 8pm in a day.
307,(Source field label: P90_daily_distance_8to8 (km))
307,Unit: km
308,p90_daily_distance_km
308,Description: 90th percentile distance travelled in kilometers in a day. (Source field label:
308,P90_daily_distance (km))
308,Unit: km
308,p90_daily_floors_climbed
308,Description: 90th percentile number of floors climbed during the monitoring period in a
308,day. (Source field label: P90_daily_floors_climbed)
308,Unit: floors
308,p90_daily_highly_active_duration_hr
308,"Description: 90th percentile total time spent in high-intensity activity (e.g., running or"
308,speed walking). (Source field label: P90_daily_highly_active_duration (Hr))
308,Unit: hours
308,p90_daily_highly_active_percentage
308,Description: 90th percentile percentage of daily duration spent in high-intensity activity
308,"(e.g., running or speed walking). (Source field label: P90_daily_highly_active_percentage"
308,(%))
308,Unit: %
308,p90_daily_sedentary_duration_hr
308,"Description: 90th percentile total time spent with little to no activity (sitting, resting, or"
308,sleeping). (Source field label: P90_daily_sedentary_duration (Hr))
308,Unit: hours
308,p90_daily_sedentary_percentage
308,Description: 90th percentile percentage of daily duration spent with little to no activity
308,"(sitting, resting, or sleeping). (Source field label: P90_daily_sedentary_percentage (%))"
308,Unit: %
309,p90_daily_steps
309,Description: 90th percentile count of steps recorded during the monitoring period in a day.
309,(Source field label: P90_daily_steps)
309,Unit: steps
309,p90_daily_steps_8to8
309,Description: 90th percentile count of steps recorded from 8am to 8pm in a day. (Source
309,field label: P90_daily_steps_8to8)
309,Unit: steps
309,p90_deep_sleep_duration_hr
309,Description: 90th percentile duration of deep sleep during sleep period. (Source field
309,label: P90_deep_sleep_duration (Hr))
309,Unit: hours
309,p90_deep_sleep_percentage
309,Description: 90th percentile the proportion of deep sleep relative to the total sleep time.
309,(Source field label: P90_deep_sleep_percentage (%))
309,Unit: %
309,p90_high_stress_duration_hr
309,Description: 90th percentile the duration in this monitoring period in a day where stress
309,level measurements were in the high range (76-100). (Source field label:
309,P90_high_stress_duration (Hr))
309,Unit: hours
310,p90_high_stress_duration_percentage
310,Description: 90th percentile the percentage of the total monitoring period during which
310,stress level measurements were in the high-stress range (76-100) in a day. (Source field
310,label: P90_high_stress_duration_percentage (%))
310,Unit: %
310,p90_light_sleep_duration_hr
310,Description: 90th percentile duration of light sleep during sleep period. (Source field label:
310,P90_light_sleep_duration (Hr))
310,Unit: hours
310,p90_light_sleep_percentage
310,Description: 90th percentile the proportion of light sleep relative to the total sleep time.
310,(Source field label: P90_light_sleep_percentage (%))
310,Unit: %
310,p90_low_stress_duration_hr
310,Description: 90th percentile the duration in this monitoring period in a day where stress
310,level measurements were in the low range (26-50). (Source field label:
310,P90_low_stress_duration (Hr))
310,Unit: hours
310,p90_low_stress_duration_percentage
310,Description: 90th percentile the percentage of the total monitoring period during which
310,stress level measurements were in the low-stress range (26-50) in a day. (Source field
310,label: P90_low_stress_duration_percentage (%))
310,Unit: %
311,p90_max_stress_level
311,Description: 90th percentile the highest stress level measurement taken during this
311,monitoring period in a day. (Source field label: P90_max_stress_level)
311,Unit: 1 to 100
311,p90_medium_stress_duration_hr
311,Description: 90th percentile the duration in this monitoring period in a day where stress
311,level measurements were in the medium range (51-75). (Source field label:
311,P90_medium_stress_duration (Hr))
311,Unit: hours
311,p90_medium_stress_duration_percentage
311,Description: 90th percentile the percentage of the total monitoring period during which
311,stress level measurements were in the medium-stress range (51-75) in a day. (Source field
311,label: P90_medium_stress_duration_percentage (%))
311,Unit: %
311,p90_moderate_intensity_duration_minute
311,Description: 90th percentile cumulative duration of activities of moderate intensity.
311,Moderate intensity is defined as activity with met value range 3-6. (Source field label:
311,P90_moderate_intensity_duration (Minute))
311,Unit: minute
311,p90_rem_sleep_duration_hr
311,Description: 90th percentile duration of rem sleep during sleep period. (Source field label:
311,P90_rem_sleep_duration (Hr))
311,Unit: hours
312,p90_rem_sleep_percentage
312,Description: 90th percentile the proportion of rem sleep relative to the total sleep time.
312,(Source field label: P90_rem_sleep_percentage (%))
312,Unit: %
312,p90_rest_stress_duration_hr
312,Description: 90th percentile the duration in this monitoring period in a day where stress
312,level measurements were in the restful range (1-25). (Source field label:
312,P90_rest_stress_duration (Hr))
312,Unit: hours
312,p90_rest_stress_duration_percentage
312,Description: 90th percentile the percentage of the total monitoring period during which
312,stress level measurements were in the restful range (1-25) in a day. (Source field label:
312,P90_rest_stress_duration_percentage (%))
312,Unit: %
312,p90_resting_heart_rate_bpm
312,Description: Average heart rate at rest during the monitoring period in a day. Resting
312,Heart Rate is the minimum of a 30 min rolling average of HR. It typically occurs during the
312,"night if a user sleeps with the device, but if the user does not, it typically occurs when the"
312,user is sedentary. (Source field label: P90_resting_heart_rate (bpm))
312,Unit: bpm
312,p90_sleep_above_6h_percentage
312,Description: 90th percentile the percentage of valid days (where sleep data is available)
312,in which total sleep time exceeded 6 hours. It is calculated as (number of days with sleep >
312,6 hours) / (total valid sleep days) x 100. a higher value indicates a greater proportion of
312,nights with sufficient sleep. (Source field label: P90_sleep_above_6h_percentage (%))
312,Unit: %
313,p90_sleep_efficiency_percentage
313,Description: 90th percentile the percentage of time spent asleep relative to the total time
313,spent in bed. It is calculated as (total_sleep_time (hr) / total_time_in_bed (hr)) x 100. a
313,higher value indicates better sleep quality. (Source field label:
313,P90_sleep_efficiency_percentage (%))
313,Unit: %
313,p90_stress_duration_hr
313,Description: 90th percentile the duration in this monitoring period in a day where stress
313,level measurements were in the stressful range (26-100). (Source field label:
313,P90_stress_duration (Hr))
313,Unit: hours
313,p90_total_sleep_time_hr
313,"Description: 90th percentile the total amount of time actually spent sleeping, excluding"
313,awake time. (Source field label: P90_total_sleep_time (Hr))
313,Unit: hours
313,p90_total_time_in_bed_hr
313,"Description: 90th percentile the total time spent in bed, including both sleep and awake"
313,periods. (Source field label: P90_total_time_in_bed (Hr))
313,Unit: hours
313,p90_vigorous_intensity_duration_minute
313,Description: 90th percentile cumulative duration of activities of vigorous intensity.
313,Vigorous intensity is defined as activity with met value>6. (Source field label:
313,P90_vigorous_intensity_duration (Minute))
313,Unit: minute
314,std_average_stress_level
314,Description: Standard deviation an abstraction of the user's average stress level in this
314,monitoring period in a day. (Source field label: STD_average_stress_level)
314,Unit: 1 to 100
314,std_awake_duration_hr
314,Description: Standard deviation the total time spent awake during the sleep monitoring
314,period. (Source field label: STD_awake_duration (Hr))
314,Unit: hours
314,std_daily_10hr_distance_km
314,Description: Standard deviation of total distance travelled during 10 most active hours per
314,day. (Source field label: STD_daily_10hr_distance (km))
314,Unit: km
314,std_daily_10hr_steps
314,Description: Standard deviation of total number of steps recorded during 10 most active
314,hours per day. (Source field label: STD_daily_10hr_steps)
314,Unit: steps
314,std_daily_active_duration_hr
314,"Description: Standard deviation total time spent in moderate activity (e.g., brisk walking)."
314,(Source field label: STD_daily_active_duration (Hr))
314,Unit: hours
315,std_daily_active_kilocalories_kcal
315,Description: Standard deviation active kilocalories (dietary calories) burned during the
315,monitoring period in a day. This includes only the calories burned by the activity and not
315,calories burned as part of the basal metabolic rate (bmr). (Source field label:
315,STD_daily_active_kilocalories (kcal))
315,Unit: kCal
315,std_daily_active_percentage
315,Description: Standard deviation percentage of daily duration spent in moderate activity
315,"(e.g., brisk walking). (Source field label: STD_daily_active_percentage (%))"
315,Unit: %
315,std_daily_distance_8to8_km
315,Description: Standard deviation distance travelled in kilometers from 8am to 8pm in a day.
315,(Source field label: STD_daily_distance_8to8 (km))
315,Unit: km
315,std_daily_distance_km
315,Description: Standard deviation distance travelled in kilometers in a day. (Source field
315,label: STD_daily_distance (km))
315,Unit: km
315,std_daily_floors_climbed
315,Description: Standard deviation number of floors climbed during the monitoring period in
315,a day. (Source field label: STD_daily_floors_climbed)
315,Unit: floors
316,std_daily_highly_active_duration_hr
316,"Description: Standard deviation total time spent in high-intensity activity (e.g., running or"
316,speed walking). (Source field label: STD_daily_highly_active_duration (Hr))
316,Unit: hours
316,std_daily_highly_active_percentage
316,Description: Standard deviation percentage of daily duration spent in high-intensity
316,"activity (e.g., running or speed walking). (Source field label:"
316,STD_daily_highly_active_percentage (%))
316,Unit: %
316,std_daily_sedentary_duration_hr
316,"Description: Standard deviation total time spent with little to no activity (sitting, resting, or"
316,sleeping). (Source field label: STD_daily_sedentary_duration (Hr))
316,Unit: hours
316,std_daily_sedentary_percentage
316,Description: Standard deviation percentage of daily duration spent with little to no activity
316,"(sitting, resting, or sleeping). (Source field label: STD_daily_sedentary_percentage (%))"
316,Unit: %
316,std_daily_steps
316,Description: Standard deviation count of steps recorded during the monitoring period in a
316,day. (Source field label: STD_daily_steps)
316,Unit: steps
316,std_daily_steps_8to8
316,Description: Standard deviation count of steps recorded from 8am to 8pm in a day.
316,(Source field label: STD_daily_steps_8to8)
316,Unit: steps
317,std_deep_sleep_duration_hr
317,Description: Standard deviation duration of deep sleep during sleep period. (Source field
317,label: STD_deep_sleep_duration (Hr))
317,Unit: hours
317,std_deep_sleep_percentage
317,Description: Standard deviation the proportion of deep sleep relative to the total sleep
317,time. (Source field label: STD_deep_sleep_percentage (%))
317,Unit: %
317,std_high_stress_duration_hr
317,Description: Standard deviation the duration in this monitoring period in a day where
317,stress level measurements were in the high range (76-100). (Source field label:
317,STD_high_stress_duration (Hr))
317,Unit: hours
317,std_high_stress_duration_percentage
317,Description: Standard deviation the percentage of the total monitoring period during
317,which stress level measurements were in the high-stress range (76-100) in a day. (Source
317,field label: STD_high_stress_duration_percentage (%))
317,Unit: %
317,std_light_sleep_duration_hr
317,Description: Standard deviation duration of light sleep during sleep period. (Source field
317,label: STD_light_sleep_duration (Hr))
317,Unit: hours
318,std_light_sleep_percentage
318,Description: Standard deviation the proportion of light sleep relative to the total sleep
318,time. (Source field label: STD_light_sleep_percentage (%))
318,Unit: %
318,std_low_stress_duration_hr
318,Description: Standard deviation the duration in this monitoring period in a day where
318,stress level measurements were in the low range (26-50). (Source field label:
318,STD_low_stress_duration (Hr))
318,Unit: hours
318,std_low_stress_duration_percentage
318,Description: Standard deviation the percentage of the total monitoring period during
318,which stress level measurements were in the low-stress range (26-50) in a day. (Source
318,field label: STD_low_stress_duration_percentage (%))
318,Unit: %
318,std_max_stress_level
318,Description: Standard deviation the highest stress level measurement taken during this
318,monitoring period in a day. (Source field label: STD_max_stress_level)
318,Unit: 1 to 100
318,std_medium_stress_duration_hr
318,Description: Standard deviation the duration in this monitoring period in a day where
318,stress level measurements were in the medium range (51-75). (Source field label:
318,STD_medium_stress_duration (Hr))
318,Unit: hours
319,std_medium_stress_duration_percentage
319,Description: Standard deviation the percentage of the total monitoring period during
319,which stress level measurements were in the medium-stress range (51-75) in a day.
319,(Source field label: STD_medium_stress_duration_percentage (%))
319,Unit: %
319,std_moderate_intensity_duration_minute
319,Description: Standard deviation cumulative duration of activities of moderate intensity.
319,Moderate intensity is defined as activity with met value range 3-6. (Source field label:
319,STD_moderate_intensity_duration (Minute))
319,Unit: minute
319,std_rem_sleep_duration_hr
319,Description: Standard deviation duration of rem sleep during sleep period. (Source field
319,label: STD_rem_sleep_duration (Hr))
319,Unit: hours
319,std_rem_sleep_percentage
319,Description: Standard deviation the proportion of rem sleep relative to the total sleep
319,time. (Source field label: STD_rem_sleep_percentage (%))
319,Unit: %
319,std_rest_stress_duration_hr
319,Description: Standard deviation the duration in this monitoring period in a day where
319,stress level measurements were in the restful range (1-25). (Source field label:
319,STD_rest_stress_duration (Hr))
319,Unit: hours
320,std_rest_stress_duration_percentage
320,Description: Standard deviation the percentage of the total monitoring period during
320,which stress level measurements were in the restful range (1-25) in a day. (Source field
320,label: STD_rest_stress_duration_percentage (%))
320,Unit: %
320,std_resting_heart_rate_bpm
320,Description: Average heart rate at rest during the monitoring period in a day. Resting
320,Heart Rate is the minimum of a 30 min rolling average of HR. It typically occurs during the
320,"night if a user sleeps with the device, but if the user does not, it typically occurs when the"
320,user is sedentary. (Source field label: STD_resting_heart_rate (bpm))
320,Unit: bpm
320,std_sleep_above_6h_percentage
320,Description: Standard deviation the percentage of valid days (where sleep data is
320,available) in which total sleep time exceeded 6 hours. It is calculated as (number of days
320,with sleep > 6 hours) / (total valid sleep days) x 100. a higher value indicates a greater
320,proportion of nights with sufficient sleep. (Source field label:
320,STD_sleep_above_6h_percentage (%))
320,Unit: %
320,std_sleep_efficiency_percentage
320,Description: Standard deviation the percentage of time spent asleep relative to the total
320,time spent in bed. It is calculated as (total_sleep_time (hr) / total_time_in_bed (hr)) x 100.
320,a higher value indicates better sleep quality. (Source field label:
320,STD_sleep_efficiency_percentage (%))
320,Unit: %
321,std_stress_duration_hr
321,Description: Standard deviation the duration in this monitoring period in a day where
321,stress level measurements were in the stressful range (26-100). (Source field label:
321,STD_stress_duration (Hr))
321,Unit: hours
321,std_total_sleep_time_hr
321,"Description: Standard deviation the total amount of time actually spent sleeping,"
321,excluding awake time. (Source field label: STD_total_sleep_time (Hr))
321,Unit: hours
321,std_total_time_in_bed_hr
321,"Description: Standard deviation the total time spent in bed, including both sleep and"
321,awake periods. (Source field label: STD_total_time_in_bed (Hr))
321,Unit: hours
321,std_vigorous_intensity_duration_minute
321,Description: Standard deviation cumulative duration of activities of vigorous intensity.
321,Vigorous intensity is defined as activity with met value>6. (Source field label:
321,STD_vigorous_intensity_duration (Minute))
321,Unit: minute
321,MRI_Anatomic_Measures
321,↑
321,Fields: 72
321,hml_id
321,Description: HML ID
322,freesurfer_aseg_cc_anterior_volume_mm3
322,Description: Corpus callosum (anterior) volume
322,Unit: mm^3
322,freesurfer_aseg_cc_central_volume_mm3
322,Description: Corpus callosum (central) volume
322,Unit: mm^3
322,freesurfer_aseg_cc_mid_anterior_volume_mm3
322,Description: Corpus callosum (mid-anterior) volume
322,Unit: mm^3
322,freesurfer_aseg_cc_mid_posterior_volume_mm3
322,Description: Corpus callosum (mid-posterior) volume
322,Unit: mm^3
322,freesurfer_aseg_cc_posterior_volume_mm3
322,Description: Corpus callosum (posterior) volume
322,Unit: mm^3
322,freesurfer_aseg_cerebralwhitemattervol
322,Description: Cerebral white matter volume
322,Unit: mm^3
322,freesurfer_aseg_cortexvol
322,Description: Cortical gray matter volume
322,Unit: mm^3
323,freesurfer_aseg_csf_volume_mm3
323,Description: CSF volume
323,Unit: mm^3
323,freesurfer_aseg_etiv
323,Description: Estimated intracranial volume
323,Unit: mm^3
323,freesurfer_aseg_left_accumbens_area_volume_mm3
323,Description: Left nucleus accumbens volume
323,Unit: mm^3
323,freesurfer_aseg_left_caudate_volume_mm3
323,Description: Left caudate volume
323,Unit: mm^3
323,freesurfer_aseg_left_cerebellum_cortex_volume_mm3
323,Description: Left cerebellum cortical gray matter volume
323,Unit: mm^3
323,freesurfer_aseg_left_cerebellum_white_matter_volume_mm3
323,Description: Left cerebellum white matter volume
323,Unit: mm^3
323,freesurfer_aseg_left_putamen_volume_mm3
323,Description: Left putamen volume
323,Unit: mm^3
324,freesurfer_aseg_lhcerebralwhitemattervol
324,Description: Left cerebral white matter volume
324,Unit: mm^3
324,freesurfer_aseg_lhcortexvol
324,Description: Left cortical gray matter volume
324,Unit: mm^3
324,freesurfer_aseg_rhcerebralwhitemattervol
324,Description: Right cerebral white matter volume
324,Unit: mm^3
324,freesurfer_aseg_rhcortexvol
324,Description: Right cortical gray matter volume
324,Unit: mm^3
324,freesurfer_aseg_right_accumbens_area_volume_mm3
324,Description: Right nucleus accumbens volume
324,Unit: mm^3
324,freesurfer_aseg_right_caudate_volume_mm3
324,Description: Right caudate volume
324,Unit: mm^3
324,freesurfer_aseg_right_cerebellum_cortex_volume_mm3
324,Description: Right cerebellum cortical gray matter volume
324,Unit: mm^3
325,freesurfer_aseg_right_cerebellum_white_matter_volume_mm3
325,Description: Right cerebellum white matter volume
325,Unit: mm^3
325,freesurfer_aseg_right_putamen_volume_mm3
325,Description: Right putamen volume
325,Unit: mm^3
325,freesurfer_leftamyg_whole_amygdala_volume
325,Description: Left amydala volume
325,Unit: mm^3
325,freesurfer_leftdk_insula_grayvol
325,Description: Left insula volume
325,Unit: mm^3
325,freesurfer_leftdk_insula_surfarea
325,Description: Left insula surface area
325,Unit: mm^2
325,freesurfer_leftdk_insula_thickavg
325,Description: Left insula cortical thickness
325,Unit: mm
325,freesurfer_leftdk_meanthickness
325,Description: Left cortex cortical thickness
325,Unit: mm
326,freesurfer_leftdk_whitesurfarea
326,Description: Left cortex surface area
326,Unit: mm^2
326,freesurfer_lefthippo_whole_hippocampus_volume
326,Description: Left hippocampal volume
326,Unit: mm^3
326,freesurfer_leftlobes_cingulate_grayvol
326,Description: Left cingulate gray matter volume
326,Unit: mm^3
326,freesurfer_leftlobes_cingulate_surfarea
326,Description: Left cingulate surface area
326,Unit: mm^2
326,freesurfer_leftlobes_cingulate_thickavg
326,Description: Left cingulate cortical thickness
326,Unit: mm
326,freesurfer_leftlobes_frontal_grayvol
326,Description: Left frontal gray matter volume
326,Unit: mm^3
326,freesurfer_leftlobes_frontal_surfarea
326,Description: Left frontal surface area
326,Unit: mm^2
327,freesurfer_leftlobes_frontal_thickavg
327,Description: Left frontal cortical thickness
327,Unit: mm
327,freesurfer_leftlobes_occipital_grayvol
327,Description: Left occipital gray matter volume
327,Unit: mm^3
327,freesurfer_leftlobes_occipital_surfarea
327,Description: Left occipital surface area
327,Unit: mm^2
327,freesurfer_leftlobes_occipital_thickavg
327,Description: Left occipital cortical thickness
327,Unit: mm
327,freesurfer_leftlobes_parietal_grayvol
327,Description: Left parietal gray matter volume
327,Unit: mm^3
327,freesurfer_leftlobes_parietal_surfarea
327,Description: Left parietal surface area
327,Unit: mm^2
327,freesurfer_leftlobes_parietal_thickavg
327,Description: Left parietal cortical thickness
327,Unit: mm
328,freesurfer_leftlobes_temporal_grayvol
328,Description: Left temporal gray matter volume
328,Unit: mm^3
328,freesurfer_leftlobes_temporal_surfarea
328,Description: Left temporal surface area
328,Unit: mm^2
328,freesurfer_leftlobes_temporal_thickavg
328,Description: Left temporal cortical thickness
328,Unit: mm
328,freesurfer_rightamyg_whole_amygdala_volume
328,Description: Right amygdala volume
328,Unit: mm^3
328,freesurfer_rightdk_insula_grayvol
328,Description: Right insula volume
328,Unit: mm^3
328,freesurfer_rightdk_insula_surfarea
328,Description: Right insula surface area
328,Unit: mm^2
328,freesurfer_rightdk_insula_thickavg
328,Description: Right insula cortical thickness
328,Unit: mm
329,freesurfer_rightdk_meanthickness
329,Description: Right cortex cortical thickness
329,Unit: mm
329,freesurfer_rightdk_whitesurfarea
329,Description: Right cortex surface area
329,Unit: mm^2
329,freesurfer_righthippo_whole_hippocampus_volume
329,Description: Right hippocampal volume
329,Unit: mm^3
329,freesurfer_rightlobes_cingulate_grayvol
329,Description: Right cingulate gray matter volume
329,Unit: mm^3
329,freesurfer_rightlobes_cingulate_surfarea
329,Description: Right cingulate surface area
329,Unit: mm^2
329,freesurfer_rightlobes_cingulate_thickavg
329,Description: Right cingulate cortical thickness
329,Unit: mm
329,freesurfer_rightlobes_frontal_grayvol
329,Description: Right frontal gray matter volume
329,Unit: mm^3
330,freesurfer_rightlobes_frontal_surfarea
330,Description: Right frontal surface area
330,Unit: mm^2
330,freesurfer_rightlobes_frontal_thickavg
330,Description: Right frontal cortical thickness
330,Unit: mm
330,freesurfer_rightlobes_occipital_grayvol
330,Description: Right occipital gray matter volume
330,Unit: mm^3
330,freesurfer_rightlobes_occipital_surfarea
330,Description: Right occipital surface area
330,Unit: mm^2
330,freesurfer_rightlobes_occipital_thickavg
330,Description: Right occipital cortical thickness
330,Unit: mm
330,freesurfer_rightlobes_parietal_grayvol
330,Description: Right parietal gray matter volume
330,Unit: mm^3
330,freesurfer_rightlobes_parietal_surfarea
330,Description: Right parietal surface area
330,Unit: mm^2
331,freesurfer_rightlobes_parietal_thickavg
331,Description: Right parietal cortical thickness
331,Unit: mm
331,freesurfer_rightlobes_temporal_grayvol
331,Description: Right temporal gray matter volume
331,Unit: mm^3
331,freesurfer_rightlobes_temporal_surfarea
331,Description: Right temporal surface area
331,Unit: mm^2
331,freesurfer_rightlobes_temporal_thickavg
331,Description: Right temporal cortical thickness
331,Unit: mm
331,freesurfer_thalamus_left_whole_thalamus_volume
331,Description: Left thalamus volume
331,Unit: mm^3
331,freesurfer_thalamus_right_whole_thalamus_volume
331,Description: Right thalamus volume
331,Unit: mm^3
331,session_id
331,Description: BIDS Session ID
332,site
332,Description: PAN Site
332,MRI_Diffusion_Imaging
332,↑
332,Fields: 311
332,hml_id
332,Description: HML ID
332,noddi_gm_gmcort_fit_fwf_cerebral_cortex
332,Description: NODDI GM Free Water Fraction (FWF) in Cortical GM
332,noddi_gm_gmcort_fit_ndi_cerebral_cortex
332,Description: NODDI GM Neurite Density Index (NDI) in Cortical GM
332,noddi_gm_gmcort_fit_odi_cerebral_cortex
332,Description: NODDI GM Orientation Dispersion Index (ODI) in Cortical GM
332,noddi_gm_gmhemi_fit_fwf_left_cerebral_cortex
332,Description: NODDI GM FWF Left Cortical GM
332,noddi_gm_gmhemi_fit_fwf_right_cerebral_cortex
332,Description: NODDI GM FWF Right Cortical GM
332,noddi_gm_gmhemi_fit_ndi_left_cerebral_cortex
332,Description: NODDI GM NDI Left Cortical GM
333,noddi_gm_gmhemi_fit_ndi_right_cerebral_cortex
333,Description: NODDI GM NDI Right Cortical GM
333,noddi_gm_gmhemi_fit_odi_left_cerebral_cortex
333,Description: NODDI GM ODI Left Cortical GM
333,noddi_gm_gmhemi_fit_odi_right_cerebral_cortex
333,Description: NODDI GM ODI Right Cortical GM
333,noddi_wm_tractseg_native_desc_icvf_af_left
333,Description: NODDI NDI Arcuate fasciculus (AF) Left
333,noddi_wm_tractseg_native_desc_icvf_af_right
333,Description: NODDI NDI Arcuate fasciculus (AF) Right
333,noddi_wm_tractseg_native_desc_icvf_atr_left
333,Description: NODDI NDI Anterior Thalamic Radiation (ATR) Left
333,noddi_wm_tractseg_native_desc_icvf_atr_right
333,Description: NODDI NDI Anterior Thalamic Radiation (ATR) Right
333,noddi_wm_tractseg_native_desc_icvf_cc_ant_midbody
333,Description: NODDI NDI Corpus Callosum (CC) Ant. Midbody
333,noddi_wm_tractseg_native_desc_icvf_cc_genu
333,Description: NODDI NDI Corpus Callosum (CC) Genu
334,noddi_wm_tractseg_native_desc_icvf_cc_isthmus
334,Description: NODDI NDI Corpus Callosum (CC) Isthmus
334,noddi_wm_tractseg_native_desc_icvf_cc_post_midbody
334,Description: NODDI NDI Corpus Callosum (CC) Post. Midbody
334,noddi_wm_tractseg_native_desc_icvf_cc_rostral_body
334,Description: NODDI NDI Corpus Callosum (CC) Rostral body
334,noddi_wm_tractseg_native_desc_icvf_cc_rostrum
334,Description: NODDI NDI Corpus Callosum (CC) Rostrum
334,noddi_wm_tractseg_native_desc_icvf_cc_splenium
334,Description: NODDI NDI Corpus Callosum (CC) Splenium
334,noddi_wm_tractseg_native_desc_icvf_cg_left
334,Description: NODDI NDI Cingulum (CG) Left
334,noddi_wm_tractseg_native_desc_icvf_cg_right
334,Description: NODDI NDI Cingulum (CG) Right
334,noddi_wm_tractseg_native_desc_icvf_cst_left
334,Description: NODDI NDI Corticospinal Tract (CST) Left
334,noddi_wm_tractseg_native_desc_icvf_cst_right
334,Description: NODDI NDI Corticospinal Tract (CST) Right
335,noddi_wm_tractseg_native_desc_icvf_fx_left
335,Description: NODDI NDI Fornix (FX) Left
335,noddi_wm_tractseg_native_desc_icvf_fx_right
335,Description: NODDI NDI Fornix (FX) Right
335,noddi_wm_tractseg_native_desc_icvf_icp_left
335,Description: NODDI NDI Inferior cerebellar peduncle (ICP) Left
335,noddi_wm_tractseg_native_desc_icvf_icp_right
335,Description: NODDI NDI Inferior cerebellar peduncle (ICP) Right
335,noddi_wm_tractseg_native_desc_icvf_ilf_left
335,Description: NODDI NDI Inferior longitudinal fasciculus (ILF) Left
335,noddi_wm_tractseg_native_desc_icvf_ilf_right
335,Description: NODDI NDI Inferior longitudinal fasciculus (ILF) Right
335,noddi_wm_tractseg_native_desc_icvf_mcp
335,Description: NODDI NDI Middle cerebellar peduncle (MCP)
335,noddi_wm_tractseg_native_desc_icvf_mlf_left
335,Description: NODDI NDI Middle longitudinal fasciculus (MLF) Left
335,noddi_wm_tractseg_native_desc_icvf_mlf_right
335,Description: NODDI NDI Middle longitudinal fasciculus (MLF) Right
336,noddi_wm_tractseg_native_desc_icvf_or_left
336,Description: NODDI NDI Optic Radiation (OR) Left
336,noddi_wm_tractseg_native_desc_icvf_or_right
336,Description: NODDI NDI Optic Radiation (OR) Right
336,noddi_wm_tractseg_native_desc_icvf_scp_left
336,Description: NODDI NDI Superior cerebellar peduncle (SCP) Left
336,noddi_wm_tractseg_native_desc_icvf_scp_right
336,Description: NODDI NDI Superior cerebellar peduncle (SCP) Right
336,noddi_wm_tractseg_native_desc_icvf_slf_i_left
336,Description: NODDI NDI Superior longitudinal fasciculus I (SLF_I) Left
336,noddi_wm_tractseg_native_desc_icvf_slf_i_right
336,Description: NODDI NDI Superior longitudinal fasciculus I (SLF_I) Right
336,noddi_wm_tractseg_native_desc_icvf_slf_ii_left
336,Description: NODDI NDI Superior longitudinal fasciculus II (SLF_II) Left
336,noddi_wm_tractseg_native_desc_icvf_slf_ii_right
336,Description: NODDI NDI Superior longitudinal fasciculus II (SLF_II) Right
336,noddi_wm_tractseg_native_desc_icvf_slf_iii_left
336,Description: NODDI NDI Superior longitudinal fasciculus III (SLF_III) Left
337,noddi_wm_tractseg_native_desc_icvf_slf_iii_right
337,Description: NODDI NDI Superior longitudinal fasciculus III (SLF_III) Right
337,noddi_wm_tractseg_native_desc_icvf_str_left
337,Description: NODDI NDI Superior Thalamic Radiation (STR) Left
337,noddi_wm_tractseg_native_desc_icvf_str_right
337,Description: NODDI NDI Superior Thalamic Radiation (STR) Right
337,noddi_wm_tractseg_native_desc_icvf_uf_left
337,Description: NODDI NDI Uncinate fasciculus (UF) Left
337,noddi_wm_tractseg_native_desc_icvf_uf_right
337,Description: NODDI NDI Uncinate fasciculus (UF) Right
337,noddi_wm_tractseg_native_desc_isovf_af_left
337,Description: NODDI FWF Arcuate fasciculus (AF) Left
337,noddi_wm_tractseg_native_desc_isovf_af_right
337,Description: NODDI FWF Arcuate fasciculus (AF) Right
337,noddi_wm_tractseg_native_desc_isovf_atr_left
337,Description: NODDI FWF Anterior Thalamic Radiation (ATR) Left
337,noddi_wm_tractseg_native_desc_isovf_atr_right
337,Description: NODDI FWF Anterior Thalamic Radiation (ATR) Right
338,noddi_wm_tractseg_native_desc_isovf_cc_ant_midbody
338,Description: NODDI FWF Corpus Callosum (CC) Ant. Midbody
338,noddi_wm_tractseg_native_desc_isovf_cc_genu
338,Description: NODDI FWF Corpus Callosum (CC) Genu
338,noddi_wm_tractseg_native_desc_isovf_cc_isthmus
338,Description: NODDI FWF Corpus Callosum (CC) Isthmus
338,noddi_wm_tractseg_native_desc_isovf_cc_post_midbody
338,Description: NODDI FWF Corpus Callosum (CC) Post. Midbody
338,noddi_wm_tractseg_native_desc_isovf_cc_rostral_body
338,Description: NODDI FWF Corpus Callosum (CC) Rostral body
338,noddi_wm_tractseg_native_desc_isovf_cc_rostrum
338,Description: NODDI FWF Corpus Callosum (CC) Rostrum
338,noddi_wm_tractseg_native_desc_isovf_cc_splenium
338,Description: NODDI FWF Corpus Callosum (CC) Splenium
338,noddi_wm_tractseg_native_desc_isovf_cg_left
338,Description: NODDI FWF Cingulum (CG) Left
338,noddi_wm_tractseg_native_desc_isovf_cg_right
338,Description: NODDI FWF Cingulum (CG) Right
339,noddi_wm_tractseg_native_desc_isovf_cst_left
339,Description: NODDI FWF Corticospinal Tract (CST) Left
339,noddi_wm_tractseg_native_desc_isovf_cst_right
339,Description: NODDI FWF Corticospinal Tract (CST) Right
339,noddi_wm_tractseg_native_desc_isovf_fx_left
339,Description: NODDI FWF Fornix (FX) Left
339,noddi_wm_tractseg_native_desc_isovf_fx_right
339,Description: NODDI FWF Fornix (FX) Right
339,noddi_wm_tractseg_native_desc_isovf_icp_left
339,Description: NODDI FWF Inferior cerebellar peduncle (ICP) Left
339,noddi_wm_tractseg_native_desc_isovf_icp_right
339,Description: NODDI FWF Inferior cerebellar peduncle (ICP) Right
339,noddi_wm_tractseg_native_desc_isovf_ilf_left
339,Description: NODDI FWF Inferior longitudinal fasciculus (ILF) Left
339,noddi_wm_tractseg_native_desc_isovf_ilf_right
339,Description: NODDI FWF Inferior longitudinal fasciculus (ILF) Right
339,noddi_wm_tractseg_native_desc_isovf_mcp
339,Description: NODDI FWF Middle cerebellar peduncle (MCP)
340,noddi_wm_tractseg_native_desc_isovf_mlf_left
340,Description: NODDI FWF Middle longitudinal fasciculus (MLF) Left
340,noddi_wm_tractseg_native_desc_isovf_mlf_right
340,Description: NODDI FWF Middle longitudinal fasciculus (MLF) Right
340,noddi_wm_tractseg_native_desc_isovf_or_left
340,Description: NODDI FWF Optic Radiation (OR) Left
340,noddi_wm_tractseg_native_desc_isovf_or_right
340,Description: NODDI FWF Optic Radiation (OR) Right
340,noddi_wm_tractseg_native_desc_isovf_scp_left
340,Description: NODDI FWF Superior cerebellar peduncle (SCP) Left
340,noddi_wm_tractseg_native_desc_isovf_scp_right
340,Description: NODDI FWF Superior cerebellar peduncle (SCP) Right
340,noddi_wm_tractseg_native_desc_isovf_slf_i_left
340,Description: NODDI FWF Superior longitudinal fasciculus I (SLF_I) Left
340,noddi_wm_tractseg_native_desc_isovf_slf_i_right
340,Description: NODDI FWF Superior longitudinal fasciculus I (SLF_I) Right
340,noddi_wm_tractseg_native_desc_isovf_slf_ii_left
340,Description: NODDI FWF Superior longitudinal fasciculus II (SLF_II) Left
341,noddi_wm_tractseg_native_desc_isovf_slf_ii_right
341,Description: NODDI FWF Superior longitudinal fasciculus II (SLF_II) Right
341,noddi_wm_tractseg_native_desc_isovf_slf_iii_left
341,Description: NODDI FWF Superior longitudinal fasciculus III (SLF_III) Left
341,noddi_wm_tractseg_native_desc_isovf_slf_iii_right
341,Description: NODDI FWF Superior longitudinal fasciculus III (SLF_III) Right
341,noddi_wm_tractseg_native_desc_isovf_str_left
341,Description: NODDI FWF Superior Thalamic Radiation (STR) Left
341,noddi_wm_tractseg_native_desc_isovf_str_right
341,Description: NODDI FWF Superior Thalamic Radiation (STR) Right
341,noddi_wm_tractseg_native_desc_isovf_uf_left
341,Description: NODDI FWF Uncinate fasciculus (UF) Left
341,noddi_wm_tractseg_native_desc_isovf_uf_right
341,Description: NODDI FWF Uncinate fasciculus (UF) Right
341,noddi_wm_tractseg_native_desc_od_af_left
341,Description: NODDI ODI Arcuate fasciculus (AF) Left
341,noddi_wm_tractseg_native_desc_od_af_right
341,Description: NODDI ODI Arcuate fasciculus (AF) Right
342,noddi_wm_tractseg_native_desc_od_atr_left
342,Description: NODDI ODI Anterior Thalamic Radiation (ATR) Left
342,noddi_wm_tractseg_native_desc_od_atr_right
342,Description: NODDI ODI Anterior Thalamic Radiation (ATR) Right
342,noddi_wm_tractseg_native_desc_od_cc_ant_midbody
342,Description: NODDI ODI Corpus Callosum (CC) Ant. Midbody
342,noddi_wm_tractseg_native_desc_od_cc_genu
342,Description: NODDI ODI Corpus Callosum (CC) Genu
342,noddi_wm_tractseg_native_desc_od_cc_isthmus
342,Description: NODDI ODI Corpus Callosum (CC) Isthmus
342,noddi_wm_tractseg_native_desc_od_cc_post_midbody
342,Description: NODDI ODI Corpus Callosum (CC) Post. Midbody
342,noddi_wm_tractseg_native_desc_od_cc_rostral_body
342,Description: NODDI ODI Corpus Callosum (CC) Rostral body
342,noddi_wm_tractseg_native_desc_od_cc_rostrum
342,Description: NODDI ODI Corpus Callosum (CC) Rostrum
342,noddi_wm_tractseg_native_desc_od_cc_splenium
342,Description: NODDI ODI Corpus Callosum (CC) Splenium
343,noddi_wm_tractseg_native_desc_od_cg_left
343,Description: NODDI ODI Cingulum (CG) Left
343,noddi_wm_tractseg_native_desc_od_cg_right
343,Description: NODDI ODI Cingulum (CG) Right
343,noddi_wm_tractseg_native_desc_od_cst_left
343,Description: NODDI ODI Corticospinal Tract (CST) Left
343,noddi_wm_tractseg_native_desc_od_cst_right
343,Description: NODDI ODI Corticospinal Tract (CST) Right
343,noddi_wm_tractseg_native_desc_od_fx_left
343,Description: NODDI ODI Fornix (FX) Left
343,noddi_wm_tractseg_native_desc_od_fx_right
343,Description: NODDI ODI Fornix (FX) Right
343,noddi_wm_tractseg_native_desc_od_icp_left
343,Description: NODDI ODI Inferior cerebellar peduncle (ICP) Left
343,noddi_wm_tractseg_native_desc_od_icp_right
343,Description: NODDI ODI Inferior cerebellar peduncle (ICP) Right
343,noddi_wm_tractseg_native_desc_od_ilf_left
343,Description: NODDI ODI Inferior longitudinal fasciculus (ILF) Left
344,noddi_wm_tractseg_native_desc_od_ilf_right
344,Description: NODDI ODI Inferior longitudinal fasciculus (ILF) Right
344,noddi_wm_tractseg_native_desc_od_mcp
344,Description: NODDI ODI Middle cerebellar peduncle (MCP)
344,noddi_wm_tractseg_native_desc_od_mlf_left
344,Description: NODDI ODI Middle longitudinal fasciculus (MLF) Left
344,noddi_wm_tractseg_native_desc_od_mlf_right
344,Description: NODDI ODI Middle longitudinal fasciculus (MLF) Right
344,noddi_wm_tractseg_native_desc_od_or_left
344,Description: NODDI ODI Optic Radiation (OR) Left
344,noddi_wm_tractseg_native_desc_od_or_right
344,Description: NODDI ODI Optic Radiation (OR) Right
344,noddi_wm_tractseg_native_desc_od_scp_left
344,Description: NODDI ODI Superior cerebellar peduncle (SCP) Left
344,noddi_wm_tractseg_native_desc_od_scp_right
344,Description: NODDI ODI Superior cerebellar peduncle (SCP) Right
344,noddi_wm_tractseg_native_desc_od_slf_i_left
344,Description: NODDI ODI Superior longitudinal fasciculus I (SLF_I) Left
345,noddi_wm_tractseg_native_desc_od_slf_i_right
345,Description: NODDI ODI Superior longitudinal fasciculus I (SLF_I) Right
345,noddi_wm_tractseg_native_desc_od_slf_ii_left
345,Description: NODDI ODI Superior longitudinal fasciculus II (SLF_II) Left
345,noddi_wm_tractseg_native_desc_od_slf_ii_right
345,Description: NODDI ODI Superior longitudinal fasciculus II (SLF_II) Right
345,noddi_wm_tractseg_native_desc_od_slf_iii_left
345,Description: NODDI ODI Superior longitudinal fasciculus III (SLF_III) Left
345,noddi_wm_tractseg_native_desc_od_slf_iii_right
345,Description: NODDI ODI Superior longitudinal fasciculus III (SLF_III) Right
345,noddi_wm_tractseg_native_desc_od_str_left
345,Description: NODDI ODI Superior Thalamic Radiation (STR) Left
345,noddi_wm_tractseg_native_desc_od_str_right
345,Description: NODDI ODI Superior Thalamic Radiation (STR) Right
345,noddi_wm_tractseg_native_desc_od_uf_left
345,Description: NODDI ODI Uncinate fasciculus (UF) Left
345,noddi_wm_tractseg_native_desc_od_uf_right
345,Description: NODDI ODI Uncinate fasciculus (UF) Right
346,noddi_wm_wmhemi_desc_icvf_left_cerebral_white_matter
346,Description: NODDI NDI Left Cerebral WM
346,noddi_wm_wmhemi_desc_icvf_right_cerebral_white_matter
346,Description: NODDI NDI Right Cerebral WM
346,noddi_wm_wmhemi_desc_isovf_left_cerebral_white_matter
346,Description: NODDI FWF Left Cerebral WM
346,noddi_wm_wmhemi_desc_isovf_right_cerebral_white_matter
346,Description: NODDI FWF Right Cerebral WM
346,noddi_wm_wmhemi_desc_od_left_cerebral_white_matter
346,Description: NODDI ODI Left Cerebral WM
346,noddi_wm_wmhemi_desc_od_right_cerebral_white_matter
346,Description: NODDI ODI Right Cerebral WM
346,noddi_wm_wmintra_desc_icvf_cerebral_white_matter
346,Description: NODDI NDI in Cerebral WM
346,noddi_wm_wmintra_desc_isovf_cerebral_white_matter
346,Description: NODDI FWF in Cerebral WM
346,noddi_wm_wmintra_desc_od_cerebral_white_matter
346,Description: NODDI ODI in Cerebral WM
347,session_id
347,Description: BIDS Session ID
347,site
347,Description: PAN Site
347,tensor_gm_gmcort_desc_ad_cerebral_cortex
347,Description: Axial Diffusivity (AD) in Cortical GM
347,Unit: mm^2/s
347,tensor_gm_gmcort_desc_adc_cerebral_cortex
347,Description: Mean Apparent Diffusion Coefficient (ADC) in Cortical GM
347,Unit: mm^2/s
347,tensor_gm_gmcort_desc_fa_cerebral_cortex
347,Description: Fractional Anisotropy (FA) in Cortical GM
347,tensor_gm_gmcort_desc_rd_cerebral_cortex
347,Description: Radial Diffusivity (RD) in Cortical GM
347,Unit: mm^2/s
347,tensor_gm_gmhemi_desc_ad_left_cerebral_cortex
347,Description: AD in Left Cortical GM
347,Unit: mm^2/s
347,tensor_gm_gmhemi_desc_ad_right_cerebral_cortex
347,Description: AD in Right Cortical GM
347,Unit: mm^2/s
348,tensor_gm_gmhemi_desc_adc_left_cerebral_cortex
348,Description: ADC in Left Cortical GM
348,Unit: mm^2/s
348,tensor_gm_gmhemi_desc_adc_right_cerebral_cortex
348,Description: ADC in Right Cortical GM
348,Unit: mm^2/s
348,tensor_gm_gmhemi_desc_fa_left_cerebral_cortex
348,Description: FA in Left Cortical GM
348,tensor_gm_gmhemi_desc_fa_right_cerebral_cortex
348,Description: FA in Right Cortical GM
348,tensor_gm_gmhemi_desc_rd_left_cerebral_cortex
348,Description: RD in Left Cortical GM
348,Unit: mm^2/s
348,tensor_gm_gmhemi_desc_rd_right_cerebral_cortex
348,Description: RD in Right Cortical GM
348,Unit: mm^2/s
348,tensor_wm_tractseg_native_desc_ad_af_left
348,Description: AD Arcuate fasciculus (AF) Left
348,Unit: mm^2/s
349,tensor_wm_tractseg_native_desc_ad_af_right
349,Description: AD Arcuate fasciculus (AF) Right
349,Unit: mm^2/s
349,tensor_wm_tractseg_native_desc_ad_atr_left
349,Description: AD Anterior Thalamic Radiation (ATR) Left
349,Unit: mm^2/s
349,tensor_wm_tractseg_native_desc_ad_atr_right
349,Description: AD Anterior Thalamic Radiation (ATR) Right
349,Unit: mm^2/s
349,tensor_wm_tractseg_native_desc_ad_cc_ant_midbody
349,Description: AD Corpus Callosum (CC) Ant. Midbody
349,Unit: mm^2/s
349,tensor_wm_tractseg_native_desc_ad_cc_genu
349,Description: AD Corpus Callosum (CC) Genu
349,Unit: mm^2/s
349,tensor_wm_tractseg_native_desc_ad_cc_isthmus
349,Description: AD Corpus Callosum (CC) Isthmus
349,Unit: mm^2/s
349,tensor_wm_tractseg_native_desc_ad_cc_post_midbody
349,Description: AD Corpus Callosum (CC) Post. Midbody
349,Unit: mm^2/s
350,tensor_wm_tractseg_native_desc_ad_cc_rostral_body
350,Description: AD Corpus Callosum (CC) Rostral body
350,Unit: mm^2/s
350,tensor_wm_tractseg_native_desc_ad_cc_rostrum
350,Description: AD Corpus Callosum (CC) Rostrum
350,Unit: mm^2/s
350,tensor_wm_tractseg_native_desc_ad_cc_splenium
350,Description: AD Corpus Callosum (CC) Splenium
350,Unit: mm^2/s
350,tensor_wm_tractseg_native_desc_ad_cg_left
350,Description: AD Cingulum (CG) Left
350,Unit: mm^2/s
350,tensor_wm_tractseg_native_desc_ad_cg_right
350,Description: AD Cingulum (CG) Right
350,Unit: mm^2/s
350,tensor_wm_tractseg_native_desc_ad_cst_left
350,Description: AD Corticospinal Tract (CST) Left
350,Unit: mm^2/s
350,tensor_wm_tractseg_native_desc_ad_cst_right
350,Description: AD Corticospinal Tract (CST) Right
350,Unit: mm^2/s
351,tensor_wm_tractseg_native_desc_ad_fx_left
351,Description: AD Fornix (FX) Left
351,Unit: mm^2/s
351,tensor_wm_tractseg_native_desc_ad_fx_right
351,Description: AD Fornix (FX) Right
351,Unit: mm^2/s
351,tensor_wm_tractseg_native_desc_ad_icp_left
351,Description: AD Inferior cerebellar peduncle (ICP) Left
351,Unit: mm^2/s
351,tensor_wm_tractseg_native_desc_ad_icp_right
351,Description: AD Inferior cerebellar peduncle (ICP) Right
351,Unit: mm^2/s
351,tensor_wm_tractseg_native_desc_ad_ilf_left
351,Description: AD Inferior longitudinal fasciculus (ILF) Left
351,Unit: mm^2/s
351,tensor_wm_tractseg_native_desc_ad_ilf_right
351,Description: AD Inferior longitudinal fasciculus (ILF) Right
351,Unit: mm^2/s
351,tensor_wm_tractseg_native_desc_ad_mcp
351,Description: AD Middle cerebellar peduncle (MCP)
351,Unit: mm^2/s
352,tensor_wm_tractseg_native_desc_ad_mlf_left
352,Description: AD Middle longitudinal fasciculus (MLF) Left
352,Unit: mm^2/s
352,tensor_wm_tractseg_native_desc_ad_mlf_right
352,Description: AD Middle longitudinal fasciculus (MLF) Right
352,Unit: mm^2/s
352,tensor_wm_tractseg_native_desc_ad_or_left
352,Description: AD Optic Radiation (OR) Left
352,Unit: mm^2/s
352,tensor_wm_tractseg_native_desc_ad_or_right
352,Description: AD Optic Radiation (OR) Right
352,Unit: mm^2/s
352,tensor_wm_tractseg_native_desc_ad_scp_left
352,Description: AD Superior cerebellar peduncle (SCP) Left
352,Unit: mm^2/s
352,tensor_wm_tractseg_native_desc_ad_scp_right
352,Description: AD Superior cerebellar peduncle (SCP) Right
352,Unit: mm^2/s
352,tensor_wm_tractseg_native_desc_ad_slf_i_left
352,Description: AD Superior longitudinal fasciculus I (SLF_I) Left
352,Unit: mm^2/s
353,tensor_wm_tractseg_native_desc_ad_slf_i_right
353,Description: AD Superior longitudinal fasciculus I (SLF_I) Right
353,Unit: mm^2/s
353,tensor_wm_tractseg_native_desc_ad_slf_ii_left
353,Description: AD Superior longitudinal fasciculus II (SLF_II) Left
353,Unit: mm^2/s
353,tensor_wm_tractseg_native_desc_ad_slf_ii_right
353,Description: AD Superior longitudinal fasciculus II (SLF_II) Right
353,Unit: mm^2/s
353,tensor_wm_tractseg_native_desc_ad_slf_iii_left
353,Description: AD Superior longitudinal fasciculus III (SLF_III) Left
353,Unit: mm^2/s
353,tensor_wm_tractseg_native_desc_ad_slf_iii_right
353,Description: AD Superior longitudinal fasciculus III (SLF_III) Right
353,Unit: mm^2/s
353,tensor_wm_tractseg_native_desc_ad_str_left
353,Description: AD Superior Thalamic Radiation (STR) Left
353,Unit: mm^2/s
353,tensor_wm_tractseg_native_desc_ad_str_right
353,Description: AD Superior Thalamic Radiation (STR) Right
353,Unit: mm^2/s
354,tensor_wm_tractseg_native_desc_ad_uf_left
354,Description: AD Uncinate fasciculus (UF) Left
354,Unit: mm^2/s
354,tensor_wm_tractseg_native_desc_ad_uf_right
354,Description: AD Uncinate fasciculus (UF) Right
354,Unit: mm^2/s
354,tensor_wm_tractseg_native_desc_adc_af_left
354,Description: ADC Arcuate fasciculus (AF) Left
354,Unit: mm^2/s
354,tensor_wm_tractseg_native_desc_adc_af_right
354,Description: ADC Arcuate fasciculus (AF) Right
354,Unit: mm^2/s
354,tensor_wm_tractseg_native_desc_adc_atr_left
354,Description: ADC Anterior Thalamic Radiation (ATR) Left
354,Unit: mm^2/s
354,tensor_wm_tractseg_native_desc_adc_atr_right
354,Description: ADC Anterior Thalamic Radiation (ATR) Right
354,Unit: mm^2/s
354,tensor_wm_tractseg_native_desc_adc_cc_ant_midbody
354,Description: ADC Corpus Callosum (CC) Ant. Midbody
354,Unit: mm^2/s
355,tensor_wm_tractseg_native_desc_adc_cc_genu
355,Description: ADC Corpus Callosum (CC) Genu
355,Unit: mm^2/s
355,tensor_wm_tractseg_native_desc_adc_cc_isthmus
355,Description: ADC Corpus Callosum (CC) Isthmus
355,Unit: mm^2/s
355,tensor_wm_tractseg_native_desc_adc_cc_post_midbody
355,Description: ADC Corpus Callosum (CC) Post. Midbody
355,Unit: mm^2/s
355,tensor_wm_tractseg_native_desc_adc_cc_rostral_body
355,Description: ADC Corpus Callosum (CC) Rostral body
355,Unit: mm^2/s
355,tensor_wm_tractseg_native_desc_adc_cc_rostrum
355,Description: ADC Corpus Callosum (CC) Rostrum
355,Unit: mm^2/s
355,tensor_wm_tractseg_native_desc_adc_cc_splenium
355,Description: ADC Corpus Callosum (CC) Splenium
355,Unit: mm^2/s
355,tensor_wm_tractseg_native_desc_adc_cg_left
355,Description: ADC Cingulum (CG) Left
355,Unit: mm^2/s
356,tensor_wm_tractseg_native_desc_adc_cg_right
356,Description: ADC Cingulum (CG) Right
356,Unit: mm^2/s
356,tensor_wm_tractseg_native_desc_adc_cst_left
356,Description: ADC Corticospinal Tract (CST) Left
356,Unit: mm^2/s
356,tensor_wm_tractseg_native_desc_adc_cst_right
356,Description: ADC Corticospinal Tract (CST) Right
356,Unit: mm^2/s
356,tensor_wm_tractseg_native_desc_adc_fx_left
356,Description: ADC Fornix (FX) Left
356,Unit: mm^2/s
356,tensor_wm_tractseg_native_desc_adc_fx_right
356,Description: ADC Fornix (FX) Right
356,Unit: mm^2/s
356,tensor_wm_tractseg_native_desc_adc_icp_left
356,Description: ADC Inferior cerebellar peduncle (ICP) Left
356,Unit: mm^2/s
356,tensor_wm_tractseg_native_desc_adc_icp_right
356,Description: ADC Inferior cerebellar peduncle (ICP) Right
356,Unit: mm^2/s
357,tensor_wm_tractseg_native_desc_adc_ilf_left
357,Description: ADC Inferior longitudinal fasciculus (ILF) Left
357,Unit: mm^2/s
357,tensor_wm_tractseg_native_desc_adc_ilf_right
357,Description: ADC Inferior longitudinal fasciculus (ILF) Right
357,Unit: mm^2/s
357,tensor_wm_tractseg_native_desc_adc_mcp
357,Description: ADC Middle cerebellar peduncle (MCP)
357,Unit: mm^2/s
357,tensor_wm_tractseg_native_desc_adc_mlf_left
357,Description: ADC Middle longitudinal fasciculus (MLF) Left
357,Unit: mm^2/s
357,tensor_wm_tractseg_native_desc_adc_mlf_right
357,Description: ADC Middle longitudinal fasciculus (MLF) Right
357,Unit: mm^2/s
357,tensor_wm_tractseg_native_desc_adc_or_left
357,Description: ADC Optic Radiation (OR) Left
357,Unit: mm^2/s
357,tensor_wm_tractseg_native_desc_adc_or_right
357,Description: ADC Optic Radiation (OR) Right
357,Unit: mm^2/s
358,tensor_wm_tractseg_native_desc_adc_scp_left
358,Description: ADC Superior cerebellar peduncle (SCP) Left
358,Unit: mm^2/s
358,tensor_wm_tractseg_native_desc_adc_scp_right
358,Description: ADC Superior cerebellar peduncle (SCP) Right
358,Unit: mm^2/s
358,tensor_wm_tractseg_native_desc_adc_slf_i_left
358,Description: ADC Superior longitudinal fasciculus I (SLF_I) Left
358,Unit: mm^2/s
358,tensor_wm_tractseg_native_desc_adc_slf_i_right
358,Description: ADC Superior longitudinal fasciculus I (SLF_I) Right
358,Unit: mm^2/s
358,tensor_wm_tractseg_native_desc_adc_slf_ii_left
358,Description: ADC Superior longitudinal fasciculus II (SLF_II) Left
358,Unit: mm^2/s
358,tensor_wm_tractseg_native_desc_adc_slf_ii_right
358,Description: ADC Superior longitudinal fasciculus II (SLF_II) Right
358,Unit: mm^2/s
358,tensor_wm_tractseg_native_desc_adc_slf_iii_left
358,Description: ADC Superior longitudinal fasciculus III (SLF_III) Left
358,Unit: mm^2/s
359,tensor_wm_tractseg_native_desc_adc_slf_iii_right
359,Description: ADC Superior longitudinal fasciculus III (SLF_III) Right
359,Unit: mm^2/s
359,tensor_wm_tractseg_native_desc_adc_str_left
359,Description: ADC Superior Thalamic Radiation (STR) Left
359,Unit: mm^2/s
359,tensor_wm_tractseg_native_desc_adc_str_right
359,Description: ADC Superior Thalamic Radiation (STR) Right
359,Unit: mm^2/s
359,tensor_wm_tractseg_native_desc_adc_uf_left
359,Description: ADC Uncinate fasciculus (UF) Left
359,Unit: mm^2/s
359,tensor_wm_tractseg_native_desc_adc_uf_right
359,Description: ADC Uncinate fasciculus (UF) Right
359,Unit: mm^2/s
359,tensor_wm_tractseg_native_desc_fa_af_left
359,Description: FA Arcuate fasciculus (AF) Left
359,tensor_wm_tractseg_native_desc_fa_af_right
359,Description: FA Arcuate fasciculus (AF) Right
359,tensor_wm_tractseg_native_desc_fa_atr_left
359,Description: FA Anterior Thalamic Radiation (ATR) Left
360,tensor_wm_tractseg_native_desc_fa_atr_right
360,Description: FA Anterior Thalamic Radiation (ATR) Right
360,tensor_wm_tractseg_native_desc_fa_cc_ant_midbody
360,Description: FA Corpus Callosum (CC) Ant. Midbody
360,tensor_wm_tractseg_native_desc_fa_cc_genu
360,Description: FA Corpus Callosum (CC) Genu
360,tensor_wm_tractseg_native_desc_fa_cc_isthmus
360,Description: FA Corpus Callosum (CC) Isthmus
360,tensor_wm_tractseg_native_desc_fa_cc_post_midbody
360,Description: FA Corpus Callosum (CC) Post. Midbody
360,tensor_wm_tractseg_native_desc_fa_cc_rostral_body
360,Description: FA Corpus Callosum (CC) Rostral body
360,tensor_wm_tractseg_native_desc_fa_cc_rostrum
360,Description: FA Corpus Callosum (CC) Rostrum
360,tensor_wm_tractseg_native_desc_fa_cc_splenium
360,Description: FA Corpus Callosum (CC) Splenium
360,tensor_wm_tractseg_native_desc_fa_cg_left
360,Description: FA Cingulum (CG) Left
361,tensor_wm_tractseg_native_desc_fa_cg_right
361,Description: FA Cingulum (CG) Right
361,tensor_wm_tractseg_native_desc_fa_cst_left
361,Description: FA Corticospinal Tract (CST) Left
361,tensor_wm_tractseg_native_desc_fa_cst_right
361,Description: FA Corticospinal Tract (CST) Right
361,tensor_wm_tractseg_native_desc_fa_fx_left
361,Description: FA Fornix (FX) Left
361,tensor_wm_tractseg_native_desc_fa_fx_right
361,Description: FA Fornix (FX) Right
361,tensor_wm_tractseg_native_desc_fa_icp_left
361,Description: FA Inferior cerebellar peduncle (ICP) Left
361,tensor_wm_tractseg_native_desc_fa_icp_right
361,Description: FA Inferior cerebellar peduncle (ICP) Right
361,tensor_wm_tractseg_native_desc_fa_ilf_left
361,Description: FA Inferior longitudinal fasciculus (ILF) Left
361,tensor_wm_tractseg_native_desc_fa_ilf_right
361,Description: FA Inferior longitudinal fasciculus (ILF) Right
362,tensor_wm_tractseg_native_desc_fa_mcp
362,Description: FA Middle cerebellar peduncle (MCP)
362,tensor_wm_tractseg_native_desc_fa_mlf_left
362,Description: FA Middle longitudinal fasciculus (MLF) Left
362,tensor_wm_tractseg_native_desc_fa_mlf_right
362,Description: FA Middle longitudinal fasciculus (MLF) Right
362,tensor_wm_tractseg_native_desc_fa_or_left
362,Description: FA Optic Radiation (OR) Left
362,tensor_wm_tractseg_native_desc_fa_or_right
362,Description: FA Optic Radiation (OR) Right
362,tensor_wm_tractseg_native_desc_fa_scp_left
362,Description: FA Superior cerebellar peduncle (SCP) Left
362,tensor_wm_tractseg_native_desc_fa_scp_right
362,Description: FA Superior cerebellar peduncle (SCP) Right
362,tensor_wm_tractseg_native_desc_fa_slf_i_left
362,Description: FA Superior longitudinal fasciculus I (SLF_I) Left
362,tensor_wm_tractseg_native_desc_fa_slf_i_right
362,Description: FA Superior longitudinal fasciculus I (SLF_I) Right
363,tensor_wm_tractseg_native_desc_fa_slf_ii_left
363,Description: FA Superior longitudinal fasciculus II (SLF_II) Left
363,tensor_wm_tractseg_native_desc_fa_slf_ii_right
363,Description: FA Superior longitudinal fasciculus II (SLF_II) Right
363,tensor_wm_tractseg_native_desc_fa_slf_iii_left
363,Description: FA Superior longitudinal fasciculus III (SLF_III) Left
363,tensor_wm_tractseg_native_desc_fa_slf_iii_right
363,Description: FA Superior longitudinal fasciculus III (SLF_III) Right
363,tensor_wm_tractseg_native_desc_fa_str_left
363,Description: FA Superior Thalamic Radiation (STR) Left
363,tensor_wm_tractseg_native_desc_fa_str_right
363,Description: FA Superior Thalamic Radiation (STR) Right
363,tensor_wm_tractseg_native_desc_fa_uf_left
363,Description: FA Uncinate fasciculus (UF) Left
363,tensor_wm_tractseg_native_desc_fa_uf_right
363,Description: FA Uncinate fasciculus (UF) Right
363,tensor_wm_tractseg_native_desc_rd_af_left
363,Description: RD Arcuate fasciculus (AF) Left
364,tensor_wm_tractseg_native_desc_rd_af_right
364,Description: RD Arcuate fasciculus (AF) Right
364,tensor_wm_tractseg_native_desc_rd_atr_left
364,Description: RD Anterior Thalamic Radiation (ATR) Left
364,tensor_wm_tractseg_native_desc_rd_atr_right
364,Description: RD Anterior Thalamic Radiation (ATR) Right
364,Unit: mm^2/s
364,tensor_wm_tractseg_native_desc_rd_cc_ant_midbody
364,Description: RD Corpus Callosum (CC) Ant. Midbody
364,Unit: mm^2/s
364,tensor_wm_tractseg_native_desc_rd_cc_genu
364,Description: RD Corpus Callosum (CC) Genu
364,Unit: mm^2/s
364,tensor_wm_tractseg_native_desc_rd_cc_isthmus
364,Description: RD Corpus Callosum (CC) Isthmus
364,Unit: mm^2/s
364,tensor_wm_tractseg_native_desc_rd_cc_post_midbody
364,Description: RD Corpus Callosum (CC) Post. Midbody
364,Unit: mm^2/s
365,tensor_wm_tractseg_native_desc_rd_cc_rostral_body
365,Description: RD Corpus Callosum (CC) Rostral body
365,Unit: mm^2/s
365,tensor_wm_tractseg_native_desc_rd_cc_rostrum
365,Description: RD Corpus Callosum (CC) Rostrum
365,Unit: mm^2/s
365,tensor_wm_tractseg_native_desc_rd_cc_splenium
365,Description: RD Corpus Callosum (CC) Splenium
365,Unit: mm^2/s
365,tensor_wm_tractseg_native_desc_rd_cg_left
365,Description: RD Cingulum (CG) Left
365,Unit: mm^2/s
365,tensor_wm_tractseg_native_desc_rd_cg_right
365,Description: RD Cingulum (CG) Right
365,Unit: mm^2/s
365,tensor_wm_tractseg_native_desc_rd_cst_left
365,Description: RD Corticospinal Tract (CST) Left
365,Unit: mm^2/s
365,tensor_wm_tractseg_native_desc_rd_cst_right
365,Description: RD Corticospinal Tract (CST) Right
365,Unit: mm^2/s
366,tensor_wm_tractseg_native_desc_rd_fx_left
366,Description: RD Fornix (FX) Left
366,Unit: mm^2/s
366,tensor_wm_tractseg_native_desc_rd_fx_right
366,Description: RD Fornix (FX) Right
366,Unit: mm^2/s
366,tensor_wm_tractseg_native_desc_rd_icp_left
366,Description: RD Inferior cerebellar peduncle (ICP) Left
366,Unit: mm^2/s
366,tensor_wm_tractseg_native_desc_rd_icp_right
366,Description: RD Inferior cerebellar peduncle (ICP) Right
366,Unit: mm^2/s
366,tensor_wm_tractseg_native_desc_rd_ilf_left
366,Description: RD Inferior longitudinal fasciculus (ILF) Left
366,Unit: mm^2/s
366,tensor_wm_tractseg_native_desc_rd_ilf_right
366,Description: RD Inferior longitudinal fasciculus (ILF) Right
366,Unit: mm^2/s
366,tensor_wm_tractseg_native_desc_rd_mcp
366,Description: RD Middle cerebellar peduncle (MCP)
366,Unit: mm^2/s
367,tensor_wm_tractseg_native_desc_rd_mlf_left
367,Description: RD Middle longitudinal fasciculus (MLF) Left
367,Unit: mm^2/s
367,tensor_wm_tractseg_native_desc_rd_mlf_right
367,Description: RD Middle longitudinal fasciculus (MLF) Right
367,Unit: mm^2/s
367,tensor_wm_tractseg_native_desc_rd_or_left
367,Description: RD Optic Radiation (OR) Left
367,Unit: mm^2/s
367,tensor_wm_tractseg_native_desc_rd_or_right
367,Description: RD Optic Radiation (OR) Right
367,Unit: mm^2/s
367,tensor_wm_tractseg_native_desc_rd_scp_left
367,Description: RD Superior cerebellar peduncle (SCP) Left
367,Unit: mm^2/s
367,tensor_wm_tractseg_native_desc_rd_scp_right
367,Description: RD Superior cerebellar peduncle (SCP) Right
367,Unit: mm^2/s
367,tensor_wm_tractseg_native_desc_rd_slf_i_left
367,Description: RD Superior longitudinal fasciculus I (SLF_I) Left
367,Unit: mm^2/s
368,tensor_wm_tractseg_native_desc_rd_slf_i_right
368,Description: RD Superior longitudinal fasciculus I (SLF_I) Right
368,Unit: mm^2/s
368,tensor_wm_tractseg_native_desc_rd_slf_ii_left
368,Description: RD Superior longitudinal fasciculus II (SLF_II) Left
368,Unit: mm^2/s
368,tensor_wm_tractseg_native_desc_rd_slf_ii_right
368,Description: RD Superior longitudinal fasciculus II (SLF_II) Right
368,Unit: mm^2/s
368,tensor_wm_tractseg_native_desc_rd_slf_iii_left
368,Description: RD Superior longitudinal fasciculus III (SLF_III) Left
368,Unit: mm^2/s
368,tensor_wm_tractseg_native_desc_rd_slf_iii_right
368,Description: RD Superior longitudinal fasciculus III (SLF_III) Right
368,Unit: mm^2/s
368,tensor_wm_tractseg_native_desc_rd_str_left
368,Description: RD Superior Thalamic Radiation (STR) Left
368,Unit: mm^2/s
368,tensor_wm_tractseg_native_desc_rd_str_right
368,Description: RD Superior Thalamic Radiation (STR) Right
368,Unit: mm^2/s
369,tensor_wm_tractseg_native_desc_rd_uf_left
369,Description: RD Uncinate fasciculus (UF) Left
369,Unit: mm^2/s
369,tensor_wm_tractseg_native_desc_rd_uf_right
369,Description: RD Uncinate fasciculus (UF) Right
369,Unit: mm^2/s
369,tensor_wm_wmhemi_desc_ad_left_cerebral_white_matter
369,Description: AD in Left Cerebral WM
369,Unit: mm^2/s
369,tensor_wm_wmhemi_desc_ad_right_cerebral_white_matter
369,Description: AD in Right Cerebral WM
369,Unit: mm^2/s
369,tensor_wm_wmhemi_desc_adc_left_cerebral_white_matter
369,Description: ADC in Left Cerebral WM
369,Unit: mm^2/s
369,tensor_wm_wmhemi_desc_adc_right_cerebral_white_matter
369,Description: ADC in Right Cerebral WM
369,Unit: mm^2/s
369,tensor_wm_wmhemi_desc_fa_left_cerebral_white_matter
369,Description: FA in Left Cerebral WM
370,tensor_wm_wmhemi_desc_fa_right_cerebral_white_matter
370,Description: FA in Right Cerebral WM
370,tensor_wm_wmhemi_desc_rd_left_cerebral_white_matter
370,Description: RD in Left Cerebral WM
370,Unit: mm^2/s
370,tensor_wm_wmhemi_desc_rd_right_cerebral_white_matter
370,Description: RD in Right Cerebral WM
370,Unit: mm^2/s
370,tensor_wm_wmintra_desc_ad_cerebral_white_matter
370,Description: AD in Cerebral WM
370,Unit: mm^2/s
370,tensor_wm_wmintra_desc_adc_cerebral_white_matter
370,Description: ADC in Cerebral WM
370,Unit: mm^2/s
370,tensor_wm_wmintra_desc_fa_cerebral_white_matter
370,Description: FA in Cerebral WM
370,tensor_wm_wmintra_desc_rd_cerebral_white_matter
370,Description: RD in Cerebral WM
370,Unit: mm^2/s
371,MRI_Perfusion_ASL
371,↑
371,Fields: 21
371,hml_id
371,Description: HML ID
371,arterial_6nodes_perfusion_calib_laca_cort
371,Description: BASIL - Derived mean PVC GM CBF using Chemical Shift Mask with Arterial
371,Region
371,Unit: mL/100g/min
371,arterial_6nodes_perfusion_calib_lmca_cort
371,Description: BASIL - Derived mean PVC GM CBF using Chemical Shift Mask with Arterial
371,Region
371,Unit: mL/100g/min
371,arterial_6nodes_perfusion_calib_lpca_cort
371,Description: BASIL - Derived mean PVC GM CBF using Chemical Shift Mask with Arterial
371,Region
371,Unit: mL/100g/min
371,arterial_6nodes_perfusion_calib_raca_cort
371,Description: BASIL - Derived mean PVC GM CBF using Chemical Shift Mask with Arterial
371,Region
371,Unit: mL/100g/min
371,arterial_6nodes_perfusion_calib_rmca_cort
371,Description: BASIL - Derived mean PVC GM CBF using Chemical Shift Mask with Arterial
371,Region
371,Unit: mL/100g/min
372,arterial_6nodes_perfusion_calib_rpca_cort
372,Description: BASIL - Derived mean PVC GM CBF using Chemical Shift Mask with Arterial
372,Region
372,Unit: mL/100g/min
372,arterial_6nodes_perfusion_wm_calib_laca_cort
372,Description: BASIL - Derived mean PVC WM CBF using Chemical Shift Mask with Arterial
372,Region
372,Unit: mL/100g/min
372,arterial_6nodes_perfusion_wm_calib_lmca_cort
372,Description: BASIL - Derived mean PVC WM CBF using Chemical Shift Mask with Arterial
372,Region
372,Unit: mL/100g/min
372,arterial_6nodes_perfusion_wm_calib_lpca_cort
372,Description: BASIL - Derived mean PVC WM CBF using Chemical Shift Mask with Arterial
372,Region
372,Unit: mL/100g/min
372,arterial_6nodes_perfusion_wm_calib_raca_cort
372,Description: BASIL - Derived mean PVC WM CBF using Chemical Shift Mask with Arterial
372,Region
372,Unit: mL/100g/min
372,arterial_6nodes_perfusion_wm_calib_rmca_cort
372,Description: BASIL - Derived mean PVC WM CBF using Chemical Shift Mask with Arterial
372,Region
372,Unit: mL/100g/min
373,arterial_6nodes_perfusion_wm_calib_rpca_cort
373,Description: BASIL - Derived mean PVC WM CBF using Chemical Shift Mask with Arterial
373,Region
373,Unit: mL/100g/min
373,gmcort_perfusion_calib_cerebral_cortex
373,Description: BASIL - Derived mean PVC GM CBF using Chemical Shift Mask in Cortical
373,GM
373,Unit: mL/100g/min
373,gmhemi_perfusion_calib_left_cerebral_cortex
373,Description: BASIL - Derived mean PVC GM CBF using Chemical Shift Mask in Cortical
373,GM - Left hemisphere
373,Unit: mL/100g/min
373,gmhemi_perfusion_calib_right_cerebral_cortex
373,Description: BASIL - Derived mean PVC GM CBF using Chemical Shift Mask in Cortical
373,GM - Right hemisphere
373,Unit: mL/100g/min
373,session_id
373,Description: BIDS Session ID
373,site
373,Description: PAN Site
374,wmhemi_perfusion_wm_calib_left_cerebral
374,Description: BASIL - Derived mean PVC GM CBF using Chemical Shift Mask in Cerebral
374,WM - Left hemisphere
374,Unit: mL/100g/min
374,wmhemi_perfusion_wm_calib_right_cerebral
374,Description: BASIL - Derived mean PVC GM CBF using Chemical Shift Mask in Cerebral
374,WM - Right hemisphere
374,Unit: mL/100g/min
374,wmintra_perfusion_wm_calib_cerebral
374,Description: BASIL - Derived mean PVC GM CBF using Chemical Shift Mask in Cerebal
374,WM
374,Unit: mL/100g/min
374,Millipore_Cytokine_Assay
374,↑
374,Fields: 32
374,hml_id
374,Description: HML ID
374,mindcrowd_id
374,Description: MindCrowd ID
374,collection date
374,Description: Date of sample collection
375,collection time
375,Description: Time of sample collection
375,Eotaxin
375,Description: Eotaxin (pg/ml). Any sample readings below a cytokine's limit of detection
375,(LOD) were replaced with 0.5*LOD. Sample readings marked as highly variable were
375,replaced with the mean of each cytokine by assay plate.
375,Unit: pg/ml
375,Fgf2
375,Description: Fgf2 (pg/ml). Any sample readings below a cytokine's limit of detection (LOD)
375,were replaced with 0.5*LOD. Sample readings marked as highly variable were replaced
375,with the mean of each cytokine by assay plate.
375,Unit: pg/ml
375,IFNg
375,Description: IFNg (pg/ml). Any sample readings below a cytokine's limit of detection
375,(LOD) were replaced with 0.5*LOD. Sample readings marked as highly variable were
375,replaced with the mean of each cytokine by assay plate.
375,Unit: pg/ml
375,IL_10
375,Description: IL 10 (pg/ml). Any sample readings below a cytokine's limit of detection
375,(LOD) were replaced with 0.5*LOD. Sample readings marked as highly variable were
375,replaced with the mean of each cytokine by assay plate.
375,Unit: pg/ml
376,IL_12p40
376,Description: IL 12p40 (pg/ml). Any sample readings below a cytokine's limit of detection
376,(LOD) were replaced with 0.5*LOD. Sample readings marked as highly variable were
376,replaced with the mean of each cytokine by assay plate.
376,Unit: pg/ml
376,IL_13
376,Description: IL 13 (pg/ml). Any sample readings below a cytokine's limit of detection
376,(LOD) were replaced with 0.5*LOD. Sample readings marked as highly variable were
376,replaced with the mean of each cytokine by assay plate.
376,Unit: pg/ml
376,IL_15
376,Description: IL 15 (pg/ml). Any sample readings below a cytokine's limit of detection
376,(LOD) were replaced with 0.5*LOD. Sample readings marked as highly variable were
376,replaced with the mean of each cytokine by assay plate.
376,Unit: pg/ml
376,IL_17a
376,Description: IL 17a (pg/ml). Any sample readings below a cytokine's limit of detection
376,(LOD) were replaced with 0.5*LOD. Sample readings marked as highly variable were
376,replaced with the mean of each cytokine by assay plate.
376,Unit: pg/ml
376,IL_1a
376,Description: IL 1a (pg/ml). Any sample readings below a cytokine's limit of detection
376,(LOD) were replaced with 0.5*LOD. Sample readings marked as highly variable were
376,replaced with the mean of each cytokine by assay plate.
376,Unit: pg/ml
377,IL_1b
377,Description: IL 1b (pg/ml). Any sample readings below a cytokine's limit of detection
377,(LOD) were replaced with 0.5*LOD. Sample readings marked as highly variable were
377,replaced with the mean of each cytokine by assay plate.
377,Unit: pg/ml
377,IL_2
377,Description: IL 2 (pg/ml). Any sample readings below a cytokine's limit of detection (LOD)
377,were replaced with 0.5*LOD. Sample readings marked as highly variable were replaced
377,with the mean of each cytokine by assay plate.
377,Unit: pg/ml
377,IL_4
377,Description: IL 4 (pg/ml). Any sample readings below a cytokine's limit of detection (LOD)
377,were replaced with 0.5*LOD. Sample readings marked as highly variable were replaced
377,with the mean of each cytokine by assay plate.
377,Unit: pg/ml
377,IL_5
377,Description: IL 5 (pg/ml). Any sample readings below a cytokine's limit of detection (LOD)
377,were replaced with 0.5*LOD. Sample readings marked as highly variable were replaced
377,with the mean of each cytokine by assay plate.
377,Unit: pg/ml
377,IL_6
377,Description: IL 6 (pg/ml). Any sample readings below a cytokine's limit of detection (LOD)
377,were replaced with 0.5*LOD. Sample readings marked as highly variable were replaced
377,with the mean of each cytokine by assay plate.
377,Unit: pg/ml
378,IL_7
378,Description: IL 7 (pg/ml). Any sample readings below a cytokine's limit of detection (LOD)
378,were replaced with 0.5*LOD. Sample readings marked as highly variable were replaced
378,with the mean of each cytokine by assay plate.
378,Unit: pg/ml
378,IL_8
378,Description: IL 8 (pg/ml). Any sample readings below a cytokine's limit of detection (LOD)
378,were replaced with 0.5*LOD. Sample readings marked as highly variable were replaced
378,with the mean of each cytokine by assay plate.
378,Unit: pg/ml
378,IP_10
378,Description: IP 10 (pg/ml). Any sample readings below a cytokine's limit of detection
378,(LOD) were replaced with 0.5*LOD. Sample readings marked as highly variable were
378,replaced with the mean of each cytokine by assay plate.
378,Unit: pg/ml
378,MCP_1
378,Description: MCP 1 (pg/ml). Any sample readings below a cytokine's limit of detection
378,(LOD) were replaced with 0.5*LOD. Sample readings marked as highly variable were
378,replaced with the mean of each cytokine by assay plate.
378,Unit: pg/ml
378,MDC
378,Description: MDC (pg/ml). Any sample readings below a cytokine's limit of detection
378,(LOD) were replaced with 0.5*LOD. Sample readings marked as highly variable were
378,replaced with the mean of each cytokine by assay plate.
378,Unit: pg/ml
379,MIP_1a
379,Description: MIP 1a (pg/ml). Any sample readings below a cytokine's limit of detection
379,(LOD) were replaced with 0.5*LOD. Sample readings marked as highly variable were
379,replaced with the mean of each cytokine by assay plate.
379,Unit: pg/ml
379,MIP_1b
379,Description: MIP 1b (pg/ml). Any sample readings below a cytokine's limit of detection
379,(LOD) were replaced with 0.5*LOD. Sample readings marked as highly variable were
379,replaced with the mean of each cytokine by assay plate.
379,Unit: pg/ml
379,position
379,Description: Position in assay plate
379,sample type
379,Description: Sample from plasma or serum
379,TNFa
379,Description: TNFa (pg/ml). Any sample readings below a cytokine's limit of detection
379,(LOD) were replaced with 0.5*LOD. Sample readings marked as highly variable were
379,replaced with the mean of each cytokine by assay plate.
379,Unit: pg/ml
379,TNFb
379,Description: TNFb (pg/ml). Any sample readings below a cytokine's limit of detection
379,(LOD) were replaced with 0.5*LOD. Sample readings marked as highly variable were
379,replaced with the mean of each cytokine by assay plate.
379,Unit: pg/ml
380,VEGFa
380,Description: VEGFa (pg/ml). Any sample readings below a cytokine's limit of detection
380,(LOD) were replaced with 0.5*LOD. Sample readings marked as highly variable were
380,replaced with the mean of each cytokine by assay plate.
380,Unit: pg/ml
380,visit
380,Description: Visit number; where visit = 1 indicates baseline visit and visit = 2 indicates
380,"the first follow-up visit two years after baseline visit.; 1 = Baseline, 2–n = Follow-up visits"
380,corresponding to Year 2 through Year n
380,volume
380,Description: Sample volume
380,Unit: ml
380,MindCrowd_Demographics
380,↑
380,Fields: 56
380,hml_id
380,Description: HML ID
380,mindcrowd_id
380,Description: MindCrowd ID
380,age
380,Description: What is your current age? Age at which participant first logged into
380,MindCrowd
381,attention_median_rt
381,Description: Median Reaction Time for the Attention Test
381,created_date_participant
381,Description: Date the participant first logged into MindCrowd
381,decade
381,Description: Age decade
381,"Field Options: 1- 50s, 2- 60s, 3- 70s"
381,first_degree_ad
381,Description: Has one of your siblings or one of your parents been diagnosed with
381,Alzheimer's disease?
381,first_degree_eoad
381,Description: Has first-degree relative with early-onset Alzheimer's.
381,first_spoken_language
381,Description: What was the first language you spoke?
381,gender
381,Description: What gender do you identify as?
381,handedness
381,Description: Are you left or right hand dominant?
382,health_medical_alzheimer
382,Description: Which of the following have you personally experienced or ar you currently
382,experiencing? Alzheimer
382,"Field Options: 0- No, 1- Yes"
382,health_medical_brain_disease
382,Description: Which of the following have you personally experienced or ar you currently
382,experiencing? Brain disease
382,"Field Options: 0- No, 1- Yes"
382,health_medical_cancer
382,Description: Which of the following have you personally experienced or ar you currently
382,experiencing? Cancer
382,"Field Options: 0- No, 1- Yes"
382,health_medical_chronic_stress
382,Description: Which of the following have you personally experienced or ar you currently
382,experiencing? Chronic stress
382,"Field Options: 0- No, 1- Yes"
382,health_medical_depression_anxiety
382,Description: Which of the following have you personally experienced or ar you currently
382,experiencing? Depression or anxiety
382,"Field Options: 0- No, 1- Yes"
382,health_medical_heart_disease
382,Description: Which of the following have you personally experienced or ar you currently
382,experiencing? Heart disease
382,"Field Options: 0- No, 1- Yes"
383,health_medical_hypertension
383,Description: Which of the following have you personally experienced or ar you currently
383,experiencing? Hypertension
383,"Field Options: 0- No, 1- Yes"
383,health_medical_loss_of_consciousness
383,Description: Which of the following have you personally experienced or ar you currently
383,experiencing? Loss of consciousness
383,"Field Options: 0- No, 1- Yes"
383,health_medical_memory_problems
383,Description: Which of the following have you personally experienced or ar you currently
383,experiencing? Memory problems
383,"Field Options: 0- No, 1- Yes"
383,health_medical_no_conditions
383,Description: Which of the following have you personally experienced or ar you currently
383,experiencing? None of these conditions apply to me
383,"Field Options: 0- No, 1- Yes"
383,health_medical_parkinsons_disease
383,Description: Which of the following have you personally experienced or ar you currently
383,experiencing? Parkinson's Disease
383,"Field Options: 0- No, 1- Yes"
383,health_medical_seizures
383,Description: Which of the following have you personally experienced or ar you currently
383,experiencing? Seizures
383,"Field Options: 0- No, 1- Yes"
384,health_medical_sleep_problems
384,Description: Which of the following have you personally experienced or ar you currently
384,experiencing? Sleep problems
384,"Field Options: 0- No, 1- Yes"
384,health_medical_smoking
384,Description: Which of the following have you personally experienced or ar you currently
384,experiencing? Smoking
384,"Field Options: 0- No, 1- Yes"
384,health_medical_stroke
384,Description: Which of the following have you personally experienced or ar you currently
384,experiencing? Stroke
384,"Field Options: 0- No, 1- Yes"
384,health_medical_type_1_diabetes
384,Description: Which of the following have you personally experienced or ar you currently
384,experiencing? Type 1 diabetes
384,"Field Options: 0- No, 1- Yes"
384,health_medical_type_2_diabetes
384,Description: Which of the following have you personally experienced or ar you currently
384,experiencing? Type 2 diabetes
384,"Field Options: 0- No, 1- Yes"
384,hif_drink_alcohol
384,Description: 2YR: Do you drink alcohol?
384,"Field Options: 0- No, 1- Yes"
385,hif_employment_hml
385,Description: 2YR: What is your current employment status?
385,"Field Options: 1, Working full time | 2, Working part time | 3, Self-employed | 4, Not"
385,"currently employed | 5, Retired | 6, Homemaker | 7, Disabled | 555,"
385,"Other, specify {hif_employment_hml_oth_2yr}"
385,hif_marital
385,Description: 2YR: What is your current marital status?
385,"Field Options: 1, Single | 2, Married | 3, Living with Partner | 4, Domestic"
385,"Partnership | 5, Separated | 6, Divorced | 7, Widowed"
385,hif_positive_covid19
385,Description: 2YR: In the last 2 years: Have you been diagnosed with or tested positive for
385,COVID-19?
385,"Field Options: 0- No, 1- Yes"
385,hif_smoke
385,Description: 2YR: Do you currently smoke cigarettes/cigars/pipes?
385,"Field Options: 0- No, 1- Yes"
385,hif_use_marijuana
385,Description: 2YR: Do you currently use marijuana in any form?
385,"Field Options: 1, Yes | 0, No | 999, Prefer not to answer"
385,hif_vacinated_covid19
385,Description: 2YR: Did you receive a COVID-19 vaccine?
385,"Field Options: 0- No, 1- Yes"
386,hif_yes_alcohol
386,"Description: 2YR: If yes, how many drinks do you have in a typical week?"
386,"Field Options: 1, 0 to 2 per week | 2, 3 to 5 per week | 3, 6 to 8 per week | 4, 9 to 10"
386,"per week | 5, More than 10 per week | 999, Prefer not to answer"
386,hif_yes_smoke
386,"Description: 2YR: If yes, how many cigarettes/cigars/pipes do you smoke daily?"
386,"Field Options: 1, 0 to 5 per day | 2, 6 to 10 per day | 3, 11 to 15 per day | 4, 16 to 20"
386,"per day | 5, More than 20 per day | 999, Prefer not to answer"
386,hif_yes_use_marijuana
386,"Description: 2YR: If yes, how often do you use marijuana in a typical week?"
386,"Field Options: 1, 0 to 2 times per week | 2, 3 to 5 times per week | 3, 6 to 8 times"
386,"per week | 4, 9 to 10 times per week | 5, More than 10 times per"
386,"week | 999, Prefer not to answer"
386,highest_education_level_completed
386,Description: Highest level of education completed
386,hispanic_latino
386,Description: Do you consider yourself Hispanic or Latino?
386,hispanic_latino_origin
386,Description: Country of Hispanic/Latino ancestral origin
386,language
386,Description: Is English being the only language pulled?
387,memory_rank
387,"Description: Paired associates test rank adjusted for age, sex, and highest level of"
387,education
387,memory_totalcorrect
387,Description: Paired Associates Test: An measurement of the participant's learning and
387,memory. The participant is presented with different pairs of words and is tested after a
387,period of time on their recollection of these words. HML used the results of this test as a
387,factor in participant screening.
387,most_fluent_language
387,Description: In what language are you most fluent?
387,number_fluent_languages_spoken
387,Description: How many languages do you speak fluently?
387,number_fluent_languages_written
387,Description: How many languages do you write fluently?
387,number_of_daily_medications
387,Description: How many prescription medications do you take on a daily basis?
387,race
387,Description: Race
387,race_ethnicity
387,Description: Combined race and ethnicity variable used for participant screening
388,repeat_test_taker
388,Description: Have you taken the Mindcrowd test before?
388,second_degree_ad
388,"Description: Do you have any second-degree relatives (grandparents, grandchildren,"
388,"aunts, uncles, nephews, nieces, or half-siblings) that have been diagnosed with"
388,Alzheimer's disease?
388,second_spoken_language_age
388,Description: What age did you begin speaking a second language?
388,sex
388,Description: What is your biological sex?
388,site
388,Description: Recruitment site
388,visit
388,Description: Visit number; where visit = 1 indicates baseline visit and visit = 2 indicates
388,"the first follow-up visit two years after baseline visit.; 1 = Baseline, 2–n = Follow-up visits"
388,corresponding to Year 2 through Year n
388,MindCrowd_Flanker_Scores
388,↑
388,Fields: 24
388,hml_id
388,Description: HML ID
389,mindcrowd_id
389,Description: MindCrowd ID
389,FLK_Cong_Count_Correct
389,Description: Flanker congruent trials number of correct responses out of 25 possible
389,FLK_Cong_ErrorCount
389,Description: Flanker number of errors across congruent trials
389,FLK_Cong_MeanRT
389,Description: Flanker congruent trials mean reaction time in milliseconds (correct trials
389,only)
389,FLK_Cong_MedRT
389,Description: Flanker congruent trials median reaction time in milliseconds (correct trials
389,only)
389,FLK_Cong_Perc_Correct
389,Description: Flanker congruent trials percentage correct
389,FLK_Cong_SDRT
389,Description: Flanker congruent trials reaction time standard deviation (correct trials only)
389,FLK_Cong_Timeout
389,Description: Flanker congruent trials timeout
390,FLK_Cong_Trials
390,Description: Flanker total number of valid congruent trials
390,Note: dx.doi.org/10.17504/protocols.io.14egnyqw6v5d/v1
390,FLK_first_attempt
390,Description: Flanker valid first attempt
390,Note: dx.doi.org/10.17504/protocols.io.14egnyqw6v5d/v1
390,FLK_game_result
390,Description: Flanker unique attempt identifier
390,Note: dx.doi.org/10.17504/protocols.io.14egnyqw6v5d/v1
390,FLK_Inc_Count_Correct
390,Description: Flanker incongruent trials number of correct responses out of 24 possible
390,Note: dx.doi.org/10.17504/protocols.io.14egnyqw6v5d/v1
390,FLK_Inc_ErrorCount
390,Description: Flanker number of errors across incongruent trials
390,Note: dx.doi.org/10.17504/protocols.io.14egnyqw6v5d/v1
390,FLK_Inc_MeanRT
390,Description: Flanker incongruent trials mean reaction time in milliseconds (correct trials
390,only)
390,Note: dx.doi.org/10.17504/protocols.io.14egnyqw6v5d/v1
390,FLK_Inc_MedRT
390,Description: Flanker incongruent trials median reaction time in milliseconds (correct trials
390,only)
390,Note: dx.doi.org/10.17504/protocols.io.14egnyqw6v5d/v1
391,FLK_Inc_Perc_Correct
391,Description: Flanker incongruent trials percentage correct
391,Note: dx.doi.org/10.17504/protocols.io.14egnyqw6v5d/v1
391,FLK_Inc_SDRT
391,Description: Flanker incongruent trials reaction time standard deviation (correct trials
391,only)
391,Note: dx.doi.org/10.17504/protocols.io.14egnyqw6v5d/v1
391,FLK_Inc_Timeout
391,Description: Flanker incongruent trials timeout
391,Note: dx.doi.org/10.17504/protocols.io.14egnyqw6v5d/v1
391,FLK_Inc_Trials
391,Description: Flanker total number of valid incongruent trials
391,Note: dx.doi.org/10.17504/protocols.io.14egnyqw6v5d/v1
391,FLK_MeanRT_Diff
391,Description: Flanker Difference in mean reaction time between congruent and
391,incongruent trials(correct trials only)
391,Note: dx.doi.org/10.17504/protocols.io.14egnyqw6v5d/v1
391,FLK_MedRT_Diff
391,Description: Flanker difference in median reaction time between congruent and
391,incongruent trials (correct trials only)
391,Note: dx.doi.org/10.17504/protocols.io.14egnyqw6v5d/v1
392,FLK_qc_code
392,Description: Flanker quality control code: Code indicating whether participant passed all
392,quality control criteria. If they didn’t code indicates why participant failed
392,Note: dx.doi.org/10.17504/protocols.io.14egnyqw6v5d/v1
392,FLK_user_device
392,Description: Flanker device task was completed on
392,MindCrowd_Keep_Track_Scores
392,↑
392,Fields: 21
392,hml_id
392,Description: HML ID
392,mindcrowd_id
392,Description: MindCrowd ID
392,KT_Cat1_Correct
392,Description: Keep Track Category 1 count of correct responses out of 3 possible
392,KT_Cat1_Perc_Correct
392,Description: Keep Track Category 1 percent correct
392,KT_Cat1_Trials
392,Description: Keep Track Category 1 number of trials
393,KT_Cat2_Correct
393,Description: Keep Track Category 2 count of correct responses out of 6 possible
393,KT_Cat2_Perc_Correct
393,Description: Keep Track Category 2 percent correct
393,KT_Cat2_Trials
393,Description: Keep Track number of trials in Category 2
393,KT_Cat3_Correct
393,Description: Keep Track Category 3 count of correct responses out of 9 possible
393,KT_Cat3_Perc_Correct
393,Description: Keep Track Category 3 percent correct
393,KT_Cat3_Trials
393,Description: Keep Track number of trials in Category 3
393,KT_Cat4_Correct
393,Description: Keep Track Category 4 count of correct responses out of 3 possible
393,KT_Cat4_Perc_Correct
393,Description: Keep Track Category 4 percent correct
393,KT_Cat4_Trials
393,Description: Keep Track number of trials in Category 4
394,KT_first_attempt
394,Description: Keep Track valid first attempt
394,KT_game_result
394,Description: Keep Track attempt identifier
394,KT_qc_code
394,Description: Keep Track quality control code: Code indicating whether participant passed
394,all quality control criteria. If they didn’t code indicates why participant failed.
394,KT_Total_Correct
394,Description: Keep Track count of correct responses across all trials out of 30 possible
394,KT_Total_Perc_Correct
394,Description: Keep Track total trials percentage correct across all categories
394,KT_Total_Trials
394,Description: Keep Track number of trials across all categories
394,KT_user_device
394,Description: Keep Track device task was completed on
394,MindCrowd_Letter_Number_Scores
394,↑
394,Fields: 24
394,hml_id
394,Description: HML ID
395,mindcrowd_id
395,Description: MindCrowd ID
395,LN_first_attempt
395,Description: Letter Number valid first attempt
395,LN_game_result
395,Description: Letter Number attempt identifier
395,LN_MeanRT_Diff
395,Description: Letter Number difference in mean reaction time between switch and same
395,trials (correct trials only)
395,LN_MedRT_Diff
395,Description: Letter Number difference in median reaction time between switch and same
395,trials (correct trials only)
395,LN_qc_code
395,Description: Letter Number quality control code: Code indicating whether participant
395,passed all quality control criteria. If they didn’t code indicates why participant failed.
395,LN_Same_Count_Correct
395,Description: Letter Number total number of correct responses across both same trials
395,(combined letter and number rule)
395,LN_Same_ErrorCount
395,Description: Letter Number same trials number of errors
396,LN_Same_MeanRT
396,Description: Letter Number same trials mean reaction time (correct trials only)
396,LN_Same_MedRT
396,Description: Letter Number same trials median reaction time (correct trials only)
396,LN_Same_Perc_Correct
396,Description: Letter Number same trials percent correct
396,LN_Same_SDRT
396,Description: Letter Number same trials standard deviation (correct trials only)
396,LN_Same_Timeout
396,Description: Letter Number same trials timeout
396,LN_Same_Trials
396,Description: Letter Number valid same trials
396,LN_Switch_Count_Correct
396,Description: Letter Number total number of correct responses for the switch trial
396,(alternating between two rules)
396,LN_Switch_ErrorCount
396,Description: Letter Number switch trials number of errors
396,LN_Switch_MeanRT
396,Description: Letter Number switch trials mean reaction time (correct trials only)
397,LN_Switch_MedRT
397,Description: Letter Number switch trials median reaction time (correct trials only)
397,LN_Switch_Perc_Correct
397,Description: Letter Number switch trials percent correct
397,LN_Switch_SDRT
397,Description: Letter Number switch trials standard deviation (correct trials only)
397,LN_Switch_Timeout
397,Description: Letter Number switch trials timeout
397,LN_Switch_Trials
397,Description: Letter Number valid switch trials
397,LN_user_device
397,Description: Letter Number device task was completed on
397,MindCrowd_Simple_and_Choice_Scores
397,↑
397,Fields: 23
397,hml_id
397,Description: HML ID
397,mindcrowd_id
397,Description: MindCrowd ID
398,SCRT_Choice_Count_Correct
398,Description: Simple and Choice Reaction Time choice trials number of correct responses
398,SCRT_Choice_ErrorCount
398,Description: Simple and Choice Reaction Time number of errors choice trials
398,SCRT_Choice_MeanRT
398,Description: Simple and Choice Reaction Time choice trials mean reaction time (correct
398,responses only)
398,SCRT_Choice_MedRT
398,Description: Simple and Choice Reaction Time median reaction time for choice trials
398,(correct responses only)
398,SCRT_Choice_Perc_Correct
398,Description: Simple and Choice Reaction Time choice trials percent correct
398,SCRT_Choice_SDRT
398,Description: Simple and Choice Reaction Time choice trials standard deviation (correct
398,responses only)
398,SCRT_Choice_Timeout
398,Description: Simple and Choice Reaction Time choice trials timeout
398,SCRT_Choice_Trials
398,Description: Simple and Choice Reaction Time number of choice trials
399,SCRT_first_attempt
399,Description: Simple and Choice Reaction Time valid first attempt
399,SCRT_game_result
399,Description: Simple and Choice Reaction Time attempt identifier
399,SCRT_MeanRT_Diff
399,Description: Simple and Choice Reaction Time difference in mean reaction time between
399,choice and simple trials (correct responses only)
399,SCRT_MedRT_Diff
399,Description: Simple and Choice Reaction Time difference in median reaction time
399,between choice and simple trials (correct responses only)
399,SCRT_qc_code
399,Description: Simple and Choice Reaction Time quality control code: Code indicating
399,whether participant passed all quality control criteria. If they didn’t code indicates why
399,participant failed.
399,SCRT_Simp_Count_Correct
399,Description: Simple and Choice Reaction Time simple trials number of correct responses
399,SCRT_Simp_MeanRT
399,Description: Simple and Choice Reaction Time simple trials mean reaction time (correct
399,responses only)
400,SCRT_Simp_MedRT
400,Description: Simple and Choice Reaction Time median reaction time for simple trials
400,(correct responses only)
400,SCRT_Simp_Perc_Correct
400,Description: Simple and Choice Reaction Time simple trials percent correct
400,SCRT_Simp_SDRT
400,Description: Simple and Choice Reaction Time simple trials standard deviation (correct
400,responses only)
400,SCRT_Simp_Timeout
400,Description: Simple and Choice Reaction Time simple trials timeout
400,SCRT_Simp_Trials
400,Description: Simple and Choice Reaction Time number of simple trials
400,SCRT_user_device
400,Description: Simple and Choice Reaction Time device task was completed on
400,MindCrowd_Verbal_Paired_Associates_Scores
400,↑
400,Fields: 42
400,hml_id
400,Description: HML ID
401,mindcrowd_id
401,Description: MindCrowd ID
401,WP_first_attempt
401,Description: Word Pairs valid first attempt
401,WP_game_result
401,Description: Word Pairs attempt identifier
401,WP_qc_code
401,Description: Word Pairs quality control code: Code indicating whether participant passed
401,all quality control criteria. If they didn’t the code indicates why participant failed.
401,WP_R1_All_Correct
401,Description: Word Pairs Round 1 number of all trials (easy + hard) correct out of 12
401,WP_R1_All_Perc_Correct
401,Description: Word Pairs Round 1 for all trials including hard and easy combined percent
401,correct
401,WP_R1_All_Trials
401,Description: Word Pairs Round 1 total number of trials
401,WP_R1_Easy_Correct
401,Description: Word Pairs Round 1 number of easy trials correct out of 3
402,WP_R1_Easy_Perc_Correct
402,Description: Word Pairs Round 1 easy trials percent correct
402,WP_R1_Easy_Trials
402,Description: Word Pairs round 1 total number of easy trials
402,WP_R1_Hard_Correct
402,Description: Word Pairs Round 1 number of hard trials correct out of 9
402,WP_R1_Hard_Perc_Correct
402,Description: Word Pairs Round 1 hard trials percent correct
402,WP_R1_Hard_Trials
402,Description: Word Pairs Round 1 number of hard trials
402,WP_R2_All_Correct
402,Description: Word Pairs Round 1 number of all trials (easy + hard) correct out of 12
402,WP_R2_All_Perc_Correct
402,Description: Word Pairs Round 2 all trials percent correct
402,WP_R2_All_Trials
402,Description: Word Pairs round 2 total number of trials including hard and easy combined
402,percent correct
402,WP_R2_Easy_Correct
402,Description: Word Pairs Round 2 number of easy trials correct out of 3
403,WP_R2_Easy_Perc_Correct
403,Description: Word Pairs Round 2 easy trials percent correct
403,WP_R2_Easy_Trials
403,Description: Word Pairs Round 3 number of easy trials
403,WP_R2_Hard_Correct
403,Description: Word Pairs Round 2 number of hard trials correct out of 9
403,WP_R2_Hard_Perc_Correct
403,Description: Word Pairs Round 2 hard trials percent correct
403,WP_R2_Hard_Trials
403,Description: Word Pairs round 2 total number of hard trials
403,WP_R3_All_Correct
403,Description: Word Pairs Round 1 number of easy trials correct out of 3
403,WP_R3_All_Perc_Correct
403,Description: Word Pairs Round 3 all trials percent correct
403,WP_R3_All_Trials
403,Description: Word Pairs Round 2 total number of trials
403,WP_R3_Easy_Correct
403,Description: Word Pairs Round 2 number of easy trials correct out of 3
404,WP_R3_Easy_Perc_Correct
404,Description: Word Pairs Round 3 easy trials percent correct
404,WP_R3_Easy_Trials
404,Description: Word Pairs Round 3 number of easy trials
404,WP_R3_Hard_Correct
404,Description: Word Pairs Round 3 number of hard trials correct out of 9
404,WP_R3_Hard_Perc_Correct
404,Description: Word Pairs Round 3 hard trials percent correct
404,WP_R3_Hard_Trials
404,Description: Word Pairs Round 3 total number of hard trials
404,WP_Total_All_Correct
404,Description: Word Pairs all rounds number of easy and hard trials correct out of 36
404,WP_Total_All_Perc_Correct
404,Description: Word Pairs percentage correct for all trials across all rounds
404,WP_Total_All_Trials
404,Description: Word Pairs total number of trials across all rounds
404,WP_Total_Easy_Correct
404,Description: Word Pairs number of easy and trials correct out of 9
405,WP_Total_Easy_Perc_Correct
405,Description: Word Pairs percentage correct for total number of easy trials across all
405,rounds
405,WP_Total_Easy_Trials
405,Description: Word Pairs total number of easy trials across all rounds
405,WP_Total_Hard_Correct
405,Description: Word Pairs Total number of hard trials correct out of 27
405,WP_Total_Hard_Perc_Correct
405,Description: Word Pairs percentage correct for total number of hard trials across all
405,rounds
405,WP_Total_Hard_Trials
405,Description: Word Pairs Total number of hard trials across all rounds
405,WP_user_device
405,Description: Word Pairs device task was completed on
405,MoCA
405,↑
405,Fields: 16
405,hml_id
405,Description: HML ID
406,mindcrowd_id
406,Description: MindCrowd ID
406,moca_abstraction
406,Description: ABSTRACTION Points/2
406,moca_attention_1
406,Description: ATTENTION Points/2
406,moca_attention_2
406,Description: ATTENTION Points/1
406,moca_attention_3
406,Description: ATTENTION Points/3
406,moca_delay_recall
406,Description: Delayed Recall/5
406,moca_ed_bonus
406,"Description: Education Bonus/1 (If the subject has 12 years of education or fewer, a point"
406,is added to his/her total score)
406,moca_language_1
406,Description: LANGUAGE Points/2
406,moca_language_2
406,Description: LANGUAGE Points/1
407,moca_mis_total
407,Description: Memory Index Scale Points
407,moca_naming
407,Description: NAMING Points/3
407,moca_orientation
407,Description: ORIENTATION Points/6
407,moca_total
407,"Description: TOTAL Points sum([moca_visuospatial],[moca_naming],[moca_attention_1],"
407,"[moca_attention_2], [moca_attention_3],[moca_language_1],[moca_language_2]+"
407,"[moca_abstraction], [moca_delay_recall],[moca_orientation],[moca_ed_bonus])"
407,Note: calculated
407,moca_visuospatial
407,Description: VISUOSPATIAL / EXECUTIVE Points/5
407,visit
407,Description: Visit number; where visit = 1 indicates baseline visit and visit = 2 indicates
407,"the first follow-up visit two years after baseline visit.; 1 = Baseline, 2–n = Follow-up visits"
407,corresponding to Year 2 through Year n
407,NAART
407,↑
407,Fields: 5
407,hml_id
407,Description: HML ID
408,mindcrowd_id
408,Description: MindCrowd ID
408,naart_full_scale_iq
408,"Description: NAART Estimated Full Scale IQ round((127.8-0.78*[naart_total_incorrect]),2)"
408,Estimated FSIQ: =127.8 - 0.78*(Number wrong)
408,Note: calculated
408,naart_total_correct
408,Description: Number of Words correctly pronounced
408,naart_total_incorrect
408,Description: Number of Words incorrectly pronounced
408,NULISAseq
408,↑
408,Fields: 130
408,hml_id
408,Description: HML ID
408,mindcrowd_id
408,Description: MindCrowd ID
408,a_38
408,Description: Protein: Amyloid-beta precursor protein; UniProtID: P05067
409,a_40
409,Description: Protein: Amyloid-beta precursor protein; UniProtID: P05067
409,a_42
409,Description: Protein: Amyloid-beta precursor protein; UniProtID: P05067
409,ache
409,Description: Protein: Acetylcholinesterase; UniProtID: P22303
409,agrn
409,Description: Protein: Agrin; UniProtID: O00468
409,anxa5
409,Description: Protein: Annexin A5; UniProtID: P08758
409,apoe
409,Description: Protein: Apolipoprotein E; UniProtID: P02649
409,apoe4
409,Description: Protein: Apolipoprotein E; UniProtID: P02649
409,arsa
409,Description: Protein: Arylsulfatase A; UniProtID: P15289
409,bace1
409,Description: Protein: Beta-secretase 1; UniProtID: P56817
410,basp1
410,Description: Protein: Brain abundant membrane attached signal protein 1; UniProtID:
410,P80723
410,bdnf
410,Description: Protein: Brain-derived neurotrophic factor; UniProtID: P23560
410,calb2
410,Description: Protein: Calretinin; UniProtID: P22676
410,ccl11
410,Description: Protein: Eotaxin; UniProtID: P51671
410,ccl13
410,Description: Protein: C-C motif chemokine 13; UniProtID: Q99616
410,ccl17
410,Description: Protein: C-C motif chemokine 17; UniProtID: Q92583
410,ccl2
410,Description: Protein: C-C motif chemokine 2; UniProtID: P13500
410,ccl22
410,Description: Protein: C-C motif chemokine 22; UniProtID: O00626
410,ccl26
410,Description: Protein: C-C motif chemokine 26; UniProtID: Q9Y258
411,ccl3
411,Description: Protein: C-C motif chemokine 3; UniProtID: P10147
411,ccl4
411,Description: Protein: C-C motif chemokine ligand 4; UniProtID: P13236
411,cd40lg
411,Description: Protein: CD40 ligand; UniProtID: P29965
411,cd63
411,Description: Protein: CD63 antigen; UniProtID: P08962
411,chi3l1
411,Description: Protein: Chitinase-3-like protein 1; UniProtID: P36222
411,chit1
411,Description: Protein: Chitotriosidase-1; UniProtID: Q13231
411,cntn2
411,Description: Protein: Contactin-2; UniProtID: Q02246
411,crh
411,Description: Protein: Corticoliberin; UniProtID: P06850
411,crp
411,Description: Protein: C-reactive protein; UniProtID: P02741
412,csf2
412,Description: Protein: Granulocyte-macrophage colony-stimulating factor; UniProtID:
412,P04141
412,cst3
412,Description: Protein: Cystatin-C; UniProtID: P01034
412,cx3cl1
412,Description: Protein: Fractalkine; UniProtID: P78423
412,cxcl1
412,Description: Protein: Growth-regulated alpha protein; UniProtID: P09341
412,cxcl10
412,Description: Protein: C-X-C motif chemokine 10; UniProtID: P02778
412,cxcl8
412,"Description: Protein: Interleukin-8, IL8; UniProtID: P10145"
412,ddc
412,Description: Protein: Aromatic-L-amino-acid decarboxylase; UniProtID: P20711
412,eno2
412,Description: Protein: Gamma-enolase; UniProtID: P09104
412,fabp3
412,"Description: Protein: Fatty acid-binding protein, heart; UniProtID: P05413"
413,fcn2
413,Description: Protein: Ficolin-2; UniProtID: Q15485
413,fgf2
413,Description: Protein: Fibroblast growth factor 2; UniProtID: P09038
413,flt1
413,Description: Protein: Vascular endothelial growth factor receptor 1; UniProtID: P17948
413,folr1
413,Description: Protein: Folate receptor alpha; UniProtID: P15328
413,gdf15
413,Description: Protein: Growth/differentiation factor 15; UniProtID: Q99988
413,gdi1
413,Description: Protein: Rab GDP dissociation inhibitor alpha; UniProtID: P31150
413,gdnf
413,Description: Protein: Glial cell line-derived neurotrophic factor; UniProtID: P39905
413,gfap
413,Description: Protein: Glial fibrillary acidic protein; UniProtID: P14136
413,got1
413,"Description: Protein: Aspartate aminotransferase, cytoplasmic; UniProtID: P17174"
414,hba1
414,Description: Protein: Hemoglobin subunit alpha; UniProtID: P69905
414,htt
414,Description: Protein: Huntingtin; UniProtID: P42858
414,icam1
414,Description: Protein: Intercellular adhesion molecule 1; UniProtID: P05362
414,ifng
414,Description: Protein: Interferon gamma; UniProtID: P01579
414,igf1r
414,Description: Protein: Insulin-like growth factor 1 receptor; UniProtID: P08069
414,igfbp7
414,Description: Protein: Insulin-like growth factor-binding protein 7; UniProtID: Q16270
414,il10
414,Description: Protein: Interleukin-10; UniProtID: P22301
414,il12p70
414,Description: Protein: Interleukin-12 subunit beta|Interleukin-12 subunit alpha; UniProtID:
414,P29459|P29460
414,il13
414,Description: Protein: Interleukin-13; UniProtID: P35225
415,il15
415,Description: Protein: Interleukin-15; UniProtID: P40933
415,il16
415,Description: Protein: Pro-interleukin-16; UniProtID: Q14005
415,il17a
415,Description: Protein: Interleukin-17A; UniProtID: Q16552
415,il18
415,Description: Protein: Interleukin-18; UniProtID: Q14116
415,il1b
415,Description: Protein: Interleukin-1 beta; UniProtID: P01584
415,il2
415,Description: Protein: Interleukin-2; UniProtID: P60568
415,il33
415,Description: Protein: Interleukin 33; UniProtID: O95760
415,il4
415,Description: Protein: Interleukin-4; UniProtID: P05112
415,il5
415,Description: Protein: Interleukin-5; UniProtID: P05113
416,il6
416,Description: Protein: Interleukin-6; UniProtID: P05231
416,il6r
416,Description: Protein: Interleukin-6 receptor subunit alpha; UniProtID: P08887
416,il7
416,Description: Protein: Interleukin-7; UniProtID: P13232
416,il9
416,Description: Protein: Interleukin-9; UniProtID: P15248
416,kdr
416,Description: Protein: Vascular endothelial growth factor receptor 2; UniProtID: P35968
416,klk6
416,Description: Protein: Kallikrein-6; UniProtID: Q92876
416,mapt
416,Description: Protein: Microtubule-associated protein tau; UniProtID: P10636
416,mdh1
416,"Description: Protein: Malate dehydrogenase, cytoplasmic; UniProtID: P40925"
416,mme
416,Description: Protein: Membrane metalloendopeptidase; UniProtID: P08473
417,msln
417,Description: Protein: Mesothelin; UniProtID: Q13421
417,nefh
417,Description: Protein: Neurofilament heavy polypeptide; UniProtID: P12036
417,nefl
417,Description: Protein: Neurofilament light polypeptide; UniProtID: P07196
417,ngf
417,Description: Protein: Beta-nerve growth factor; UniProtID: P01138
417,nptx1
417,Description: Protein: Neuronal pentraxin-1; UniProtID: Q15818
417,nptx2
417,Description: Protein: Neuronal pentraxin-2; UniProtID: P47972
417,nptxr
417,Description: Protein: Neuronal pentraxin receptor; UniProtID: O95502
417,npy
417,Description: Protein: Neuropeptide Y; UniProtID: P01303
417,nrgn
417,Description: Protein: Neurogranin; UniProtID: Q92686
418,oligo_snca
418,Description: Protein: Alpha-synuclein; UniProtID: P37840
418,park7
418,Description: Protein: Protein/nucleic acid deglycase DJ-1; UniProtID: Q99497
418,pdgfrb
418,Description: Protein: Platelet-derived growth factor receptor beta; UniProtID: P09619
418,pdlim5
418,Description: Protein: PDZ and LIM domain 5; UniProtID: Q96HC4
418,pgf
418,Description: Protein: Placenta growth factor; UniProtID: P49763
418,pgk1
418,Description: Protein: Phosphoglycerate kinase 1; UniProtID: P00558
418,postn
418,Description: Protein: Periostin; UniProtID: Q15063
418,prdx6
418,Description: Protein: Peroxiredoxin-6; UniProtID: P30041
418,psen1
418,Description: Protein: Presenilin 1; UniProtID: P49768
419,psnca_129
419,Description: Protein: Alpha-synuclein; UniProtID: P37840
419,ptau_181
419,Description: Protein: Microtubule-associated protein tau; UniProtID: P10636
419,ptau_217
419,Description: Protein: Microtubule-associated protein tau; UniProtID: P10636
419,ptau_231
419,Description: Protein: Microtubule-associated protein tau; UniProtID: P10636
419,ptdp43_409
419,Description: Protein: TAR DNA-binding protein 43; UniProtID: Q13148
419,ptn
419,Description: Protein: Pleiotrophin; UniProtID: P21246
419,rest
419,Description: Protein: RE1 silencing transcription factor; UniProtID: Q13127
419,ruvbl2
419,Description: Protein: RuvB like AAA ATPase 2; UniProtID: Q9Y230
419,s100a12
419,Description: Protein: Protein S100-A12; UniProtID: P80511
420,s100b
420,Description: Protein: S100 calcium binding protein B; UniProtID: P04271
420,saa1
420,Description: Protein: Serum amyloid A-1 protein; UniProtID: P0DJI8
420,sfrp1
420,Description: Protein: Secreted frizzled-related protein 1; UniProtID: Q8N474
420,sftpd
420,Description: Protein: Pulmonary surfactant-associated protein D; UniProtID: P35247
420,slit2
420,Description: Protein: Slit homolog 2 protein; UniProtID: O94813
420,smoc1
420,Description: Protein: SPARC-related modular calcium-binding protein 1; UniProtID:
420,Q9H4F8
420,snap25
420,Description: Protein: Synaptosomal-associated protein 25; UniProtID: P60880
420,snca
420,Description: Protein: Alpha-synuclein; UniProtID: P37840
420,sncb
420,Description: Protein: Synuclein beta; UniProtID: Q16143
421,sod1
421,Description: Protein: Superoxide dismutase [Cu-Zn]; UniProtID: P00441
421,sqstm1
421,Description: Protein: Sequestosome-1; UniProtID: Q13501
421,tafa5
421,Description: Protein: Chemokine-like protein TAFA-5; UniProtID: Q7Z5A7
421,tardbp
421,Description: Protein: TAR DNA-binding protein 43; UniProtID: Q13148
421,tek
421,Description: Protein: Angiopoietin-1 receptor; UniProtID: Q02763
421,timp3
421,Description: Protein: Metalloproteinase inhibitor 3; UniProtID: P35625
421,tnf
421,Description: Protein: Tumor necrosis factor; UniProtID: P01375
421,trem1
421,Description: Protein: Triggering receptor expressed on myeloid cells 1; UniProtID:
421,Q9NP99
422,trem2
422,Description: Protein: Triggering receptor expressed on myeloid cells 2; UniProtID:
422,Q9NZC2
422,ubb
422,Description: Protein: Polyubiquitin-B; UniProtID: P0CG47
422,uchl1
422,Description: Protein: Ubiquitin carboxyl-terminal hydrolase isozyme L1; UniProtID:
422,P09936
422,vcam1
422,Description: Protein: Vascular cell adhesion protein 1; UniProtID: P19320
422,vegfa
422,Description: Protein: Vascular endothelial growth factor A; UniProtID: P15692
422,vegfd
422,Description: Protein: Vascular endothelial growth factor D; UniProtID: O43915
422,vgf
422,Description: Protein: VGF nerve growth factor inducible; UniProtID: O15240
422,visit
422,Description: Visit number; where visit = 1 indicates baseline visit and visit = 2 indicates
422,"the first follow-up visit two years after baseline visit.; 1 = Baseline, 2–n = Follow-up visits"
422,corresponding to Year 2 through Year n
423,vsnl1
423,Description: Protein: Visinin-like protein 1; UniProtID: P62760
423,ywhag
423,Description: Protein: Tyrosine 3-monooxygenase/tryptophan 5-monooxygenase activation
423,protein gamma; UniProtID: P61981
423,ywhaz
423,Description: Protein: 14-3-3 protein zeta/delta; UniProtID: P63104
423,PHQ9
423,↑
423,Fields: 5
423,hml_id
423,Description: HML ID
423,mindcrowd_id
423,Description: MindCrowd ID
423,phq9_endorse_q9
423,Description: Did the participant endorse question 9?
423,phq9_total
423,Description: PHQ-9 TOTAL
424,visit
424,Description: Visit number; where visit = 1 indicates baseline visit and visit = 2 indicates
424,"the first follow-up visit two years after baseline visit.; 1 = Baseline, 2–n = Follow-up visits"
424,corresponding to Year 2 through Year n
424,Perceived_Stress_Raw_Data
424,↑
424,Fields: 14
424,hml_id
424,Description: HML ID
424,mindcrowd_id
424,Description: MindCrowd ID
424,stress_timestamp
424,Description: Stress Date timestamp
424,stress_v101
424,"Description: In the last month, how often have you been upset because of something that"
424,happened unexpectedly?
424,"Field Options: 0-Never, 1- Almost never, 2- Sometimes, 3- Fairly often, 4- Very often"
424,stress_v1010
424,"Description: In the last month, how often have you felt difficulties were piling up so high"
424,that you could not overcome them?
424,"Field Options: 0-Never, 1- Almost never, 2- Sometimes, 3- Fairly often, 4- Very often"
425,stress_v102
425,"Description: In the last month, how often have you felt that you were unable to control the"
425,important things in your life?
425,"Field Options: 0-Never, 1- Almost never, 2- Sometimes, 3- Fairly often, 4- Very often"
425,stress_v103
425,"Description: In the last month, how often have you felt nervous and “stressed”?"
425,"Field Options: 0-Never, 1- Almost never, 2- Sometimes, 3- Fairly often, 4- Very often"
425,stress_v104
425,"Description: In the last month, how often have you felt confident about your ability to"
425,handle your personal problems?
425,"Field Options: 0-Never, 1- Almost never, 2- Sometimes, 3- Fairly often, 4- Very often"
425,stress_v105
425,"Description: In the last month, how often have you felt that things were going your way?"
425,"Field Options: 0-Never, 1- Almost never, 2- Sometimes, 3- Fairly often, 4- Very often"
425,stress_v106
425,"Description: In the last month, how often have you found that you could not cope with all"
425,the things that you had to do?
425,"Field Options: 0-Never, 1- Almost never, 2- Sometimes, 3- Fairly often, 4- Very often"
425,stress_v107
425,"Description: In the last month, how often have you been able to control irritations in your"
425,life?
425,"Field Options: 0-Never, 1- Almost never, 2- Sometimes, 3- Fairly often, 4- Very often"
426,stress_v108
426,"Description: In the last month, how often have you felt that you were on top of things?"
426,"Field Options: 0-Never, 1- Almost never, 2- Sometimes, 3- Fairly often, 4- Very often"
426,stress_v109
426,"Description: In the last month, how often have you been angered because of things that"
426,were outside of your control?
426,"Field Options: 0-Never, 1- Almost never, 2- Sometimes, 3- Fairly often, 4- Very often"
426,visit
426,Description: Visit number; where visit = 1 indicates baseline visit and visit = 2 indicates
426,"the first follow-up visit two years after baseline visit.; 1 = Baseline, 2–n = Follow-up visits"
426,corresponding to Year 2 through Year n
426,Polygenic_Risk_Scores
426,↑
426,Fields: 149
426,hml_id
426,Description: HML ID
426,mindcrowd_id
426,Description: MindCrowd ID
426,absolute_neutrophil_count
426,Description: (Source field label: Absolute_neutrophil_count_GCST90012732)
426,adhd
426,Description: (Source field label: ADHD_GCST005362)
427,age_at_first_sexual_intercourse
427,Description: (Source field label: GCST90000045_Age_at_first_sexual_intercourse)
427,age_related_hearing_impairment_mtag
427,Description: (Source field label:
427,Age.related_hearing_impairment_MTAG_GCST90012115)
427,alanine_aminotransferase_levels
427,Description: (Source field label: Alanine_aminotransferase_levels_GCST90019492)
427,alcohol_consumption
427,Description: (Source field label: Alcohol_consumption_GCST90096892)
427,allergic_disease_asthma_hay_fever_or_eczema
427,Description: (Source field label:
427,Allergic_disease_asthma_hay_fever_or_eczema_GCST005038)
427,als
427,Description: (Source field label: ALS_GCST90027164)
427,alzheimers_disease_late_onset
427,Description: (Source field label: Alzheimers_disease_late_onset_GCST002245)
427,ambidextrousness
427,Description: (Source field label: Ambidextrousness_GCST90013420)
428,ankylosing_spondylitis
428,Description: (Source field label: GCST005529_Ankylosing_spondylitis)
428,anterior_lobe_of_cerebellar_volume_i_to_v_lobules
428,Description: (Source field label:
428,GCST90020191_Anterior_lobe_of_cerebellar_volume__including_I_to_V_lobules_)
428,aortic_measurement
428,Description: (Source field label: aortic_measurement_GCST90091051)
428,apolipoprotein_a1_levels
428,Description: (Source field label: Apolipoprotein_A1_levels_GCST90092808)
428,apolipoprotein_b_levels
428,Description: (Source field label: Apolipoprotein_B_levels_GCST90092809)
428,appendicular_lean_mass
428,Description: (Source field label: Appendicular_lean_mass_GCST90000025)
428,arterial_stiffness_index
428,Description: (Source field label: Arterial_stiffness_index_GCST008403)
428,ascending_aorta_diameter
428,Description: (Source field label: Ascending_aorta_diameter_GCST90091049)
428,ascending_thoracic_aortic_diameter
428,Description: (Source field label: Ascending_thoracic_aortic_diameter_GCST90094400)
429,asthma
429,Description: (Source field label: Asthma_GCST90029018)
429,atopic_dermatitis
429,Description: (Source field label: Atopic_dermatitis_GCST90027161)
429,atrial_fibrillation
429,Description: (Source field label: Atrial_fibrillation_GCST006414)
429,barretts_esophagus
429,Description: (Source field label: GCST003738_Barretts_esophagus)
429,basal_cell_carcinoma
429,Description: (Source field label: Basal_cell_carcinoma_GCST90013410)
429,basophil_count
429,Description: (Source field label: Basophil_count_GCST90002292)
429,bioavailable_testosterone_levels
429,Description: (Source field label: GCST90012102_Bioavailable_testosterone_levels)
429,biological_sex
429,Description: (Source field label: Biological_sex_GCST90013473)
429,bipolar_disorder
429,Description: (Source field label: Bipolar_disorder_GCST003724)
430,blood_urea_nitrogen_levels
430,Description: (Source field label: GCST90103632_Blood_urea_nitrogen_levels)
430,body_mass_index
430,Description: (Source field label: Body_mass_index_GCST006368)
430,brain_stem_volume_ukb_data_field_26526
430,Description: (Source field label:
430,Brain_stem_volume_UKB_data_field_26526_GCST90085819)
430,bread_type_other_type_of_bread_ukb_data_field_1448_4
430,Description: (Source field label:
430,Bread_type._Other_type_of_bread_UKB_data_field_1448_4_GCST90041790)
430,breast_cancer
430,Description: (Source field label: Breast_cancer_GCST004988)
430,c_reactive_protein_levels
430,Description: (Source field label: GCST90029070_C.reactive_protein_levels)
430,c_x_c_motif_chemokine_1_levels
430,Description: (Source field label: GCST90012019_C.X.C_motif_chemokine_1_levels)
430,cardioembolic_stroke
430,Description: (Source field label: Cardioembolic_stroke_GCST90104541)
431,cardiorespiratory_fitness_vo2_max
431,Description: (Source field label: Cardiorespiratory_fitness_vo2_max_GCST90093316)
431,cataracts
431,Description: (Source field label: Cataracts_GCST90014268)
431,celiac_disease
431,Description: (Source field label: Celiac_disease_GCST005523)
431,central_corneal_thickness
431,Description: (Source field label: GCST90000654_Central_corneal_thickness)
431,chest_pain_or_discomfort_ukb_data_field_2335_firth_correction
431,Description: (Source field label:
431,Chest_pain_or_discomfort_UKB_data_field_2335_Firth_correction_GCST90013912)
431,childhood_body_mass_index
431,Description: (Source field label: Childhood_body_mass_index_GCST90002409)
431,chronotype
431,Description: (Source field label: Chronotype_GCST003837)
431,circulating_alpha_klotho_measurement
431,Description: (Source field label:
431,circulating_alpha_Klotho_measurement_GCST90091247)
432,corneal_resistance_factor
432,Description: (Source field label: GCST90100568_Corneal_resistance_factor)
432,covid_19_release_4
432,Description: (Source field label: COVID.19_RELEASE_4_GCST010779)
432,cryptic_phenotype_alpha_1_antitrypsin_deficiency_severity
432,Description: (Source field label:
432,Cryptic_phenotype_that_captures_alpha_1_antitrypsin_deficiency_severity_GCST90101829)
432,cystatin_c_levels
432,Description: (Source field label: GCST90025945_Cystatin_C_levels)
432,daytime_nap
432,Description: (Source field label: Daytime_nap_GCST011494)
432,depression
432,Description: (Source field label: Depression_GCST90014436)
432,diseases_of_hair_and_hair_follicles_phecode_704
432,Description: (Source field label:
432,GCST90044529_Diseases_of_hair_and_hair_follicles__PheCode_704_)
432,dna_methylation_estimated_granulocyte_proportions
432,Description: (Source field label:
432,GCST90014287_DNA_methylation.estimated_granulocyte_proportions)
433,early_age_related_macular_degeneration
433,Description: (Source field label: GCST010723_Early_age.related_macular_degeneration)
433,educational_attainment
433,Description: (Source field label: Educational_attainment_GCST002598)
433,endometrial_cancer_endometrioid_histology
433,Description: (Source field label:
433,GCST006465_Endometrial_cancer__endometrioid_histology_)
433,eosinophil_percentage_of_white_cells
433,Description: (Source field label: Eosinophil_percentage_of_white_cells_GCST004600)
433,estimated_glomerular_filtration_rate_creatinine
433,Description: (Source field label:
433,Estimated_glomerular_filtration_rate_creatinine_GCST90026654)
433,estradiol_levels
433,Description: (Source field label: GCST90020091_Estradiol_levels)
433,falling_risk
433,Description: (Source field label: GCST90012857_Falling_risk)
433,familial_hyperlipidemia_brunzell_criteria
433,Description: (Source field label:
433,GCST90104003_Familial_combined_hyperlipidemia_defined_by_Brunzell_criteria)
434,frailty_index
434,Description: (Source field label: GCST90020053_Frailty_index)
434,frozen_shoulder
434,Description: (Source field label: Frozen_shoulder_GCST90000512)
434,fructosamine_levels
434,Description: (Source field label: GCST90017143_Fructosamine_levels)
434,gastroesophageal_reflux_disease
434,Description: (Source field label: GCST90000514_Gastroesophageal_reflux_disease)
434,glaucoma_primary_open_angle
434,Description: (Source field label: Glaucoma_primary_open.angle_GCST90011767)
434,haemorrhoidal_disease
434,Description: (Source field label: GCST90014033_Haemorrhoidal_disease)
434,headache
434,Description: (Source field label: headache_GCST90013917)
434,heart_rate_increase_in_response_to_exercise
434,Description: (Source field label:
434,Heart_rate_increase_in_response_to_exercise_GCST005845)
434,heel_bone_mineral_density
434,Description: (Source field label: GCST006979_Heel_bone_mineral_density)
435,height
435,Description: (Source field label: Height_GCST90095038)
435,hemoglobin_a1c_levels
435,Description: (Source field label: Hemoglobin_A1c_levels_GCST90018813)
435,high_light_scatter_reticulocyte_count
435,Description: (Source field label: High_light_scatter_reticulocyte_count_GCST90025970)
435,idiopathic_pulmonary_fibrosis
435,Description: (Source field label: Idiopathic_pulmonary_fibrosis_GCST90018120)
435,intelligence
435,Description: (Source field label: Intelligence_GCST006250)
435,interleukin_8_levels
435,Description: (Source field label: Interleukin.8_levels_GCST90011994)
435,intrahepatic_cholestasis_of_pregnancy
435,Description: (Source field label: Intrahepatic_cholestasis_of_pregnancy_GCST90095084)
435,irritable_bowel_syndrome
435,Description: (Source field label: Irritable_bowel_syndrome_GCST90016564)
435,keratoconus
435,Description: (Source field label: Keratoconus_GCST90013442)
436,knee_osteoarthritis
436,Description: (Source field label: Knee_osteoarthritis_GCST007090)
436,lacunar_stroke
436,Description: (Source field label: GCST90014122_Lacunar_stroke)
436,leisure_screen_time
436,Description: (Source field label: Leisure_screen_time_GCST90104339)
436,liver_enzyme_levels_alanine_transaminase
436,Description: (Source field label:
436,GCST90013405_Liver_enzyme_levels__alanine_transaminase_)
436,liver_fat
436,Description: (Source field label: GCST90029073_Liver_fat)
436,liver_volume
436,Description: (Source field label: GCST90016666_Liver_volume)
436,low_density_lipoprotein_cholesterol_levels
436,Description: (Source field label:
436,GCST90002412_Low_density_lipoprotein_cholesterol_levels)
436,low_hand_grip_strength_60_years_and_older_ewgsop
436,Description: (Source field label:
436,Low_hand_grip_strength_60_years_and_older_EWGSOP_GCST90007526)
437,lung_function_fvc
437,Description: (Source field label: Lung_function_FVC_GCST007429)
437,lymphocyte_counts
437,Description: (Source field label: Lymphocyte_counts_GCST90002316)
437,major_depressive_disorder
437,Description: (Source field label: Major_depressive_disorder_GCST009979)
437,male_pattern_baldness
437,Description: (Source field label: Male.pattern_baldness_GCST006661)
437,marzipan_liking
437,Description: (Source field label: Marzipan_liking_GCST90094797)
437,medication_use_agents_acting_on_the_renin_angiotensin_system
437,Description: (Source field label:
437,Medication_use_agents_acting_on_the_renin.angiotensin_system_GCST90018988)
437,menarche_age_at_onset
437,Description: (Source field label: Menarche_age_at_onset_GCST90029036)
437,migraine
437,Description: (Source field label: migraine_GCST90038646)
437,mitochondrial_dna_copy_number
437,Description: (Source field label: Mitochondrial_DNA_copy_number_GCST90026371)
438,moderate_to_vigorous_intensity_physical_activity_leisure_time
438,Description: (Source field label:
438,Moderate_to_vigorous_intensity_physical_activity_during_leisure_time_GCST90104342)
438,multiple_sclerosis
438,Description: (Source field label: Multiple_sclerosis_GCST005531)
438,myasthenia_gravis
438,Description: (Source field label: GCST90093061_Myasthenia_gravis)
438,myeloid_white_cell_count
438,Description: (Source field label: GCST004626_Myeloid_white_cell_count)
438,myeloproliferative_neoplasms
438,Description: (Source field label: GCST90000032_Myeloproliferative_neoplasms)
438,myocardial_infarction
438,Description: (Source field label: Myocardial_infarction_GCST011365)
438,neurociticism
438,Description: (Source field label: GCST006940_Neurociticism)
438,nonalcoholic_fatty_liver_disease
438,Description: (Source field label: GCST90091033_Nonalcoholic_fatty_liver_disease)
439,noncognitive_aspects_of_educational_attainment
439,Description: (Source field label:
439,Noncognitive_aspects_of_educational_attainment_GCST90011874)
439,occupational_attainment
439,Description: (Source field label: Occupational_attainment_GCST90102253)
439,offspring_birth_weight
439,Description: (Source field label: Offspring_birth_weight_GCST005314)
439,optic_cup_area
439,Description: (Source field label: Optic_cup_area_GCST004137)
439,osteoarthritis_self_reported
439,Description: (Source field label: Osteoarthritis_self.reported_GCST005811)
439,p_wave_terminal_force
439,Description: (Source field label: P_wave_terminal_force_GCST004824)
439,parental_longevity_parental_attained_age_martingale_residuals
439,Description: (Source field label:
439,Parental_longevity_combined_parental_attained_age_Martingale_residuals_GCST006697)
439,pelvic_organ_prolapse
439,Description: (Source field label: Pelvic_organ_prolapse_GCST90102470)
440,percentage_of_invited_food_questionnaires_completed
440,Description: (Source field label:
440,Percentage_of_invited_food_questionnaires_completed_GCST90012790)
440,physical_activity_total_log_acceleration
440,Description: (Source field label:
440,Physical_activity_Total_log_acceleration_GCST90061408)
440,polycystic_ovary_syndrome_adjusted_for_age
440,Description: (Source field label:
440,Polycystic_ovary_syndrome_adjusted_for_age_GCST90044902)
440,primary_biliary_cholangitis
440,Description: (Source field label: GCST90061440_Primary_biliary_cholangitis)
440,psoriasis
440,Description: (Source field label: Psoriasis_GCST90019016)
440,pulmonary_embolism_spa_correction
440,Description: (Source field label:
440,GCST90013937_Pulmonary_embolism__SPA_correction_)
440,pulmonary_fibrosis
440,Description: (Source field label: Pulmonary_fibrosis_GCST90018783)
440,reaction_time
440,Description: (Source field label: GCST006268_Reaction_time)
441,red_cell_distribution_width
441,Description: (Source field label: Red_cell_distribution_width_GCST90002404)
441,retinal_nerve_fibre_layer_rnfl_thickness
441,Description: (Source field label:
441,GCST90014266_Retinal_nerve_fibre_layer__RNFL__thickness)
441,salad_dressing_liking
441,Description: (Source field label: Salad_dressing_liking_GCST90094822)
441,self_rated_health
441,Description: (Source field label: GCST006620_Self.rated_health)
441,self_reported_risk_taking_behaviour
441,Description: (Source field label: Self.reported_risk.taking_behaviour_GCST006810)
441,serum_25_hydroxyvitamin_d_levels
441,Description: (Source field label: Serum_25.Hydroxyvitamin_D_levels_GCST010144)
441,serum_total_protein_level
441,Description: (Source field label: Serum_total_protein_level_GCST90025995)
441,skin_and_soft_tissue_infections
441,Description: (Source field label: Skin_and_soft_tissue_infections_GCST90013411)
441,sleep_duration
441,Description: (Source field label: Sleep_duration_GCST007561)
442,small_vessel_stroke
442,Description: (Source field label: Small_vessel_stroke_GCST90104537)
442,snoring
442,Description: (Source field label: Snoring_GCST009761)
442,spleen_iron_concentration
442,Description: (Source field label: GCST90101831_Spleen_iron_concentration)
442,stool_frequency
442,Description: (Source field label: GCST90002250_Stool_frequency)
442,stroke
442,Description: (Source field label: Stroke_GCST005838)
442,subjective_well_being
442,Description: (Source field label: Subjective_well_being_GCST90104898)
442,tnf_related_activation_induced_cytokine_levels
442,Description: (Source field label:
442,TNF_related_activation_induced_cytokine_levels_GCST90012044)
442,total_body_bone_mineral_density
442,Description: (Source field label: GCST005348_Total_body_bone_mineral_density)
442,total_cerebellar_volume
442,Description: (Source field label: Total_cerebellar_volume_GCST90105075)
443,trigger_finger
443,Description: (Source field label: Trigger_finger_GCST90104907)
443,two_hour_glucose
443,Description: (Source field label: GCST90002227_Two.hour_glucose)
443,type_1_diabetes
443,Description: (Source field label: Type_1_diabetes_GCST90014023)
443,type_1_or_type_2_diabetes_pleiotropy
443,Description: (Source field label:
443,Type_1_or_type_2_diabetes_pleiotropy_GCST90000529)
443,type_2_diabetes
443,Description: (Source field label: Type_2_diabetes_GCST007515)
443,ulcerative_colitis
443,Description: (Source field label: Ulcerative_colitis_GCST003045)
443,ultradistal_forearm_bone_mineral_density
443,Description: (Source field label:
443,Ultradistal_forearm_bone_mineral_density_GCST90013422)
443,urinary_potassium_excretion
443,Description: (Source field label: Urinary_potassium_excretion_GCST90019517)
444,uveitis
444,Description: (Source field label: Uveitis_GCST90018938)
444,visit
444,Description: Visit number; where visit = 1 indicates baseline visit and visit = 2 indicates
444,"the first follow-up visit two years after baseline visit.; 1 = Baseline, 2–n = Follow-up visits"
444,corresponding to Year 2 through Year n
444,QPAR_Survey_Raw_Data
444,↑
444,Fields: 24
444,hml_id
444,Description: HML ID
444,mindcrowd_id
444,Description: MindCrowd ID
444,qpar_timestamp
444,Description: QPAR Date timestamp
444,qpar_v101
444,"Description: How many days per week: Participate in sitting activities such as reading,"
444,"book clubs, discussion groups, or handicrafts."
444,"Field Options: 0-Never (0 Days), 1- Seldom (1-2 Days), 2- Sometimes (3-4 Days),"
444,3- Often (5-7 Days)
445,qpar_v1010
445,Description: How many hours per day: Walk outside for any reason such as fun or
445,exercise walking the dog in a mall or around a track
445,"Field Options: 0- Less than 1 hour, 1- 1-2 hours, 2- More than 2 hours"
445,qpar_v1011
445,"Description: How many hours per day: Engage in light activities such as bowling, billiards,"
445,"golf with a cart, fishing, or playing catch."
445,"Field Options: 0- Less than 1 hour, 1- 1-2 hours, 2- More than 2 hours"
445,qpar_v1012
445,Description: How many hours per day: Engage in moderate activities such as doubles
445,"tennis, dancing, hunting, skating, golf without a cart, or hiking on flat terrain."
445,"Field Options: 0- Less than 1 hour, 1- 1-2 hours, 2- More than 2 hours"
445,qpar_v1013
445,"Description: How many hours per day: Engage in strenuous activities such as jogging,"
445,"swimming, cycling, singles tennis, skiiing, hiking on hilly terrain, or climbing stairs for"
445,exercise.
445,"Field Options: 0- Less than 1 hour, 1- 1-2 hours, 2- More than 2 hours"
445,qpar_v1014
445,Description: How many hours per day: Any exercises to increase muscle strength or
445,"endurance, such as lifting weights, pushups, pullups, or chin-ups."
445,"Field Options: 0- Less than 1 hour, 1- 1-2 hours, 2- More than 2 hours"
445,qpar_v1015
445,"Description: How many hours per day: Engage in flexibility activities such as stretching,"
445,"yoga, chair yoga, or Tai Chi."
445,"Field Options: 0- Less than 1 hour, 1- 1-2 hours, 2- More than 2 hours"
446,qpar_v1016
446,"Description: How many hours per day: Any light housework or labor, such as dusting,"
446,"washing dishes, mopping floors, ironing, or office work."
446,"Field Options: 0- Less than 1 hour, 1- 1-2 hours, 2- More than 2 hours"
446,qpar_v1017
446,"Description: Any moderate housework or labor such as vacuuming, washing windows,"
446,"scrubbing floors, laundry, or moderate manual labor."
446,"Field Options: 0 - Never (0 Days), 1 - Seldom (1-2 Days), 2 - Sometimes (3-4 Days),"
446,3 - Often (5-7 Days)
446,qpar_v1018
446,Description: Any light housework or labor such as dusting washing dishes mopping floors
446,ironing or office work
446,"Field Options: 0- Less than 1 hour, 1- 1-2 hours, 2- More than 2 hours"
446,qpar_v1019
446,"Description: Any heavy housework or labor such as home repairs, painting, yard work,"
446,"moving furniture, or heavy manual labor."
446,"Field Options: 0 - Never (0 Days), 1 - Seldom (1-2 Days), 2 - Sometimes (3-4 Days),"
446,3 - Often (5-7 Days)
446,qpar_v102
446,Description: How many days per week: Walk outside for any reason such as fun or
446,"exercise, walking the dog, in a mall, or around a track or path"
446,"Field Options: 0-Never (0 Days), 1- Seldom (1-2 Days), 2- Sometimes (3-4 Days),"
446,3- Often (5-7 Days)
447,qpar_v1020
447,"Description: Any heavy housework or labor such as home repairs, painting, yard work,"
447,"moving furniture, or heavy manual labor."
447,"Field Options: 0- Less than 1 hour, 1- 1-2 hours, 2- More than 2 hours"
447,qpar_v103
447,"Description: How many days per week: Engage in light activities such as bowling,"
447,"billiards, golf with a cart, fishing, or playing catch."
447,"Field Options: 0-Never (0 Days), 1- Seldom (1-2 Days), 2- Sometimes (3-4 Days),"
447,3- Often (5-7 Days)
447,qpar_v104
447,Description: How many days per week: Engage in moderate activities such as doubles
447,"tennis, dancing, hunting, skating, golf without a cart, or hiking on flat terrain."
447,"Field Options: 0-Never (0 Days), 1- Seldom (1-2 Days), 2- Sometimes (3-4 Days),"
447,3- Often (5-7 Days)
447,qpar_v105
447,"Description: How many days per week: Engage in strenuous activities such as jogging,"
447,"swimming, cycling, singles tennis, skiiing, hiking on hilly terrain, or climbing stairs for"
447,exercise.
447,"Field Options: 0-Never (0 Days), 1- Seldom (1-2 Days), 2- Sometimes (3-4 Days),"
447,3- Often (5-7 Days)
447,qpar_v106
447,Description: How many days per week: Any exercises to increase muscle strength or
447,"endurance, such as lifting weights, pushups, pullups, or chin-ups."
447,"Field Options: 0-Never (0 Days), 1- Seldom (1-2 Days), 2- Sometimes (3-4 Days),"
447,3- Often (5-7 Days)
448,qpar_v107
448,"Description: How many days per week: Engage in flexibility activities such as stretching,"
448,"yoga, chair yoga, or Tai Chi."
448,"Field Options: 0-Never (0 Days), 1- Seldom (1-2 Days), 2- Sometimes (3-4 Days),"
448,3- Often (5-7 Days)
448,qpar_v108
448,"Description: How many days per week: Any light housework or labor, such as dusting,"
448,"washing dishes, mopping floors, ironing, or office work."
448,"Field Options: 0-Never (0 Days), 1- Seldom (1-2 Days), 2- Sometimes (3-4 Days),"
448,3- Often (5-7 Days)
448,qpar_v109
448,"Description: How many hours per day: Participate in sitting activities such as reading,"
448,"book clubs, discussion groups, or handicrafts."
448,"Field Options: 0- Less than 1 hour, 1- 1-2 hours, 2- More than 2 hours"
448,visit
448,Description: Visit number; where visit = 1 indicates baseline visit and visit = 2 indicates
448,"the first follow-up visit two years after baseline visit.; 1 = Baseline, 2–n = Follow-up visits"
448,corresponding to Year 2 through Year n
448,Resting_State_fMRI
448,↑
448,Fields: 24
448,hml_id
448,Description: HML ID
449,cerebintra_cont
449,Description: Cerebellar Intra-regional functional connectivity (pearson correlation) of
449,Control (Cont) Network
449,cerebintra_def
449,Description: Cerebellar Intra-regional functional connectivity (pearson correlation) of
449,Default Mode (Def) Network
449,cerebintra_dorsattn
449,Description: Cerebellar Intra-regional functional connectivity (pearson correlation) of
449,DorsalAttention(DorsAttn) Network
449,cerebintra_limbic
449,Description: Cerebellar Intra-regional functional connectivity (pearson correlation) of
449,Limbic (Limbic) Network
449,cerebintra_salventattn
449,Description: Cerebellar Intra-regional functional connectivity (pearson correlation) of
449,Salience/VentralAttention (SalVentAttn) Network
449,cerebintra_sommot
449,Description: Cerebellar Intra-regional functional connectivity (pearson correlation) of
449,SomatoMotor (SomMot) Network
449,cerebintra_vis
449,Description: Cerebellar Intra-regional functional connectivity (pearson correlation) of
449,Visual (Vis) Network
450,corticalintra_cont
450,Description: Cortical Intra-regional functional connectivity (pearson correlation) of Control
450,(Cont) Network
450,corticalintra_def
450,Description: Cortical Intra-regional functional connectivity (pearson correlation) of Default
450,Mode (Def) Network
450,corticalintra_dorsattn
450,Description: Cortical Intra-regional functional connectivity (pearson correlation) of
450,DorsalAttention(DorsAttn) Network
450,corticalintra_limbic
450,Description: Cortical Intra-regional functional connectivity (pearson correlation) of Limbic
450,(Limbic) Network
450,corticalintra_salventattn
450,Description: Cortical Intra-regional functional connectivity (pearson correlation) of
450,Salience/VentralAttention (SalVentAttn) Network
450,corticalintra_sommot
450,Description: Cortical Intra-regional functional connectivity (pearson correlation) of
450,SomatoMotor (SomMot) Network
450,corticalintra_vis
450,Description: Cortical Intra-regional functional connectivity (pearson correlation) of Visual
450,(Vis) Network
451,session_id
451,Description: BIDS Session ID
451,site
451,Description: PAN Site
451,wholeintra_cont
451,Description: Intra-regional functional connectivity (pearson correlation) of Control (Cont)
451,Network
451,wholeintra_def
451,Description: Intra-regional functional connectivity (pearson correlation) of Default Mode
451,(Def) Network
451,wholeintra_dorsattn
451,Description: Intra-regional functional connectivity (pearson correlation) of
451,DorsalAttention(DorsAttn) Network
451,wholeintra_limbic
451,Description: Intra-regional functional connectivity (pearson correlation) of Limbic (Limbic)
451,Network
451,wholeintra_salventattn
451,Description: Intra-regional functional connectivity (pearson correlation) of Salience/
451,VentralAttention (SalVentAttn) Network
452,wholeintra_sommot
452,Description: Intra-regional functional connectivity (pearson correlation) of SomatoMotor
452,(SomMot) Network
452,wholeintra_vis
452,Description: Intra-regional functional connectivity (pearson correlation) of Visual (Vis)
452,Network
452,Resting_State_fMRI_corticocereb
452,↑
452,Fields: 94
452,hml_id
452,Description: HML ID
452,cereb_cont_cereb_dorsattn
452,Description: inter-regional connectivity (pearson correlation) b/w Cerebellar Cont and
452,Cerebellar DorsAttn networks
452,cereb_cont_cereb_limbic
452,Description: inter-regional connectivity (pearson correlation) b/w Cerebellar Cont and
452,Cerebellar Limbic networks
452,cereb_cont_cereb_salventattn
452,Description: inter-regional connectivity (pearson correlation) b/w Cerebellar Cont and
452,Cerebellar SalVentAttn networks
453,cereb_def_cereb_cont
453,Description: inter-regional connectivity (pearson correlation) b/w Cerebellar Def and
453,Cerebellar Cont networks
453,cereb_def_cereb_dorsattn
453,Description: inter-regional connectivity (pearson correlation) b/w Cerebellar Def and
453,Cerebellar DorsAttn networks
453,cereb_def_cereb_limbic
453,Description: inter-regional connectivity (pearson correlation) b/w Cerebellar Def and
453,Cerebellar Limbic networks
453,cereb_def_cereb_salventattn
453,Description: inter-regional connectivity (pearson correlation) b/w Cerebellar Def and
453,Cerebellar SalVentAttn networks
453,cereb_def_cereb_sommot
453,Description: inter-regional connectivity (pearson correlation) b/w Cerebellar Def and
453,Cerebellar SomMot networks
453,cereb_dorsattn_cereb_limbic
453,Description: inter-regional connectivity (pearson correlation) b/w Cerebellar DorsAttn and
453,Cerebellar Limbic networks
453,cereb_dorsattn_cereb_salventattn
453,Description: inter-regional connectivity (pearson correlation) b/w Cerebellar DorsAttn and
453,Cerebellar SalVentAttn networks
454,cereb_limbic_cereb_salventattn
454,Description: inter-regional connectivity (pearson correlation) b/w Cerebellar Limbic and
454,Cerebellar SalVentAttn networks
454,cereb_sommot_cereb_cont
454,Description: inter-regional connectivity (pearson correlation) b/w Cerebellar SomMot and
454,Cerebellar Cont networks
454,cereb_sommot_cereb_dorsattn
454,Description: inter-regional connectivity (pearson correlation) b/w Cerebellar SomMot and
454,Cerebellar DorsAttn networks
454,cereb_sommot_cereb_limbic
454,Description: inter-regional connectivity (pearson correlation) b/w Cerebellar SomMot and
454,Cerebellar Limbic networks
454,cereb_sommot_cereb_salventattn
454,Description: inter-regional connectivity (pearson correlation) b/w Cerebellar SomMot and
454,Cerebellar SalVentAttn networks
454,cereb_vis_cereb_cont
454,Description: inter-regional connectivity (pearson correlation) b/w Cerebellar Vis and
454,Cerebellar Cont networks
454,cereb_vis_cereb_def
454,Description: inter-regional connectivity (pearson correlation) b/w Cerebellar Vis and
454,Cerebellar Def networks
455,cereb_vis_cereb_dorsattn
455,Description: inter-regional connectivity (pearson correlation) b/w Cerebellar Vis and
455,Cerebellar DorsAttn networks
455,cereb_vis_cereb_limbic
455,Description: inter-regional connectivity (pearson correlation) b/w Cerebellar Vis and
455,Cerebellar Limbic networks
455,cereb_vis_cereb_salventattn
455,Description: inter-regional connectivity (pearson correlation) b/w Cerebellar Vis and
455,Cerebellar SalVentAttn networks
455,cereb_vis_cereb_sommot
455,Description: inter-regional connectivity (pearson correlation) b/w Cerebellar Vis and
455,Cerebellar SomMot networks
455,cortical_cont_cereb_cont
455,Description: inter-regional connectivity (pearson correlation) b/w Cortical Cont and
455,Cerebellar Cont networks
455,cortical_cont_cereb_def
455,Description: inter-regional connectivity (pearson correlation) b/w Cortical Cont and
455,Cerebellar Def networks
455,cortical_cont_cereb_dorsattn
455,Description: inter-regional connectivity (pearson correlation) b/w Cortical Cont and
455,Cerebellar DorsAttn networks
456,cortical_cont_cereb_limbic
456,Description: inter-regional connectivity (pearson correlation) b/w Cortical Cont and
456,Cerebellar Limbic networks
456,cortical_cont_cereb_salventattn
456,Description: inter-regional connectivity (pearson correlation) b/w Cortical Cont and
456,Cerebellar SalVentAttn networks
456,cortical_cont_cereb_sommot
456,Description: inter-regional connectivity (pearson correlation) b/w Cortical Cont and
456,Cerebellar SomMot networks
456,cortical_cont_cereb_vis
456,Description: inter-regional connectivity (pearson correlation) b/w Cortical Cont and
456,Cerebellar Vis networks
456,cortical_cont_cortical_dorsattn
456,Description: inter-regional connectivity (pearson correlation) b/w Cortical Cont and
456,Cortical DorsAttn networks
456,cortical_cont_cortical_limbic
456,Description: inter-regional connectivity (pearson correlation) b/w Cortical Cont and
456,Cortical Limbic networks
456,cortical_cont_cortical_salventattn
456,Description: inter-regional connectivity (pearson correlation) b/w Cortical Cont and
456,Cortical SalVentAttn networks
457,cortical_def_cereb_cont
457,Description: inter-regional connectivity (pearson correlation) b/w Cortical Def and
457,Cerebellar Cont networks
457,cortical_def_cereb_def
457,Description: inter-regional connectivity (pearson correlation) b/w Cortical Def and
457,Cerebellar Def networks
457,cortical_def_cereb_dorsattn
457,Description: inter-regional connectivity (pearson correlation) b/w Cortical Def and
457,Cerebellar DorsAttn networks
457,cortical_def_cereb_limbic
457,Description: inter-regional connectivity (pearson correlation) b/w Cortical Def and
457,Cerebellar Limbic networks
457,cortical_def_cereb_salventattn
457,Description: inter-regional connectivity (pearson correlation) b/w Cortical Def and
457,Cerebellar SalVentAttn networks
457,cortical_def_cereb_sommot
457,Description: inter-regional connectivity (pearson correlation) b/w Cortical Def and
457,Cerebellar SomMot networks
457,cortical_def_cereb_vis
457,Description: inter-regional connectivity (pearson correlation) b/w Cortical Def and
457,Cerebellar Vis networks
458,cortical_def_cortical_cont
458,Description: inter-regional connectivity (pearson correlation) b/w Cortical Def and Cortical
458,Cont networks
458,cortical_def_cortical_dorsattn
458,Description: inter-regional connectivity (pearson correlation) b/w Cortical Def and Cortical
458,DorsAttn networks
458,cortical_def_cortical_limbic
458,Description: inter-regional connectivity (pearson correlation) b/w Cortical Def and Cortical
458,Limbic networks
458,cortical_def_cortical_salventattn
458,Description: inter-regional connectivity (pearson correlation) b/w Cortical Def and Cortical
458,SalVentAttn networks
458,cortical_def_cortical_sommot
458,Description: inter-regional connectivity (pearson correlation) b/w Cortical Def and Cortical
458,SomMot networks
458,cortical_dorsattn_cereb_cont
458,Description: inter-regional connectivity (pearson correlation) b/w Cortical DorsAttn and
458,Cerebellar Cont networks
458,cortical_dorsattn_cereb_def
458,Description: inter-regional connectivity (pearson correlation) b/w Cortical DorsAttn and
458,Cerebellar Def networks
459,cortical_dorsattn_cereb_dorsattn
459,Description: inter-regional connectivity (pearson correlation) b/w Cortical DorsAttn and
459,Cerebellar DorsAttn networks
459,cortical_dorsattn_cereb_limbic
459,Description: inter-regional connectivity (pearson correlation) b/w Cortical DorsAttn and
459,Cerebellar Limbic networks
459,cortical_dorsattn_cereb_salventattn
459,Description: inter-regional connectivity (pearson correlation) b/w Cortical DorsAttn and
459,Cerebellar SalVentAttn networks
459,cortical_dorsattn_cereb_sommot
459,Description: inter-regional connectivity (pearson correlation) b/w Cortical DorsAttn and
459,Cerebellar SomMot networks
459,cortical_dorsattn_cereb_vis
459,Description: inter-regional connectivity (pearson correlation) b/w Cortical DorsAttn and
459,Cerebellar Vis networks
459,cortical_dorsattn_cortical_limbic
459,Description: inter-regional connectivity (pearson correlation) b/w Cortical DorsAttn and
459,Cortical Limbic networks
459,cortical_dorsattn_cortical_salventattn
459,Description: inter-regional connectivity (pearson correlation) b/w Cortical DorsAttn and
459,Cortical SalVentAttn networks
460,cortical_limbic_cereb_cont
460,Description: inter-regional connectivity (pearson correlation) b/w Cortical Limbic and
460,Cerebellar Cont networks
460,cortical_limbic_cereb_def
460,Description: inter-regional connectivity (pearson correlation) b/w Cortical Limbic and
460,Cerebellar Def networks
460,cortical_limbic_cereb_dorsattn
460,Description: inter-regional connectivity (pearson correlation) b/w Cortical Limbic and
460,Cerebellar DorsAttn networks
460,cortical_limbic_cereb_limbic
460,Description: inter-regional connectivity (pearson correlation) b/w Cortical Limbic and
460,Cerebellar Limbic networks
460,cortical_limbic_cereb_salventattn
460,Description: inter-regional connectivity (pearson correlation) b/w Cortical Limbic and
460,Cerebellar SalVentAttn networks
460,cortical_limbic_cereb_sommot
460,Description: inter-regional connectivity (pearson correlation) b/w Cortical Limbic and
460,Cerebellar SomMot networks
460,cortical_limbic_cereb_vis
460,Description: inter-regional connectivity (pearson correlation) b/w Cortical Limbic and
460,Cerebellar Vis networks
461,cortical_limbic_cortical_salventattn
461,Description: inter-regional connectivity (pearson correlation) b/w Cortical Limbic and
461,Cortical SalVentAttn networks
461,cortical_salventattn_cereb_cont
461,Description: inter-regional connectivity (pearson correlation) b/w Cortical SalVentAttn and
461,Cerebellar Cont networks
461,cortical_salventattn_cereb_def
461,Description: inter-regional connectivity (pearson correlation) b/w Cortical SalVentAttn and
461,Cerebellar Def networks
461,cortical_salventattn_cereb_dorsattn
461,Description: inter-regional connectivity (pearson correlation) b/w Cortical SalVentAttn and
461,Cerebellar DorsAttn networks
461,cortical_salventattn_cereb_limbic
461,Description: inter-regional connectivity (pearson correlation) b/w Cortical SalVentAttn and
461,Cerebellar Limbic networks
461,cortical_salventattn_cereb_salventattn
461,Description: inter-regional connectivity (pearson correlation) b/w Cortical SalVentAttn and
461,Cerebellar SalVentAttn networks
461,cortical_salventattn_cereb_sommot
461,Description: inter-regional connectivity (pearson correlation) b/w Cortical SalVentAttn and
461,Cerebellar SomMot networks
462,cortical_salventattn_cereb_vis
462,Description: inter-regional connectivity (pearson correlation) b/w Cortical SalVentAttn and
462,Cerebellar Vis networks
462,cortical_sommot_cereb_cont
462,Description: inter-regional connectivity (pearson correlation) b/w Cortical SomMot and
462,Cerebellar Cont networks
462,cortical_sommot_cereb_def
462,Description: inter-regional connectivity (pearson correlation) b/w Cortical SomMot and
462,Cerebellar Def networks
462,cortical_sommot_cereb_dorsattn
462,Description: inter-regional connectivity (pearson correlation) b/w Cortical SomMot and
462,Cerebellar DorsAttn networks
462,cortical_sommot_cereb_limbic
462,Description: inter-regional connectivity (pearson correlation) b/w Cortical SomMot and
462,Cerebellar Limbic networks
462,cortical_sommot_cereb_salventattn
462,Description: inter-regional connectivity (pearson correlation) b/w Cortical SomMot and
462,Cerebellar SalVentAttn networks
462,cortical_sommot_cereb_sommot
462,Description: inter-regional connectivity (pearson correlation) b/w Cortical SomMot and
462,Cerebellar SomMot networks
463,cortical_sommot_cereb_vis
463,Description: inter-regional connectivity (pearson correlation) b/w Cortical SomMot and
463,Cerebellar Vis networks
463,cortical_sommot_cortical_cont
463,Description: inter-regional connectivity (pearson correlation) b/w Cortical SomMot and
463,Cortical Cont networks
463,cortical_sommot_cortical_dorsattn
463,Description: inter-regional connectivity (pearson correlation) b/w Cortical SomMot and
463,Cortical DorsAttn networks
463,cortical_sommot_cortical_limbic
463,Description: inter-regional connectivity (pearson correlation) b/w Cortical SomMot and
463,Cortical Limbic networks
463,cortical_sommot_cortical_salventattn
463,Description: inter-regional connectivity (pearson correlation) b/w Cortical SomMot and
463,Cortical SalVentAttn networks
463,cortical_vis_cereb_cont
463,Description: inter-regional connectivity (pearson correlation) b/w Cortical Vis and
463,Cerebellar Cont networks
463,cortical_vis_cereb_def
463,Description: inter-regional connectivity (pearson correlation) b/w Cortical Vis and
463,Cerebellar Def networks
464,cortical_vis_cereb_dorsattn
464,Description: inter-regional connectivity (pearson correlation) b/w Cortical Vis and
464,Cerebellar DorsAttn networks
464,cortical_vis_cereb_limbic
464,Description: inter-regional connectivity (pearson correlation) b/w Cortical Vis and
464,Cerebellar Limbic networks
464,cortical_vis_cereb_salventattn
464,Description: inter-regional connectivity (pearson correlation) b/w Cortical Vis and
464,Cerebellar SalVentAttn networks
464,cortical_vis_cereb_sommot
464,Description: inter-regional connectivity (pearson correlation) b/w Cortical Vis and
464,Cerebellar SomMot networks
464,cortical_vis_cereb_vis
464,Description: inter-regional connectivity (pearson correlation) b/w Cortical Vis and
464,Cerebellar Vis networks
464,cortical_vis_cortical_cont
464,Description: inter-regional connectivity (pearson correlation) b/w Cortical Vis and Cortical
464,Cont networks
464,cortical_vis_cortical_def
464,Description: inter-regional connectivity (pearson correlation) b/w Cortical Vis and Cortical
464,Def networks
465,cortical_vis_cortical_dorsattn
465,Description: inter-regional connectivity (pearson correlation) b/w Cortical Vis and Cortical
465,DorsAttn networks
465,cortical_vis_cortical_limbic
465,Description: inter-regional connectivity (pearson correlation) b/w Cortical Vis and Cortical
465,Limbic networks
465,cortical_vis_cortical_salventattn
465,Description: inter-regional connectivity (pearson correlation) b/w Cortical Vis and Cortical
465,SalVentAttn networks
465,cortical_vis_cortical_sommot
465,Description: inter-regional connectivity (pearson correlation) b/w Cortical Vis and Cortical
465,SomMot networks
465,session_id
465,Description: BIDS Session ID
465,site
465,Description: XNAT Site ID
465,Resting_State_fMRI_wholebrain
465,↑
465,Fields: 24
465,hml_id
465,Description: BIDS Session ID
466,site_id
466,Description: PAN Site
466,subject_id
466,Description: HML ID
466,wholeinter_cont_dorsattn
466,Description: Whole Brain Inter-regional functional connectivity (pearson correlation) b/w
466,Cont and DorsAttn networks
466,wholeinter_cont_limbic
466,Description: Whole Brain Inter-regional functional connectivity (pearson correlation) b/w
466,Cont and Limbic networks
466,wholeinter_cont_salventattn
466,Description: Whole Brain Inter-regional functional connectivity (pearson correlation) b/w
466,Cont and SalVentAttn networks
466,wholeinter_def_cont
466,Description: Whole Brain Inter-regional functional connectivity (pearson correlation) b/w
466,Def and Cont networks
466,wholeinter_def_dorsattn
466,Description: Whole Brain Inter-regional functional connectivity (pearson correlation) b/w
466,Def and DorsAttn networks
467,wholeinter_def_limbic
467,Description: Whole Brain Inter-regional functional connectivity (pearson correlation) b/w
467,Def and Limbic networks
467,wholeinter_def_salventattn
467,Description: Whole Brain Inter-regional functional connectivity (pearson correlation) b/w
467,Def and SalVentAttn networks
467,wholeinter_def_sommot
467,Description: Whole Brain Inter-regional functional connectivity (pearson correlation) b/w
467,Def and SomMot networks
467,wholeinter_dorsattn_limbic
467,Description: Whole Brain Inter-regional functional connectivity (pearson correlation) b/w
467,DorsAttn and Limbic networks
467,wholeinter_dorsattn_salventattn
467,Description: Whole Brain Inter-regional functional connectivity (pearson correlation) b/w
467,DorsAttn and SalVentAttn networks
467,wholeinter_limbic_salventattn
467,Description: Whole Brain Inter-regional functional connectivity (pearson correlation) b/w
467,Limbic and SalVentAttn networks
467,wholeinter_sommot_cont
467,Description: Whole Brain Inter-regional functional connectivity (pearson correlation) b/w
467,SomMot and Cont networks
468,wholeinter_sommot_dorsattn
468,Description: Whole Brain Inter-regional functional connectivity (pearson correlation) b/w
468,SomMot and DorsAttn networks
468,wholeinter_sommot_limbic
468,Description: Whole Brain Inter-regional functional connectivity (pearson correlation) b/w
468,SomMot and Limbic networks
468,wholeinter_sommot_salventattn
468,Description: Whole Brain Inter-regional functional connectivity (pearson correlation) b/w
468,SomMot and SalVentAttn networks
468,wholeinter_vis_cont
468,Description: Whole Brain Inter-regional functional connectivity (pearson correlation) b/w
468,Vis and Cont networks
468,wholeinter_vis_def
468,Description: Whole Brain Inter-regional functional connectivity (pearson correlation) b/w
468,Vis and Def networks
468,wholeinter_vis_dorsattn
468,Description: Whole Brain Inter-regional functional connectivity (pearson correlation) b/w
468,Vis and DorsAttn networks
468,wholeinter_vis_limbic
468,Description: Whole Brain Inter-regional functional connectivity (pearson correlation) b/w
468,Vis and Limbic networks
469,wholeinter_vis_salventattn
469,Description: Whole Brain Inter-regional functional connectivity (pearson correlation) b/w
469,Vis and SalVentAttn networks
469,wholeinter_vis_sommot
469,Description: Whole Brain Inter-regional functional connectivity (pearson correlation) b/w
469,Vis and SomMot networks
469,SWLS_Survey_Raw_Data
469,↑
469,Fields: 9
469,hml_id
469,Description: HML ID
469,mindcrowd_id
469,Description: MindCrowd ID
469,swls_timestamp
469,Description: SWLS Date timestamp
469,swls_v101
469,Description: In most ways my life is close to my ideal.
469,"Field Options: 1- Strongly disagree, 2- Disagree, 3- Slightly disagree, 4- Neither"
469,"agree not disagree, 5- Slightly agree, 6- Agree, 7- Strongly agree"
470,swls_v102
470,Description: The conditions of my life are excellent.
470,"Field Options: 1- Strongly disagree, 2- Disagree, 3- Slightly disagree, 4- Neither"
470,"agree not disagree, 5- Slightly agree, 6- Agree, 7- Strongly agree"
470,swls_v103
470,Description: I am satisfied with my life.
470,"Field Options: 1- Strongly disagree, 2- Disagree, 3- Slightly disagree, 4- Neither"
470,"agree not disagree, 5- Slightly agree, 6- Agree, 7- Strongly agree"
470,swls_v104
470,"Description: So far, I have gotten the important things I want in life."
470,"Field Options: 1- Strongly disagree, 2- Disagree, 3- Slightly disagree, 4- Neither"
470,"agree not disagree, 5- Slightly agree, 6- Agree, 7- Strongly agree"
470,swls_v105
470,"Description: If I could live my life over, I would change almost nothing."
470,"Field Options: 1- Strongly disagree, 2- Disagree, 3- Slightly disagree, 4- Neither"
470,"agree not disagree, 5- Slightly agree, 6- Agree, 7- Strongly agree"
470,visit
470,Description: Visit number; where visit = 1 indicates baseline visit and visit = 2 indicates
470,"the first follow-up visit two years after baseline visit.; 1 = Baseline, 2–n = Follow-up visits"
470,corresponding to Year 2 through Year n
470,Sleep_Survey_Raw_Data
470,↑
470,Fields: 47
471,hml_id
471,Description: HML ID
471,mindcrowd_id
471,Description: MindCrowd ID
471,sleep_timestamp
471,Description: Sleep Date timestamp
471,sleep_v101
471,Description: Do you consider yourself to be a morning person?
471,"Field Options: 0- No, 1- Yes"
471,sleep_v1010
471,"Description: Some people stay awake for some time after they go to bed(reading,"
471,"watching TV, etc). I actually get ready to fall asleep at ___ on free days"
471,sleep_v1011
471,Description: On work days I typically need ___ minutes to fall asleep
471,sleep_v1012
471,Description: On free days I typically need ___ minutes to fall asleep
471,sleep_v1013
471,Description: On work days I wake up at _____
472,sleep_v1014
472,Description: On free days I wake up at _____
472,sleep_v1015
472,"Description: After ___ minutes, I get up on work days"
472,sleep_v1016
472,"Description: After ___ minutes, I get up on free days"
472,sleep_v1017
472,Description: I use an alarm on work days
472,"Field Options: 0- No, 1- Yes"
472,sleep_v1018
472,Description: Do you regularly wake up BEFORE the alarm rings on work days?
472,"Field Options: 0- No, 1- Yes"
472,sleep_v1019
472,Description: I use an alarm clock on free days
472,"Field Options: 0- No, 1- Yes"
472,sleep_v102
472,Description: Do you suffer from insomnia (an inability to fall asleep or to stay asleep as
472,long as desired)?
472,"Field Options: 0- No, 1- Yes"
473,sleep_v1020
473,Description: Are there particular reasons why you cannot freely choose your wake-up
473,times on free days?
473,"Field Options: 0- No, 1- Yes"
473,sleep_v1021_1
473,Description: Please check the reasons why you cannot freely choose your wake-up times
473,on Free Days: Children/Pets
473,"Branching Logic: sleep_v1020 = ""Yes"""
473,"Field Options: 0- No, 1- Yes"
473,sleep_v1021_2
473,Description: Please check the reasons why you cannot freely choose your wake-up times
473,on Free Days: Hobbies
473,"Branching Logic: sleep_v1020 = ""Yes"""
473,"Field Options: 0- No, 1- Yes"
473,sleep_v1021_555
473,Description: Please check the reasons why you cannot freely choose your wake-up times
473,on Free Days: Other (please specify)
473,"Branching Logic: sleep_v1020 = ""Yes"""
473,"Field Options: 0- No, 1- Yes"
473,sleep_v1021_oth
473,Description: Please check the reasons why you cannot freely choose your wake-up times
473,on Free Days: Other reason
473,"Branching Logic: sleep_v1021_555 = ""Yes"""
473,"Field Options: 0- No, 1- Yes"
474,sleep_v1022
474,"Description: On average, how many hours did you sleep each night during the past 4"
474,weeks?
474,sleep_v1023
474,Description: How often during the past 4 weeks did you … feel that your sleep was not
474,"quiet (restless, feeling tense,speaking, etc... while sleeping)?"
474,"Field Options: 1- All of the time, 2- Most of the time, 3- A good bit of the time, 4-"
474,"Some of the time, 5- A little of the time, 6- None of the time"
474,sleep_v1024
474,Description: How often during the past 4 weeks did you … get enough sleep to feel
474,rested upon waking in the morning?
474,"Field Options: 1- All of the time, 2- Most of the time, 3- A good bit of the time, 4-"
474,"Some of the time, 5- A little of the time, 6- None of the time"
474,sleep_v1025
474,Description: How often during the past 4 weeks did you … awaken short of breath or with
474,a headache?
474,"Field Options: 1- All of the time, 2- Most of the time, 3- A good bit of the time, 4-"
474,"Some of the time, 5- A little of the time, 6- None of the time"
474,sleep_v1026
474,Description: How often during the past 4 weeks did you … have trouble falling asleep?
474,"Field Options: 1- All of the time, 2- Most of the time, 3- A good bit of the time, 4-"
474,"Some of the time, 5- A little of the time, 6- None of the time"
475,sleep_v1027
475,Description: How often during the past 4 weeks did you … awaken during your sleep time
475,and have trouble falling asleep again?
475,"Field Options: 1- All of the time, 2- Most of the time, 3- A good bit of the time, 4-"
475,"Some of the time, 5- A little of the time, 6- None of the time"
475,sleep_v1028
475,Description: How often during the past 4 weeks did you … have trouble staying awake
475,during the day?
475,"Field Options: 1- All of the time, 2- Most of the time, 3- A good bit of the time, 4-"
475,"Some of the time, 5- A little of the time, 6- None of the time"
475,sleep_v1029
475,Description: How often during the past 4 weeks did you … snore during your sleep?
475,"Field Options: 1- All of the time, 2- Most of the time, 3- A good bit of the time, 4-"
475,"Some of the time, 5- A little of the time, 6- None of the time"
475,sleep_v103
475,"Description: Do you have any other types of sleep disorders? (examples: sleep walking,"
475,"sleep apnea, etc.)"
475,"Field Options: 0- No, 1- Yes"
475,sleep_v1030
475,Description: How often during the past 4 weeks did you … take naps (5 minutes or
475,longer) during the day?
475,"Field Options: 1- All of the time, 2- Most of the time, 3- A good bit of the time, 4-"
475,"Some of the time, 5- A little of the time, 6- None of the time"
476,sleep_v1031
476,Description: How often during the past 4 weeks did you … get the amount of sleep you
476,needed?
476,"Field Options: 1- All of the time, 2- Most of the time, 3- A good bit of the time, 4-"
476,"Some of the time, 5- A little of the time, 6- None of the time"
476,sleep_v1032
476,Description: How often during the past 4 weeks did you … feel drowsy or sleepy during
476,the day?
476,"Field Options: 1- All of the time, 2- Most of the time, 3- A good bit of the time, 4-"
476,"Some of the time, 5- A little of the time, 6- None of the time"
476,sleep_v1033
476,Description: Please check the reasons why you cannot freely choose your wake-up times
476,on Free Days. Other (please specify)
476,sleep_v1033_oth
476,Description: Please check the reasons why you cannot freely choose your wake-up times
476,on Free Days. Other reason
476,sleep_v104_1
476,Description: What types of sleep disorders do you have? Sleep apnea
476,"Branching Logic: sleep_v103 = ""Yes"""
476,"Field Options: 0- No, 1- Yes"
476,sleep_v104_2
476,Description: What types of sleep disorders do you have? Restless leg syndrome
476,"Branching Logic: sleep_v103 = ""Yes"""
476,"Field Options: 0- No, 1- Yes"
477,sleep_v104_3
477,Description: What types of sleep disorders do you have? Narcolepsy
477,"Branching Logic: sleep_v103 = ""Yes"""
477,"Field Options: 0- No, 1- Yes"
477,sleep_v104_4
477,Description: What types of sleep disorders do you have? REM Sleep behavior disorder
477,"Branching Logic: sleep_v103 = ""Yes"""
477,"Field Options: 0- No, 1- Yes"
477,sleep_v104_5
477,Description: What types of sleep disorders do you have? Parasomnias
477,"Branching Logic: sleep_v103 = ""Yes"""
477,"Field Options: 0- No, 1- Yes"
477,sleep_v104_555
477,Description: What types of sleep disorders do you have? Other (please specify):
477,{sleep_v105}
477,"Branching Logic: sleep_v103 = ""Yes"""
477,"Field Options: 0- No, 1- Yes"
477,sleep_v104_6
477,Description: What types of sleep disorders do you have? Slow wave sleep disorders
477,"(bedwetting, night terrors, sleep walking, sleep eating)"
477,"Branching Logic: sleep_v103 = ""Yes"""
477,"Field Options: 0- No, 1- Yes"
478,sleep_v105
478,Description: What types of sleep disorders do you have? Other (please specify)
478,"Branching Logic: sleep_v104_555 = ""Yes"""
478,sleep_v106
478,"Description: How many days do you work each week? This includes being a freelancer,"
478,"homemaker, stay-at-home parent or student."
478,sleep_v107
478,Description: On work days I go to bed at _____
478,sleep_v108
478,Description: On free days I go to bed at _____
478,sleep_v109
478,"Description: Some people stay awake for some time after they go to bed (reading,"
478,"watching TV, etc). I actually get ready to fall asleep at ____ on work days"
478,visit
478,Description: Visit number; where visit = 1 indicates baseline visit and visit = 2 indicates
478,"the first follow-up visit two years after baseline visit.; 1 = Baseline, 2–n = Follow-up visits"
478,corresponding to Year 2 through Year n
478,Social_Stressor_Raw_Data
478,↑
478,Fields: 28
478,hml_id
478,Description: HML ID
479,mindcrowd_id
479,Description: MindCrowd ID
479,socstress_timestamp
479,Description: Social Stressor Date timestamp
479,socstress_v101
479,Description: Did your spouse or partner die?
479,"Field Options: 0- No, 1- Yes"
479,socstress_v1010
479,"Description: Were you physically abused by being hit, slapped, pushed, shoved, punched"
479,or threatened with a weapon by a family member or close friend?
479,"Field Options: 0- No, 1- Yes"
479,socstress_v1010_yes
479,"Description: If yes, how stressful was this event for you?"
479,"Branching Logic: socstress_v1010 = ""Yes"""
479,"Field Options: 1- Mildly stressful, 2- Stressful, 3- Very stressful"
479,socstress_v1011
479,"Description: Were you verbally abused by being made fun of, severely criticized, told you"
479,"were a stupid or worthless person, orthreatened with harm to yourself, your possessions,"
479,"or your pets, by a family member or close friend?"
479,"Field Options: 0- No, 1- Yes"
480,socstress_v1011_yes
480,"Description: If yes, how stressful was this event for you?"
480,"Branching Logic: socstress_v1011 = ""Yes"""
480,"Field Options: 1- Mildly stressful, 2- Stressful, 3- Very stressful"
480,socstress_v1012
480,Description: Did a pet die?
480,"Field Options: 0- No, 1- Yes"
480,socstress_v1012_yes
480,"Description: If yes, how stressful was this event for you?"
480,"Branching Logic: socstress_v1012 = ""Yes"""
480,"Field Options: 1- Mildly stressful, 2- Stressful, 3- Very stressful"
480,socstress_v101_yes
480,"Description: If yes, how stressful was this event for you?"
480,socstress_v102
480,Description: Did your spouse or partner have a serious illness?
480,"Field Options: 0- No, 1- Yes"
480,socstress_v102_yes
480,"Description: If yes, how stressful was this event for you?"
480,"Branching Logic: socstress_v102 = ""Yes"""
480,"Field Options: 1- Mildly stressful, 2- Stressful, 3- Very stressful"
481,socstress_v103
481,Description: Did a close friend or family member die or have a serious illness (other than
481,your spouse or partner)?
481,"Field Options: 0- No, 1- Yes"
481,socstress_v103_yes
481,"Description: If yes, how stressful was this event for you?"
481,"Branching Logic: socstress_v103 = ""Yes"""
481,"Field Options: 1- Mildly stressful, 2- Stressful, 3- Very stressful"
481,socstress_v104
481,Description: Did you have any major problems with money?
481,"Field Options: 0- No, 1- Yes"
481,socstress_v104_yes
481,"Description: If yes, how stressful was this event for you?"
481,"Branching Logic: socstress_v104 = ""Yes"""
481,"Field Options: 1- Mildly stressful, 2- Stressful, 3- Very stressful"
481,socstress_v105
481,Description: Did you have a divorce or break-up with a spouse or partner?
481,"Field Options: 0- No, 1- Yes"
481,socstress_v105_yes
481,"Description: If yes, how stressful was this event for you?"
481,"Branching Logic: socstress_v105 = ""Yes"""
481,"Field Options: 1- Mildly stressful, 2- Stressful, 3- Very stressful"
482,socstress_v106
482,Description: Did a family member or close friend have a divorce or break-up?
482,"Field Options: 0- No, 1- Yes"
482,socstress_v106_yes
482,"Description: If yes, how stressful was this event for you?"
482,"Branching Logic: socstress_v106 = ""Yes"""
482,"Field Options: 1- Mildly stressful, 2- Stressful, 3- Very stressful"
482,socstress_v107
482,Description: Did you have a major confl ict with children or grandchildren?
482,"Field Options: 0- No, 1- Yes"
482,socstress_v107_yes
482,"Description: If yes, how stressful was this event for you?"
482,"Branching Logic: socstress_v107 = ""Yes"""
482,"Field Options: 1- Mildly stressful, 2- Stressful, 3- Very stressful"
482,socstress_v108
482,"Description: Did you have any major accidents, disasters, mugging, unwanted sexual"
482,"experiences, robberies or similar events?"
482,"Field Options: 0- No, 1- Yes"
482,socstress_v108_yes
482,"Description: If yes, how stressful was this event for you?"
482,"Branching Logic: socstress_v108 = ""Yes"""
482,"Field Options: 1- Mildly stressful, 2- Stressful, 3- Very stressful"
483,socstress_v109
483,Description: Did you or a family member or close friend lose their job or retire?
483,"Field Options: 0- No, 1- Yes"
483,socstress_v109_yes
483,"Description: If yes, how stressful was this event for you?"
483,"Branching Logic: socstress_v109 = ""Yes"""
483,"Field Options: 1- Mildly stressful, 2- Stressful, 3- Very stressful"
483,visit
483,Description: Visit number; where visit = 1 indicates baseline visit and visit = 2 indicates
483,"the first follow-up visit two years after baseline visit.; 1 = Baseline, 2–n = Follow-up visits"
483,corresponding to Year 2 through Year n
483,Social_Support_Raw_Data
483,↑
483,Fields: 19
483,hml_id
483,Description: HML ID
483,mindcrowd_id
483,Description: MindCrowd ID
483,socsupp_timestamp
483,Description: Social Support Date timestamp
484,socsupp_v101
484,Description: How often do you feel you lack companionship?
484,"Field Options: 1- Hardly ever, 2- Some of the time, 3- Often"
484,socsupp_v1010
484,Description: I can count on my friend when things go wrong.
484,"Field Options: 1- Very strongly disagree, 2- Strongly disagree, 3- Mildly disagree, 4-"
484,"Neutral, 5- Mildly agree, 6- Strongly agree, 7- Very strongly agree"
484,socsupp_v1011
484,Description: I can talk about my problems with my family.
484,"Field Options: 1- Very strongly disagree, 2- Strongly disagree, 3- Mildly disagree, 4-"
484,"Neutral, 5- Mildly agree, 6- Strongly agree, 7- Very strongly agree"
484,socsupp_v1012
484,Description: I have friends with whom I can share my joys and sorrows.
484,"Field Options: 1- Very strongly disagree, 2- Strongly disagree, 3- Mildly disagree, 4-"
484,"Neutral, 5- Mildly agree, 6- Strongly agree, 7- Very strongly agree"
484,socsupp_v1013
484,Description: There is a special person in my life who cares about my feelings.
484,"Field Options: 1- Very strongly disagree, 2- Strongly disagree, 3- Mildly disagree, 4-"
484,"Neutral, 5- Mildly agree, 6- Strongly agree, 7- Very strongly agree"
484,socsupp_v1014
484,Description: My family is willing to help me make decisions.
484,"Field Options: 1- Very strongly disagree, 2- Strongly disagree, 3- Mildly disagree, 4-"
484,"Neutral, 5- Mildly agree, 6- Strongly agree, 7- Very strongly agree"
485,socsupp_v1015
485,Description: I can talk about my problems with my friends.
485,"Field Options: 1- Very strongly disagree, 2- Strongly disagree, 3- Mildly disagree, 4-"
485,"Neutral, 5- Mildly agree, 6- Strongly agree, 7- Very strongly agree"
485,socsupp_v102
485,Description: How often do you feel left out?
485,"Field Options: 1- Hardly ever, 2- Some of the time, 3- Often"
485,socsupp_v103
485,Description: How often do you feel isolated from others?
485,"Field Options: 1- Hardly ever, 2- Some of the time, 3- Often"
485,socsupp_v104
485,Description: There is a special person who is around when I need them.
485,"Field Options: 1- Very strongly disagree, 2- Strongly disagree, 3- Mildly disagree, 4-"
485,"Neutral, 5- Mildly agree, 6- Strongly agree, 7- Very strongly agree"
485,socsupp_v105
485,Description: There is a special person with whom I can share my joys and sorrows.
485,"Field Options: 1- Very strongly disagree, 2- Strongly disagree, 3- Mildly disagree, 4-"
485,"Neutral, 5- Mildly agree, 6- Strongly agree, 7- Very strongly agree"
485,socsupp_v106
485,Description: My family really tries to help me.
485,"Field Options: 1- Very strongly disagree, 2- Strongly disagree, 3- Mildly disagree, 4-"
485,"Neutral, 5- Mildly agree, 6- Strongly agree, 7- Very strongly agree"
486,socsupp_v107
486,Description: I get the emotional help and support I need from my family.
486,"Field Options: 1- Very strongly disagree, 2- Strongly disagree, 3- Mildly disagree, 4-"
486,"Neutral, 5- Mildly agree, 6- Strongly agree, 7- Very strongly agree"
486,socsupp_v108
486,Description: I have a special person who is a real source of comfort to me.
486,"Field Options: 1- Very strongly disagree, 2- Strongly disagree, 3- Mildly disagree, 4-"
486,"Neutral, 5- Mildly agree, 6- Strongly agree, 7- Very strongly agree"
486,socsupp_v109
486,Description: My friends really try to help me.
486,"Field Options: 1- Very strongly disagree, 2- Strongly disagree, 3- Mildly disagree, 4-"
486,"Neutral, 5- Mildly agree, 6- Strongly agree, 7- Very strongly agree"
486,visit
486,Description: Visit number; where visit = 1 indicates baseline visit and visit = 2 indicates
486,"the first follow-up visit two years after baseline visit.; 1 = Baseline, 2–n = Follow-up visits"
486,corresponding to Year 2 through Year n
486,Socioeconomic_Survey
486,↑
486,Fields: 16
486,hml_id
486,Description: HML ID
486,mindcrowd_id
486,Description: MindCrowd ID
487,ses_timestamp
487,Description: SES Date timestamp
487,ses_v101
487,Description: Think of the following (this ladder) as representing where people stand in
487,their communities. People define community in different ways; please define it in whatever
487,way is most meaningful to you. At the top of the ladder are the people who have the higest
487,standing in their community. At the bottom are the people who have the lowest standing in
487,"their community. Where would you place yourself on this ladder? Please place a large ""X"""
487,"on the rung where you think you stand at this time in your life, relative to other people in"
487,your community.
487,ses_v1010
487,"Description: How many bedrooms (including guest bedrooms, bedrooms used as offices"
487,etc…) are in the house or apartment which is your PRIMARY residence?
487,"Field Options: 0- No, 1- Yes"
487,ses_v1011
487,"Description: Do you own a working motor vehicle (car, truck, van, SUV) now?"
487,"Field Options: 0- No, 1- Yes"
487,ses_v1012
487,"Description: If yes to owning a working motor vehicle, how many do you own?"
487,"Branching Logic: ses_v1011 = ""Yes"""
487,ses_v1013
487,"Description: During the last year, did you take an out-of-town vacation?"
487,"Field Options: 0- No, 1- Yes"
488,ses_v102
488,Description: Think of the following score (this ladder) as representing wherepeople stand
488,in the United States. At the top of the ladder arethe people who are the best off - those
488,"who have the mostmoney, the most education and the most respected jobs. At thebottom"
488,"are the people who are the worst off - who have theleast money, least education, and the"
488,"least respected jobs or no job. The higher up you are on this ladder, the closer you are"
488,"tothe people at the very top; the lower you are, the closer you areto the people aat the very"
488,"bottom.Where would you placeyourself on this ladder? Please pace a lare ""X"" on the rung"
488,"whereyou think you stand at this time in your life, relative to otherpeople in the United"
488,States.
488,ses_v103
488,Description: Which of the following best describes the highest level of education you have
488,completed?
488,"Field Options: 1- Didn't finish high school, 2- Didn't finish high school, but completed"
488,"a technical/vocational program, 3- High school graduate or GED, 4-"
488,"Complted high school and a technical/vocational program, 5- Less"
488,"than 2 years of college, 6- 2 years of college or more/including"
488,"associate degree or equivalent, 7- College graduate (4 or 5-year"
488,"program), 8- Master's degree (or other post-graduate training), 9-"
488,"Doctoral degree (PhD, MD, EdD, DVM, DDS, JD, etc.)"
488,ses_v104
488,Description: What is your primary occupation?
488,ses_v105
488,Description: What is your current employment status?
488,"Field Options: 1- Working full time, 2- Working part time, 3- Self-employed, 4- Not"
488,"currently employed, 5- Retired, 6- Homemaker, 7- Disabled"
489,ses_v106
489,Description: What is your current marital status?
489,"Field Options: 1- Single, 2- Married or domestic partnership, 3- Separated or"
489,"divorced, 4- Widowed"
489,ses_v107
489,Description: Which category best describes your yearly household income before taxes?
489,"Include all income received from employment, social security, investments, retirement"
489,"accounts, etc."
489,"Field Options: 1- Less than $5,000, 2- $5,000 - $9,999, 3- $10,000 - $14,999, 4-"
489,"$15,000 - $19,999, 5- $20,000 - $29,999, 6- $30,000 - $39,999, 7-"
489,"$40,000 - $49,999, 8- $50,000 - $59,999, 9- $60-000 - $74,999, 10-"
489,"$75,000 - $99,999, 11- $100,000 - $124,999, 12- $125,000 -"
489,"$149,999, 13- $150,000 -$299,000, 14- Above $300,000"
489,ses_v108
489,Description: Do you own a home (includes currently paying a mortgage)?
489,"Field Options: 0- No, 1- Yes"
489,ses_v109
489,"Description: If yes, how many people (NOT including yourself) live in your home?"
489,Sonora_Quest_Blood_Chemistries
489,↑
489,Fields: 34
489,hml_id
489,Description: HML ID
490,mindcrowd_id
490,Description: MindCrowd ID
490,alanine_aminotransferase
490,Description: Alanine Aminotransferase
490,Unit: IU/L
490,albumin
490,Description: Albumin
490,Unit: g/dL
490,albumin_globulin_ratio
490,Description: Albumin/Globulin Ratio
490,alkaline_phosphatase
490,Description: Alkaline Phosphatase
490,Unit: IU/L
490,anion_gap
490,Description: Anion Gap
490,Unit: mEq/L
490,aspartate_aminotransferase
490,Description: Aspartate Aminotransferase
490,Unit: IU/L
491,bilirubin_total
491,"Description: Bilirubin, Total"
491,Unit: mg/dL
491,bun_creatinine_ratio
491,Description: BUN/Creatinine Ratio
491,calcium
491,Description: Calcium
491,Unit: mg/dL
491,carbon_dioxide_co2
491,Description: Carbon Dioxide (CO2)
491,Unit: mmol/L
491,chloride
491,Description: Chloride
491,Unit: mmol/L
491,cholesterol
491,Description: Cholesterol
491,Unit: mg/dL
491,cholesterol_hdl_ratio
491,Description: Cholesterol/HDL Ratio
491,collected_date
491,Description: Date blood was drawn
492,creatinine
492,Description: Creatine
492,Unit: mg/dL
492,crp_high_sensitivity
492,Description: High Sensitivity c-reactive protein
492,egfrcr_ckd_epi
492,Description: eGFRcr CKD-EPI
492,Unit: mL/min/1.73m2
492,estimated_average_glucose_eag
492,Description: Estimated Average Glucose
492,globulin
492,Description: Globulin
492,Unit: g/dL
492,glucose
492,Description: Glucose
492,Unit: mg/dL
492,hdl_cholesterol
492,Description: HDL Cholesterol
492,Unit: mg/dL
493,hemoglobin_a1c
493,Description: HbA1c
493,Unit: %
493,insulin_fasting
493,Description: Fasting Insulin
493,Unit: uIU/mL
493,ldl_cholesterol_calculated
493,"Description: LDL Cholesterol, Calculated"
493,Unit: mg/dL
493,non_hdl_cholesterol
493,Description: Non-HDL Cholesterol
493,Unit: mg/dL
493,potassium
493,Description: Potassium
493,Unit: mmol/L
493,protein_total
493,"Description: Protein, Total"
493,Unit: g/dL
493,sodium
493,Description: Sodium
493,Unit: mmol/L
494,triglycerides
494,Description: Triglycerides
494,Unit: mg/dL
494,urea_nitrogen_bun
494,Description: Urea Nitrogen (BUN)
494,Unit: mg/dL
494,visit
494,Description: Visit number; where visit = 1 indicates baseline visit and visit = 2 indicates
494,"the first follow-up visit two years after baseline visit.; 1 = Baseline, 2–n = Follow-up visits"
494,corresponding to Year 2 through Year n
494,vldl_cholesterol
494,Description: VLDL Cholesterol
494,Unit: mg/dL
494,Subjective_English_Survey
494,↑
494,Fields: 7
494,hml_id
494,Description: HML ID
494,mindcrowd_id
494,Description: MindCrowd ID
495,subeng_timestamp
495,Description: Subjective English Date timestamp
495,subeng_v101
495,Description: Is English your native language?
495,"Field Options: 0- No, 1- Yes"
495,subeng_v102
495,Description: How comfortable are you speaking in English?
495,"Branching Logic: subeng_v101 = ""No"""
495,"Field Options: 1- Not very comfortable, 2- Somewhat comfortable, 3- Very"
495,comfortable
495,subeng_v103
495,Description: How comfortable are you writing in English?
495,"Branching Logic: subeng_v101 = ""No"""
495,"Field Options: 1- Not very comfortable, 2- Somewhat comfortable, 3- Very"
495,comfortable
495,subeng_v104
495,Description: How comfortable are you reading in English?
495,"Branching Logic: subeng_v101 = ""No"""
495,"Field Options: 1- Not very comfortable, 2- Somewhat comfortable, 3- Very"
495,comfortable
495,UEF_Frailty
495,↑
495,Fields: 81
496,hml_id
496,Description: HML ID
496,mindcrowd_id
496,Description: MindCrowd ID
496,DT_AngR_CV
496,Description: Dual Task: Range of flexion-extension angle
496,Unit: deg
496,DT_AngR_Mean
496,Description: Dual Task: Mean of angle range
496,Unit: deg
496,DT_AngR_PD
496,Description: Dual Task: Percentage of decline in range of flexion-extension angle
496,Unit: deg
496,DT_AngR_SD
496,Description: Dual Task: Standard deviation in range of flexion-extension angle
496,Unit: deg
496,DT_AngV_CV
496,Description: Dual Task: Coefficient of Variation in range of angular velocity estimated by
496,difference between maximum and minimum angular velocity peaks
496,Unit: deg/s
497,DT_AngV_Mean
497,Description: Dual Task: Mean of range of angular velocity estimated by difference
497,between maximum and minimum angular velocity peaks
497,Unit: deg/s
497,DT_AngV_PD
497,Description: Dual Task: Percentage of decline in range of angular velocity estimated by
497,difference between maximum and minimum angular velocity peaks
497,Unit: %
497,DT_AngV_SD
497,Description: Dual Task: Standard deviation of range of angular velocity estimated by
497,difference between maximum and minimum angular velocity peaks
497,Unit: deg/s
497,DT_Cost
497,Description: Dual Task: Dual Task cost (Average speed reduction percentage)
497,Unit: %
497,DT_ExT_CV
497,Description: Dual Task: CV of elbow extension time
497,Unit: %
497,DT_ExT_Mean
497,Description: Dual Task: Mean of duration of elbow extension
497,Unit: ms
498,DT_ExT_PD
498,Description: Dual Task: Percentage of decline in duration of elbow extension
498,Unit: %
498,DT_ExT_SD
498,Description: Dual Task: Standard deviation of duration of elbow extension
498,Unit: ms
498,DT_FallT_CV
498,Description: Dual Task: Coefficient of Variation in elapsed time to reach the minimum
498,angular velocity during extension
498,Unit: ms
498,DT_FallT_Mean
498,Description: Dual Task: Mean of elapsed time to reach the minimum angular velocity
498,during extension
498,Unit: ms
498,DT_FallT_PD
498,Description: Dual Task: Percentage of decline in elapsed time to reach the minimum
498,angular velocity during extension
498,Unit: %
498,DT_FallT_SD
498,Description: Dual Task: Standard deviation in elapsed time to reach the minimum angular
498,velocity during extension
498,Unit: ms
499,DT_FEN
499,Description: Dual Task: Number of flexion/extension during 20 seconds test
499,Unit: n
499,DT_FER
499,Description: Dual Task: Number of elbow flexion/extension per minute
499,Unit: #/min
499,DT_FET_CV
499,Description: Dual Task: Coefficient of Variation in elbow flexion and extension times
499,Unit: ms
499,DT_FET_Mean
499,Description: Dual Task: Mean of elbow flexion and extension times
499,Unit: ms
499,DT_FET_PD
499,Description: Dual Task: Percentage of decline in elbow flexion and extension times
499,Unit: %
499,DT_FET_SD
499,Description: Dual Task: Standard deviation in elbow flexion and extension times
499,Unit: ms
499,DT_FI
499,Description: Dual Task: Frailty Index (Equation 6 in the Reference)
499,Unit: no unit
499,Note: https://doi.org/10.1159/000484241
500,DT_FlexT_CV
500,Description: Dual Task: Coefficient of Variation in duration of elbow flexion
500,Unit: ms
500,DT_FlexT_Mean
500,Description: Dual Task: Mean of duration of elbow flexion
500,Unit: ms
500,DT_FlexT_PD
500,Description: Dual Task: Percentage of decline in duration of elbow flexion
500,Unit: %
500,DT_FlexT_SD
500,Description: Dual Task: Standard deviation in duration of elbow flexion
500,Unit: ms
500,DT_PowR_CV
500,Description: Dual Task: Coefficient of Variation in product of the angular velocity range
500,and angular acceleration range
500,Unit: 〖𝑑𝑒𝑔〗^2/𝑠^3
500,DT_PowR_Mean
500,Description: Dual Task: Mean of product of the angular velocity range and angular
500,acceleration range
500,Unit: 〖𝑑𝑒𝑔〗^2/𝑠^3
501,DT_PowR_PD
501,Description: Dual Task: Percentage of decline of power range
501,Unit: %
501,DT_PowR_SD
501,Description: Dual Task: Standard deviation of product of the angular velocity range and
501,angular acceleration range
501,Unit: 〖𝑑𝑒𝑔〗^2/𝑠^3
501,DT_RFT_CV
501,Description: Dual Task: Coefficient of Variation in sum of rising and falling times
501,Unit: ms
501,DT_RFT_Mean
501,Description: Dual Task: Mean of rising and falling times
501,Unit: ms
501,DT_RFT_PD
501,Description: Dual Task: Percentage of decline in sum of rising and falling times
501,Unit: %
501,DT_RFT_SD
501,Description: Dual Task: Rise and Fall Time Standard Deviation
501,Unit: ms
501,DT_RiseT_CV
501,Description: Dual Task: Coefficient of Variation in elapsed time to reach the maximum
501,angular velocity during flexion
501,Unit: ms
502,DT_RiseT_Mean
502,Description: Dual Task: Mean in elapsed time to reach the maximum angular velocity
502,during flexion
502,Unit: ms
502,DT_RiseT_PD
502,Description: Dual Task: Percent of elapsed time to reach the maximum angular velocity
502,during flexion
502,Unit: %
502,DT_RiseT_SD
502,Description: Dual Task: Standard Deviation in elapsed time to reach the maximum
502,angular velocity during flexion
502,Unit: ms
502,ST_AngR_CV
502,Description: Single Task: Range of flexion-extension angle
502,Unit: deg
502,ST_AngR_Mean
502,Description: Single Task: Mean of angle range
502,Unit: deg
502,ST_AngR_PD
502,Description: Single Task: Percentage of decline in range of flexion-extension angle
502,Unit: deg
503,ST_AngR_SD
503,Description: Single Task: Standard deviation in range of flexion-extension angle
503,Unit: deg
503,ST_AngV_CV
503,Description: Single Task: Coefficient of Variation in range of angular velocity estimated by
503,difference between maximum and minimum angular velocity peaks
503,Unit: deg/s
503,ST_AngV_Mean
503,Description: Single Task: Mean of range of angular velocity estimated by difference
503,between maximum and minimum angular velocity peaks
503,Unit: deg/s
503,ST_AngV_PD
503,Description: Single Task: Percentage of decline in range of angular velocity estimated by
503,difference between maximum and minimum angular velocity peaks
503,Unit: %
503,ST_AngV_SD
503,Description: Single Task: Standard deviation of range of angular velocity estimated by
503,difference between maximum and minimum angular velocity peaks
503,Unit: deg/s
503,ST_ExT_CV
503,Description: Single Task: CV of elbow extension time
503,Unit: %
504,ST_ExT_Mean
504,Description: Single Task: Mean of duration of elbow extension
504,Unit: ms
504,ST_ExT_PD
504,Description: Single Task: Percentage of decline in duration of elbow extension
504,Unit: %
504,ST_ExT_SD
504,Description: Single Task: Standard deviation of duration of elbow extension
504,Unit: ms
504,ST_FallT_CV
504,Description: Single Task: Coefficient of Variation in elapsed time to reach the minimum
504,angular velocity during extension
504,Unit: ms
504,ST_FallT_Mean
504,Description: Single Task: Mean of elapsed time to reach the minimum angular velocity
504,during extension
504,Unit: ms
504,ST_FallT_PD
504,Description: Single Task: Percentage of decline in elapsed time to reach the minimum
504,angular velocity during extension
504,Unit: %
505,ST_FallT_SD
505,Description: Single Task: Standard deviation in elapsed time to reach the minimum
505,angular velocity during extension
505,Unit: ms
505,ST_FEN
505,Description: Single Task: Number of flexion/extension during 20 seconds test
505,Unit: n
505,ST_FER
505,Description: Single Task: Number of elbow flexion/extension per minute
505,Unit: #/min
505,ST_FET_CV
505,Description: Single Task: Coefficient of Variation in elbow flexion and extension times
505,Unit: ms
505,ST_FET_Mean
505,Description: Single Task: Mean of elbow flexion and extension times
505,Unit: ms
505,ST_FET_PD
505,Description: Single Task: Percentage of decline in elbow flexion and extension times
505,Unit: %
505,ST_FET_SD
505,Description: Single Task: Standard deviation in elbow flexion and extension times
505,Unit: ms
506,ST_FI
506,Description: Single Task: Frailty Index (Equation 6 in the Reference)
506,Unit: no unit
506,Note: https://doi.org/10.1159/000484241
506,ST_FlexT_CV
506,Description: Single Task: Coefficient of Variation in duration of elbow flexion
506,Unit: ms
506,ST_FlexT_Mean
506,Description: Single Task: Mean of duration of elbow flexion
506,Unit: ms
506,ST_FlexT_PD
506,Description: Single Task: Percentage of decline in duration of elbow flexion
506,Unit: %
506,ST_FlexT_SD
506,Description: Single Task: Standard deviation in duration of elbow flexion
506,Unit: ms
506,ST_PowR_CV
506,Description: Single Task: Coefficient of Variation in product of the angular velocity range
506,and angular acceleration range
506,Unit: 〖𝑑𝑒𝑔〗^2/𝑠^3
507,ST_PowR_Mean
507,Description: Single Task: Mean of product of the angular velocity range and angular
507,acceleration range
507,Unit: 〖𝑑𝑒𝑔〗^2/𝑠^3
507,ST_PowR_PD
507,Description: Single Task: Percentage of decline of power range
507,Unit: %
507,ST_PowR_SD
507,Description: Single Task: Standard deviation of product of the angular velocity range and
507,angular acceleration range
507,Unit: 〖𝑑𝑒𝑔〗^2/𝑠^3
507,ST_RFT_CV
507,Description: Single Task: Coefficient of variation in sum of rising and falling times
507,Unit: ms
507,ST_RFT_Mean
507,Description: Single Task: Mean of rising and falling times
507,Unit: ms
507,ST_RFT_PD
507,Description: Single Task: Percentage of decline in sum of rising and falling times
507,Unit: %
508,ST_RFT_SD
508,Description: Single Task: Standard deviation of rising and falling times
508,Unit: ms
508,ST_RiseT_CV
508,Description: Single Task: Coefficient of Variation in elapsed time to reach the maximum
508,angular velocity during flexion
508,Unit: ms
508,ST_RiseT_Mean
508,Description: Single Task: Mean in elapsed time to reach the maximum angular velocity
508,during flexion
508,Unit: ms
508,ST_RiseT_PD
508,Description: Single Task: Percent in elapsed time to reach the maximum angular velocity
508,during flexion
508,Unit: %
508,ST_RiseT_SD
508,Description: Single Task: Standard Deviation in elapsed time to reach the maximum
508,angular velocity during flexion
508,Unit: ms
508,White_Matter_Hyperintensities
508,↑
508,Fields: 18
509,hml_id
509,Description: HMLID
509,session_id
509,Description: BIDS Session ID
509,site
509,Description: PAN Site
509,wmh_num_all
509,Description: Number of WMHs - All Regions
509,wmh_num_infratentorial
509,Description: Number of WMHs - Infratentorial
509,wmh_num_juxtacortical
509,Description: Number of WMHs - Juxtacortical
509,wmh_num_periventricular
509,Description: Number of WMHs - Periventricular
509,wmh_num_subcortical
509,Description: Number of WMHs - Subcortical
509,wmh_num_vox_all
509,Description: Number of WMH Voxels - All Regions
510,wmh_num_vox_infratentorial
510,Description: Number of WMH Voxels - Infratentorial
510,wmh_num_vox_juxtacortical
510,Description: Number of WMH Voxels - Juxtacortical
510,wmh_num_vox_periventricular
510,Description: Number of WMH Voxels - Periventricular
510,wmh_num_vox_subcortical
510,Description: Number of WMH Voxels - Subcortical
510,wmh_volume_all
510,Description: WMH Volume - All Regions
510,Unit: mm^3
510,wmh_volume_infratentorial
510,Description: WMH Volume - Infratentorial
510,Unit: mm^3
510,wmh_volume_juxtacortical
510,Description: WMH Volume - Juxtacortical
510,Unit: mm^3
510,wmh_volume_periventricular
510,Description: WMH Volume - Periventricular
510,Unit: mm^3
511,wmh_volume_subcortical
511,Description: WMH Volume - Subcortical
511,Unit: mm^3
